Shipment_ID,Origin,Destination,Transport_Mode,Cargo_Type,Weight_KG,Volume_CBM,Distance_KM,Container_Type,Fuel_Price,Season,Carrier,Transit_Days,Actual_Freight_Price_INR
SHP00001B,Bengaluru,Los Angeles,Sea,Textiles,6940.0,1.0,3137.0,LCL,102.31,Off_Peak,Carrier_C,5.0,53590.0
SHP00002B,Bengaluru,Dubai,Road,Furniture,6730.0,2.0,929.0,40FT_HC,99.11,Normal,Carrier_E,15.0,94499.0
SHP00003M,Mumbai,Hamburg,Air,Pharmaceuticals,2170.0,3.0,8699.0,AIR_CARGO,83.66,Normal,Carrier_B,17.0,209743.0
SHP00004K,Kolkata,London,Sea,Furniture,8016.0,4.0,1444.0,40FT,110.36,Peak,Carrier_D,16.0,106793.0
SHP00005C,Chennai,Singapore,Sea,Furniture,8398.0,5.0,3295.0,LCL,93.43,Normal,Carrier_C,12.0,52618.0
SHP00006C,Chennai,Colombo,Sea,Textiles,3440.0,6.0,972.0,AIR_CARGO,80.08,Normal,Carrier_A,4.0,26526.0
SHP00007K,Kolkata,New York,Sea,Chemicals,4462.0,7.0,3404.0,20FT,83.52,Normal,Carrier_D,10.0,45089.0
SHP00008H,Hyderabad,Rotterdam,Sea,Machinery,3407.0,8.0,11816.0,40FT_HC,96.59,Normal,Carrier_B,22.0,148842.0
SHP00009M,Mumbai,Singapore,Sea,Textiles,3191.0,9.0,2621.0,LCL,88.54,Peak,Carrier_A,4.0,43499.0
SHP00010M,Mumbai,Dubai,Air,General Merchandise,5840.0,10.0,1426.0,40FT,109.05,Peak,Carrier_B,12.0,263674.0
SHP00011M,Mumbai,Colombo,Sea,Textiles,1870.0,11.0,7841.0,20FT,94.79,Normal,Carrier_C,13.0,69156.0
SHP00012C,Chennai,New York,Road,General Merchandise,2619.0,0.5,10614.0,40FT_HC,111.61,Peak,Carrier_D,20.0,194421.0
SHP00013B,Bengaluru,Dubai,Air,Furniture,1640.0,13.0,9243.0,LCL,79.07,Normal,Carrier_E,19.0,190168.0
SHP00014A,Mumbai,Rotterdam,Sea,Pharmaceuticals,10953.0,14.0,1455.0,AIR_CARGO,101.74,Normal,Carrier_C,22.0,97429.0
SHP00015H,Hyderabad,Jebel Ali,Sea,Textiles,2187.0,15.0,7450.0,40FT_HC,110.43,Normal,Carrier_C,16.0,89983.0
SHP00016P,Pune,Hamburg,Sea,General Merchandise,1687.0,16.0,10451.0,LCL,86.72,Normal,Carrier_E,22.0,71311.0
SHP00017M,Mumbai,Jebel Ali,Sea,Textiles,2582.0,17.0,3534.0,40FT_HC,80.43,Off_Peak,Carrier_E,6.0,40924.0
SHP00018C,Chennai,New York,Sea,Pharmaceuticals,1875.0,18.0,5451.0,LCL,93.27,Normal,Carrier_A,10.0,55572.0
SHP00019C,Chennai,Jebel Ali,Sea,Furniture,1602.0,19.0,10203.0,AIR_CARGO,113.45,Off_Peak,Carrier_B,16.0,101043.0
SHP00020P,Pune,New York,Sea,Textiles,4244.0,20.0,1368.0,40FT_HC,100.34,Normal,Carrier_C,9.0,63347.0
SHP00021B,Bengaluru,London,Sea,Automotive Parts,2510.0,21.0,10519.0,LCL,100.76,Normal,Carrier_A,23.0,94027.0
SHP00022P,Pune,London,Sea,General Merchandise,4453.0,22.0,4676.0,20FT,101.86,Normal,Carrier_A,13.0,70988.0
SHP00023K,Kolkata,Shanghai,Sea,Pharmaceuticals,3817.0,23.0,4679.0,40FT,76.59,Normal,Carrier_C,11.0,41699.0
SHP00024K,Kolkata,Shanghai,Sea,General Merchandise,4054.0,24.0,927.0,LCL,92.83,Normal,Carrier_B,12.0,46521.0
SHP00025A,Mumbai,Jebel Ali,Sea,General Merchandise,4372.0,25.0,6790.0,LCL,78.1,Normal,Carrier_E,15.0,55319.0
SHP00026P,Pune,Los Angeles,Sea,Electronics,3799.0,26.0,1984.0,LCL,87.63,Normal,Carrier_C,6.0,110454.0
SHP00027A,Mumbai,Jebel Ali,Sea,Pharmaceuticals,4451.0,27.0,921.0,40FT_HC,107.86,Normal,Carrier_B,2.0,60819.0
SHP00028M,Mumbai,Jebel Ali,Sea,Textiles,5056.0,28.0,10820.0,40FT,101.25,Peak,Carrier_E,17.0,123405.0
SHP00029A,Mumbai,Los Angeles,Sea,General Merchandise,1558.0,29.0,11183.0,40FT_HC,114.82,Normal,Carrier_D,25.0,129552.0
SHP00030M,Mumbai,Hamburg,Sea,Chemicals,2057.0,30.0,1376.0,LCL,81.89,Normal,Carrier_C,4.0,31099.0
SHP00031H,Hyderabad,Colombo,Sea,Electronics,8005.0,31.0,6822.0,LCL,90.88,Normal,Carrier_C,17.0,71096.0
SHP00032A,Mumbai,Los Angeles,Sea,Automotive Parts,7702.0,32.0,6706.0,40FT,107.39,Peak,Carrier_B,12.0,105306.0
SHP00033B,Bengaluru,New York,Sea,General Merchandise,2379.0,33.0,4783.0,20FT,83.63,Normal,Carrier_A,16.0,44472.0
SHP00034M,Mumbai,Colombo,Road,Furniture,3700.0,34.0,7042.0,40FT_HC,81.15,Off_Peak,Carrier_A,14.0,71088.0
SHP00035B,Bengaluru,Rotterdam,Sea,General Merchandise,3916.0,35.0,5768.0,20FT,92.1,Peak,Carrier_B,11.0,94757.0
SHP00036C,Chennai,Hamburg,Air,Electronics,7836.0,36.0,6131.0,LCL,90.35,Off_Peak,Carrier_C,13.0,230126.0
SHP00037M,Mumbai,Rotterdam,Sea,Textiles,3129.0,37.0,9186.0,LCL,114.21,Normal,Carrier_C,19.0,98791.0
SHP00038C,Chennai,Shanghai,Sea,Chemicals,6549.0,38.0,1137.0,AIR_CARGO,93.25,Off_Peak,Carrier_C,14.0,50303.0
SHP00039D,Delhi,Singapore,Air,Furniture,1835.0,39.0,4222.0,AIR_CARGO,109.44,Normal,Carrier_D,9.0,199789.0
SHP00040B,Bengaluru,London,Sea,Automotive Parts,19165.0,40.0,7187.0,20FT,110.52,Off_Peak,Carrier_A,11.0,112151.0
SHP00041D,Delhi,Rotterdam,Sea,Furniture,7869.0,41.0,1103.0,AIR_CARGO,81.31,Normal,Carrier_D,15.0,53011.0
SHP00042M,Mumbai,Dubai,Sea,General Merchandise,2583.0,42.0,8117.0,40FT,103.61,Peak,Carrier_C,19.0,91262.0
SHP00043C,Chennai,Jebel Ali,Sea,Textiles,11247.0,43.0,7611.0,20FT,86.1,Peak,Carrier_A,14.0,82814.0
SHP00044M,Mumbai,New York,Road,Pharmaceuticals,8143.0,44.0,1487.0,AIR_CARGO,78.79,Normal,Carrier_C,13.0,73089.0
SHP00045D,Delhi,Rotterdam,Sea,Chemicals,4066.0,45.0,5000.0,AIR_CARGO,109.99,Peak,Carrier_C,7.0,65855.0
SHP00046P,Pune,Rotterdam,Sea,Pharmaceuticals,5631.0,46.0,5000.0,40FT,86.7,Normal,Carrier_B,12.0,146740.0
SHP00047P,Pune,Singapore,Sea,Chemicals,8190.0,47.0,1492.0,40FT,88.81,Off_Peak,Carrier_A,15.0,60695.0
SHP00048M,Mumbai,Shanghai,Sea,Automotive Parts,9175.0,48.0,795.0,20FT,87.96,Normal,Carrier_C,18.0,64567.0
SHP00049H,Hyderabad,Jebel Ali,Sea,Machinery,4906.0,49.0,5493.0,40FT_HC,83.01,Normal,Carrier_E,10.0,53740.0
SHP00050K,Kolkata,Jebel Ali,Sea,Chemicals,2976.0,50.0,4701.0,40FT,92.38,Normal,Carrier_E,13.0,61529.0
SHP00051D,Delhi,Singapore,Road,Machinery,8733.0,51.0,625.0,AIR_CARGO,92.13,Normal,Carrier_C,19.0,88876.0
SHP00052M,Mumbai,Los Angeles,Sea,Pharmaceuticals,3055.0,52.0,886.0,20FT,91.35,Peak,Carrier_B,12.0,126371.0
SHP00053C,Chennai,Singapore,Road,Chemicals,5598.0,53.0,609.0,40FT_HC,111.65,Normal,Carrier_C,2.0,63998.0
SHP00054M,Mumbai,Dubai,Road,Automotive Parts,2834.0,54.0,5918.0,20FT,88.59,Off_Peak,Carrier_E,12.0,64560.0
SHP00055P,Pune,Colombo,Sea,Electronics,6348.0,55.0,2494.0,AIR_CARGO,76.22,Normal,Carrier_A,9.0,32117.0
SHP00056C,Chennai,Dubai,Road,Automotive Parts,5174.0,56.0,4850.0,40FT_HC,82.14,Normal,Carrier_B,12.0,63248.0
SHP00057K,Kolkata,Singapore,Sea,Automotive Parts,3849.0,57.0,1183.0,40FT_HC,103.86,Normal,Carrier_C,7.0,60142.0
SHP00058M,Mumbai,London,Sea,Electronics,4435.0,58.0,9439.0,40FT,98.63,Normal,Carrier_E,20.0,95810.0
SHP00059A,Mumbai,Los Angeles,Sea,Electronics,3604.0,59.0,4311.0,LCL,113.07,Normal,Carrier_A,11.0,67369.0
SHP00060P,Pune,London,Sea,Textiles,7868.0,60.0,698.0,AIR_CARGO,102.78,Normal,Carrier_E,13.0,73789.0
SHP00061A,Mumbai,Dubai,Sea,Chemicals,8250.0,3.46,1031.0,LCL,82.77,Peak,Carrier_B,16.0,65328.0
SHP00062K,Kolkata,Jebel Ali,Sea,Pharmaceuticals,12192.0,32.32,5749.0,AIR_CARGO,79.83,Normal,Carrier_D,13.0,69880.0
SHP00063D,Delhi,Dubai,Air,Textiles,5000.0,4.35,1432.0,20FT,95.83,Peak,Carrier_C,7.0,94058.0
SHP00064C,Chennai,Hamburg,Sea,Electronics,3267.0,7.74,8554.0,LCL,101.61,Normal,Carrier_A,19.0,86496.0
SHP00065A,Mumbai,Shanghai,Sea,Machinery,2209.0,8.57,1364.0,40FT_HC,81.63,Normal,Carrier_B,3.0,27785.0
SHP00066H,Hyderabad,New York,Sea,Pharmaceuticals,2817.0,6.29,1641.0,40FT,99.07,Normal,Carrier_B,4.0,43007.0
SHP00067D,Delhi,Hamburg,Sea,Machinery,2306.0,2.51,2754.0,AIR_CARGO,109.6,Normal,Carrier_D,9.0,61954.0
SHP00068C,Chennai,Singapore,Air,Automotive Parts,4682.0,15.77,3724.0,40FT,104.1,Normal,Carrier_D,4.0,232992.0
SHP00069P,Pune,Rotterdam,Sea,General Merchandise,4603.0,1.28,10234.0,AIR_CARGO,101.57,Normal,Carrier_C,19.0,100063.0
SHP00070P,Pune,London,Road,Automotive Parts,2699.0,6.68,8262.0,40FT_HC,106.57,Off_Peak,Carrier_C,20.0,114858.0
SHP00071P,Pune,Colombo,Air,Automotive Parts,4953.0,1.85,1389.0,40FT_HC,79.16,Peak,Carrier_B,12.0,150274.0
SHP00072K,Kolkata,Hamburg,Sea,General Merchandise,1727.0,0.5,11754.0,40FT_HC,83.15,Normal,Carrier_C,22.0,76201.0
SHP00073A,Mumbai,Los Angeles,Sea,Chemicals,3301.0,3.33,898.0,40FT_HC,76.52,Normal,Carrier_C,6.0,31434.0
SHP00074P,Pune,London,Air,Electronics,2012.0,6.63,7513.0,40FT_HC,80.8,Off_Peak,Carrier_D,17.0,173033.0
SHP00075B,Bengaluru,Hamburg,Air,Machinery,10243.0,0.5,793.0,40FT,111.53,Normal,Carrier_B,21.0,346152.0
SHP00076P,Pune,Jebel Ali,Air,Automotive Parts,2882.0,1.28,9723.0,20FT,83.89,Normal,Carrier_E,19.0,235376.0
SHP00077M,Mumbai,New York,Air,General Merchandise,3030.0,1.99,1539.0,LCL,101.48,Peak,Carrier_E,6.0,148079.0
SHP00078K,Kolkata,Dubai,Sea,Textiles,4805.0,18.69,8519.0,40FT,102.66,Normal,Carrier_A,18.0,97060.0
SHP00079C,Chennai,Dubai,Sea,Automotive Parts,3465.0,10.39,1131.0,LCL,100.81,Normal,Carrier_D,8.0,52991.0
SHP00080C,Chennai,Hamburg,Sea,Machinery,4591.0,2.93,1182.0,20FT,97.16,Normal,Carrier_A,8.0,52728.0
SHP00081C,Chennai,Singapore,Road,Electronics,6735.0,10.55,6123.0,AIR_CARGO,94.45,Normal,Carrier_B,11.0,102965.0
SHP00082C,Chennai,Los Angeles,Sea,Automotive Parts,9594.0,1.86,1027.0,20FT,91.8,Peak,Carrier_E,21.0,87786.0
SHP00083M,Mumbai,Singapore,Sea,Automotive Parts,9484.0,13.78,2411.0,20FT,111.68,Normal,Carrier_E,8.0,75736.0
SHP00084D,Delhi,London,Sea,Chemicals,1748.0,4.52,1371.0,AIR_CARGO,75.38,Peak,Carrier_E,6.0,31174.0
SHP00085H,Hyderabad,Shanghai,Sea,Furniture,2265.0,0.5,1378.0,LCL,77.14,Off_Peak,Carrier_A,5.0,28003.0
SHP00086B,Bengaluru,New York,Sea,General Merchandise,4324.0,5.45,3010.0,40FT_HC,94.7,Off_Peak,Carrier_C,9.0,51120.0
SHP00087M,Mumbai,New York,Air,Textiles,3573.0,12.42,1184.0,AIR_CARGO,88.22,Normal,Carrier_A,3.0,104240.0
SHP00088C,Chennai,Dubai,Sea,Textiles,7267.0,16.69,11153.0,AIR_CARGO,91.33,Normal,Carrier_E,25.0,93538.0
SHP00089M,Mumbai,New York,Road,Pharmaceuticals,4169.0,5.2,731.0,20FT,114.91,Off_Peak,Carrier_D,8.0,78388.0
SHP00090K,Kolkata,Singapore,Sea,Electronics,3537.0,13.25,2535.0,AIR_CARGO,106.01,Peak,Carrier_D,6.0,63719.0
SHP00091H,Hyderabad,Los Angeles,Sea,Pharmaceuticals,2426.0,5.42,7835.0,40FT,110.1,Normal,Carrier_A,16.0,88084.0
SHP00092C,Chennai,Los Angeles,Sea,Machinery,9550.0,2.94,1242.0,40FT_HC,89.74,Off_Peak,Carrier_A,21.0,211092.0
SHP00093B,Bengaluru,Dubai,Air,Electronics,8493.0,24.45,9162.0,20FT,84.58,Normal,Carrier_B,19.0,295218.0
SHP00094C,Chennai,Hamburg,Sea,Automotive Parts,2913.0,4.78,8765.0,LCL,105.72,Peak,Carrier_A,18.0,105042.0
SHP00095H,Hyderabad,Los Angeles,Sea,Furniture,2400.0,10.33,1081.0,LCL,107.3,Normal,Carrier_A,3.0,111991.0
SHP00096B,Bengaluru,Singapore,Sea,Automotive Parts,3358.0,0.5,9495.0,LCL,97.0,Off_Peak,Carrier_E,20.0,81734.0
SHP00097H,Hyderabad,Rotterdam,Sea,Textiles,6272.0,0.52,813.0,LCL,110.84,Peak,Carrier_C,13.0,86372.0
SHP00098B,Bengaluru,Hamburg,Sea,Machinery,7964.0,3.39,1110.0,LCL,113.69,Normal,Carrier_E,15.0,87401.0
SHP00099D,Delhi,Shanghai,Sea,General Merchandise,2014.0,0.5,11499.0,20FT,93.84,Normal,Carrier_C,23.0,90258.0
SHP00100A,Mumbai,Colombo,Sea,Machinery,3071.0,8.79,9823.0,40FT,83.91,Normal,Carrier_E,20.0,69113.0
SHP00101D,Delhi,Jebel Ali,Sea,Automotive Parts,5725.0,14.32,9992.0,40FT,95.68,Normal,Carrier_E,25.0,97622.0
SHP00102M,Mumbai,New York,Sea,General Merchandise,2587.0,0.5,1406.0,LCL,114.58,Normal,Carrier_B,5.0,52231.0
SHP00103M,Mumbai,New York,Sea,Machinery,5979.0,0.5,1212.0,40FT,86.72,Normal,Carrier_C,11.0,54820.0
SHP00104P,Pune,Rotterdam,Sea,Furniture,3463.0,4.76,11417.0,40FT_HC,99.7,Normal,Carrier_E,23.0,108590.0
SHP00105B,Bengaluru,Hamburg,Road,Furniture,2289.0,0.5,7201.0,40FT,102.76,Normal,Carrier_E,13.0,106003.0
SHP00106P,Pune,Dubai,Sea,Machinery,1680.0,8.15,717.0,AIR_CARGO,83.56,Normal,Carrier_C,3.0,31063.0
SHP00107P,Pune,Singapore,Sea,General Merchandise,8916.0,2.43,1376.0,LCL,98.54,Peak,Carrier_B,15.0,93122.0
SHP00108C,Chennai,Rotterdam,Sea,Automotive Parts,2221.0,0.5,994.0,AIR_CARGO,87.58,Peak,Carrier_C,2.0,90429.0
SHP00109A,Mumbai,Jebel Ali,Sea,Machinery,2262.0,4.9,9036.0,AIR_CARGO,109.17,Normal,Carrier_B,17.0,107576.0
SHP00110K,Kolkata,Los Angeles,Sea,General Merchandise,2650.0,7.27,10617.0,LCL,103.59,Normal,Carrier_B,19.0,97550.0
SHP00111K,Kolkata,Dubai,Sea,Chemicals,5390.0,0.5,1074.0,20FT,108.05,Normal,Carrier_D,11.0,77561.0
SHP00112C,Chennai,Colombo,Sea,Furniture,2296.0,4.01,5257.0,40FT,82.99,Normal,Carrier_B,7.0,53699.0
SHP00113C,Chennai,Dubai,Road,Chemicals,4627.0,16.23,3998.0,40FT_HC,76.38,Normal,Carrier_D,10.0,51033.0
SHP00114D,Delhi,Rotterdam,Sea,Automotive Parts,10585.0,0.5,5000.0,20FT,109.02,Normal,Carrier_A,20.0,319481.0
SHP00115K,Kolkata,Shanghai,Sea,General Merchandise,2081.0,2.63,6800.0,40FT_HC,90.47,Normal,Carrier_B,14.0,71165.0
SHP00116B,Bengaluru,Rotterdam,Sea,Chemicals,7161.0,0.5,849.0,LCL,82.19,Normal,Carrier_C,16.0,65958.0
SHP00117H,Hyderabad,Rotterdam,Sea,General Merchandise,2448.0,13.12,8110.0,40FT,78.68,Normal,Carrier_D,17.0,193205.0
SHP00118P,Pune,Rotterdam,Sea,Machinery,3953.0,4.87,940.0,20FT,95.66,Normal,Carrier_A,8.0,49923.0
SHP00119M,Mumbai,Dubai,Road,Automotive Parts,2728.0,6.3,5477.0,LCL,81.01,Peak,Carrier_A,13.0,72314.0
SHP00120P,Pune,Rotterdam,Sea,Chemicals,7197.0,14.26,9028.0,20FT,97.67,Normal,Carrier_B,22.0,92836.0
SHP00121P,Pune,Hamburg,Air,Pharmaceuticals,11833.0,0.5,1323.0,AIR_CARGO,104.09,Normal,Carrier_C,21.0,336379.0
SHP00122H,Hyderabad,Dubai,Road,Machinery,5000.0,2.38,895.0,40FT,96.4,Normal,Carrier_B,5.0,34330.0
SHP00123D,Delhi,Los Angeles,Sea,Furniture,1842.0,6.37,990.0,40FT,111.15,Normal,Carrier_E,2.0,41421.0
SHP00124K,Kolkata,Hamburg,Sea,Pharmaceuticals,3075.0,3.07,5423.0,LCL,81.22,Normal,Carrier_A,14.0,48658.0
SHP00125P,Pune,Jebel Ali,Sea,Pharmaceuticals,8086.0,1.22,1289.0,LCL,94.76,Normal,Carrier_E,15.0,73501.0
SHP00126A,Mumbai,Los Angeles,Sea,Electronics,1953.0,8.08,4943.0,LCL,81.53,Off_Peak,Carrier_E,9.0,37985.0
SHP00127C,Chennai,Colombo,Air,Electronics,1618.0,10.29,11996.0,40FT,110.04,Normal,Carrier_D,26.0,404692.0
SHP00128A,Mumbai,New York,Road,Automotive Parts,1846.0,6.57,2747.0,AIR_CARGO,112.29,Normal,Carrier_E,8.0,61912.0
SHP00129A,Mumbai,Dubai,Sea,Chemicals,3099.0,4.73,591.0,40FT,91.0,Peak,Carrier_A,2.0,41739.0
SHP00130K,Kolkata,New York,Sea,Chemicals,3577.0,7.9,2686.0,LCL,87.23,Normal,Carrier_A,7.0,39339.0
SHP00131B,Bengaluru,Dubai,Sea,Chemicals,10699.0,3.93,957.0,40FT_HC,86.17,Off_Peak,Carrier_C,20.0,71694.0
SHP00132D,Delhi,Los Angeles,Sea,General Merchandise,3091.0,6.19,2169.0,AIR_CARGO,109.39,Normal,Carrier_B,3.0,55831.0
SHP00133P,Pune,Colombo,Sea,Machinery,19318.0,48.84,6008.0,40FT,102.3,Normal,Carrier_C,13.0,101566.0
SHP00134P,Pune,Singapore,Sea,Chemicals,6821.0,13.32,5322.0,40FT_HC,110.22,Normal,Carrier_C,11.0,86230.0
SHP00135P,Pune,Singapore,Road,Machinery,1647.0,10.37,8156.0,AIR_CARGO,79.7,Peak,Carrier_B,15.0,91559.0
SHP00136C,Chennai,Hamburg,Sea,Automotive Parts,2724.0,6.14,1128.0,40FT,94.04,Normal,Carrier_A,7.0,45120.0
SHP00137H,Hyderabad,Rotterdam,Sea,Pharmaceuticals,2446.0,3.3,8076.0,LCL,102.05,Normal,Carrier_D,15.0,83161.0
SHP00138B,Bengaluru,Rotterdam,Sea,Chemicals,3370.0,10.39,4580.0,40FT,110.88,Normal,Carrier_E,11.0,236510.0
SHP00139H,Hyderabad,Singapore,Sea,Automotive Parts,1900.0,0.61,11149.0,AIR_CARGO,90.28,Normal,Carrier_D,24.0,92054.0
SHP00140M,Mumbai,Los Angeles,Sea,Chemicals,2099.0,5.59,10262.0,LCL,87.52,Normal,Carrier_E,20.0,101029.0
SHP00141D,Delhi,Colombo,Road,Electronics,1555.0,9.31,5094.0,20FT,111.52,Normal,Carrier_B,10.0,92911.0
SHP00142B,Bengaluru,Hamburg,Sea,Textiles,5095.0,7.26,11918.0,40FT_HC,76.9,Normal,Carrier_B,24.0,76110.0
SHP00143B,Bengaluru,Los Angeles,Sea,Automotive Parts,3060.0,12.05,1097.0,LCL,94.18,Normal,Carrier_C,5.0,34141.0
SHP00144P,Pune,Rotterdam,Sea,Chemicals,3075.0,2.16,9569.0,LCL,93.35,Normal,Carrier_B,21.0,81150.0
SHP00145H,Hyderabad,Hamburg,Sea,Furniture,5519.0,16.42,5489.0,AIR_CARGO,80.84,Peak,Carrier_E,16.0,61828.0
SHP00146C,Chennai,New York,Sea,Textiles,5573.0,9.48,5483.0,AIR_CARGO,90.8,Normal,Carrier_D,11.0,72998.0
SHP00147M,Mumbai,London,Sea,Automotive Parts,4929.0,16.5,2457.0,40FT_HC,103.9,Normal,Carrier_D,7.0,63187.0
SHP00148P,Pune,Jebel Ali,Sea,Furniture,5465.0,10.71,6421.0,AIR_CARGO,89.67,Peak,Carrier_D,11.0,77403.0
SHP00149P,Pune,Hamburg,Sea,Furniture,6903.0,15.01,1474.0,LCL,87.39,Peak,Carrier_D,6.0,53830.0
SHP00150P,Pune,Rotterdam,Sea,General Merchandise,7591.0,0.5,1334.0,40FT_HC,106.28,Peak,Carrier_C,16.0,96080.0
SHP00151H,Hyderabad,Los Angeles,Sea,Furniture,2059.0,0.5,3278.0,40FT_HC,114.55,Normal,Carrier_D,8.0,87513.0
SHP00152B,Bengaluru,New York,Sea,Chemicals,3963.0,4.87,8836.0,40FT,106.17,Normal,Carrier_E,17.0,94326.0
SHP00153D,Delhi,Jebel Ali,Sea,General Merchandise,7485.0,0.5,1406.0,LCL,108.85,Normal,Carrier_C,15.0,77989.0
SHP00154B,Bengaluru,Jebel Ali,Sea,Electronics,1974.0,0.5,9084.0,LCL,112.58,Normal,Carrier_C,19.0,95446.0
SHP00155K,Kolkata,Hamburg,Road,Chemicals,2837.0,7.93,9122.0,AIR_CARGO,107.07,Normal,Carrier_C,17.0,125313.0
SHP00156D,Delhi,Jebel Ali,Sea,Pharmaceuticals,2153.0,11.23,2762.0,LCL,114.21,Normal,Carrier_B,6.0,59191.0
SHP00157P,Pune,New York,Air,Furniture,2610.0,13.4,508.0,AIR_CARGO,104.89,Normal,Carrier_C,3.0,98959.0
SHP00158D,Delhi,Colombo,Air,Electronics,4706.0,0.5,1187.0,LCL,101.46,Peak,Carrier_E,7.0,188135.0
SHP00159B,Bengaluru,Los Angeles,Sea,Textiles,2439.0,5.37,11069.0,40FT,102.73,Normal,Carrier_D,20.0,112278.0
SHP00160C,Chennai,Hamburg,Air,Automotive Parts,2728.0,11.15,7146.0,LCL,111.0,Normal,Carrier_B,14.0,293099.0
SHP00161P,Pune,Jebel Ali,Sea,Furniture,7142.0,11.76,8866.0,40FT,102.32,Normal,Carrier_D,21.0,107263.0
SHP00162D,Delhi,Colombo,Sea,Machinery,2099.0,9.81,10615.0,LCL,105.45,Normal,Carrier_A,20.0,97599.0
SHP00163K,Kolkata,Los Angeles,Sea,Electronics,1638.0,8.78,10920.0,LCL,83.64,Normal,Carrier_B,22.0,76939.0
SHP00164H,Hyderabad,Dubai,Sea,Machinery,3974.0,1.68,6584.0,20FT,111.51,Normal,Carrier_E,12.0,84045.0
SHP00165C,Chennai,Colombo,Sea,Furniture,6721.0,0.5,5000.0,LCL,92.89,Normal,Carrier_B,13.0,60767.0
SHP00166C,Chennai,Dubai,Air,Machinery,2034.0,3.24,10286.0,40FT,81.44,Peak,Carrier_C,18.0,240499.0
SHP00167C,Chennai,Dubai,Sea,Furniture,1790.0,8.01,9786.0,40FT_HC,106.99,Normal,Carrier_B,21.0,101082.0
SHP00168D,Delhi,Colombo,Sea,Automotive Parts,2962.0,0.97,8537.0,40FT,89.26,Off_Peak,Carrier_C,15.0,61487.0
SHP00169C,Chennai,Jebel Ali,Sea,Textiles,5620.0,5.23,7451.0,LCL,82.36,Normal,Carrier_D,17.0,60089.0
SHP00170B,Bengaluru,Dubai,Sea,Automotive Parts,6853.0,16.57,7598.0,AIR_CARGO,85.25,Off_Peak,Carrier_B,17.0,65698.0
SHP00171C,Chennai,Jebel Ali,Air,Chemicals,2935.0,9.52,4673.0,20FT,76.4,Peak,Carrier_B,10.0,143690.0
SHP00172K,Kolkata,Jebel Ali,Sea,Electronics,10171.0,0.5,912.0,AIR_CARGO,78.62,Normal,Carrier_E,22.0,58586.0
SHP00173P,Pune,Los Angeles,Sea,Machinery,1790.0,1.87,7604.0,20FT,98.7,Normal,Carrier_A,22.0,77359.0
SHP00174P,Pune,Shanghai,Sea,Automotive Parts,1922.0,7.08,3071.0,20FT,109.65,Normal,Carrier_B,9.0,60661.0
SHP00175M,Mumbai,New York,Sea,Furniture,3174.0,4.08,3258.0,AIR_CARGO,92.94,Peak,Carrier_D,6.0,57934.0
SHP00176K,Kolkata,Jebel Ali,Sea,Automotive Parts,2593.0,2.99,10408.0,LCL,100.04,Normal,Carrier_C,24.0,90599.0
SHP00177D,Delhi,Los Angeles,Sea,Automotive Parts,1598.0,4.91,7696.0,40FT,107.39,Normal,Carrier_D,16.0,281995.0
SHP00178C,Chennai,London,Sea,Electronics,5085.0,4.19,1108.0,AIR_CARGO,89.27,Normal,Carrier_E,15.0,52002.0
SHP00179C,Chennai,Dubai,Road,Textiles,2652.0,2.49,1422.0,40FT_HC,101.17,Off_Peak,Carrier_B,6.0,55171.0
SHP00180B,Bengaluru,Hamburg,Sea,Pharmaceuticals,7517.0,9.24,1388.0,20FT,89.02,Normal,Carrier_A,18.0,65845.0
SHP00181H,Hyderabad,Jebel Ali,Sea,Automotive Parts,7173.0,20.08,2620.0,40FT,100.71,Peak,Carrier_A,7.0,68596.0
SHP00182C,Chennai,Colombo,Sea,Electronics,1516.0,2.21,5907.0,40FT_HC,83.7,Peak,Carrier_B,18.0,62415.0
SHP00183A,Mumbai,Dubai,Road,Machinery,2600.0,1.03,8291.0,40FT,114.11,Normal,Carrier_A,17.0,139168.0
SHP00184K,Kolkata,Dubai,Road,Furniture,4692.0,15.14,7002.0,LCL,78.05,Normal,Carrier_D,21.0,79878.0
SHP00185D,Delhi,London,Sea,Chemicals,2838.0,10.86,11104.0,40FT_HC,95.21,Peak,Carrier_C,23.0,104912.0
SHP00186P,Pune,Hamburg,Air,Pharmaceuticals,5000.0,2.54,957.0,AIR_CARGO,86.45,Normal,Carrier_B,5.0,73060.0
SHP00187M,Mumbai,Los Angeles,Sea,General Merchandise,4743.0,12.4,3718.0,40FT,99.03,Normal,Carrier_C,12.0,201957.0
SHP00188C,Chennai,London,Sea,Pharmaceuticals,3147.0,10.3,1156.0,AIR_CARGO,92.13,Normal,Carrier_A,3.0,38366.0
SHP00189M,Mumbai,New York,Sea,Furniture,2738.0,7.85,604.0,AIR_CARGO,87.27,Off_Peak,Carrier_E,9.0,33405.0
SHP00190C,Chennai,Dubai,Sea,Pharmaceuticals,5618.0,16.93,1926.0,40FT,85.0,Normal,Carrier_C,5.0,42011.0
SHP00191D,Delhi,Jebel Ali,Sea,Furniture,4410.0,12.28,8926.0,40FT,82.3,Peak,Carrier_E,19.0,75506.0
SHP00192H,Hyderabad,Jebel Ali,Road,Electronics,3115.0,11.14,4748.0,20FT,106.32,Off_Peak,Carrier_D,11.0,86892.0
SHP00193K,Kolkata,London,Road,General Merchandise,7235.0,21.83,11138.0,20FT,83.89,Normal,Carrier_E,23.0,117880.0
SHP00194P,Pune,New York,Sea,Automotive Parts,4345.0,11.43,769.0,40FT_HC,105.94,Normal,Carrier_C,4.0,48305.0
SHP00195D,Delhi,Singapore,Sea,Automotive Parts,5204.0,16.06,8009.0,40FT_HC,94.4,Normal,Carrier_C,15.0,75580.0
SHP00196M,Mumbai,Rotterdam,Sea,Pharmaceuticals,4904.0,8.97,11661.0,40FT_HC,77.89,Normal,Carrier_B,23.0,77666.0
SHP00197C,Chennai,Colombo,Air,Electronics,4089.0,13.88,2522.0,20FT,81.62,Peak,Carrier_E,2.0,136569.0
SHP00198M,Mumbai,Colombo,Road,General Merchandise,5588.0,0.5,781.0,AIR_CARGO,110.72,Normal,Carrier_D,14.0,100781.0
SHP00199K,Kolkata,Singapore,Road,Automotive Parts,8572.0,0.5,844.0,LCL,99.11,Peak,Carrier_B,21.0,122606.0
SHP00200A,Mumbai,Dubai,Air,Machinery,4346.0,9.83,7781.0,LCL,82.37,Normal,Carrier_B,17.0,214615.0
SHP00201P,Pune,Los Angeles,Sea,Textiles,5567.0,7.89,7009.0,40FT,103.15,Normal,Carrier_D,12.0,88876.0
SHP00202D,Delhi,Hamburg,Sea,Textiles,1581.0,1.38,4258.0,20FT,107.93,Normal,Carrier_B,11.0,62787.0
SHP00203M,Mumbai,Singapore,Sea,Automotive Parts,8874.0,4.4,1212.0,40FT,88.23,Normal,Carrier_D,17.0,69385.0
SHP00204M,Mumbai,New York,Road,General Merchandise,2965.0,8.17,8012.0,LCL,97.26,Normal,Carrier_A,17.0,107024.0
SHP00205K,Kolkata,Jebel Ali,Sea,Chemicals,2372.0,4.87,973.0,40FT,86.74,Normal,Carrier_B,8.0,39295.0
SHP00206A,Mumbai,Rotterdam,Sea,Automotive Parts,2240.0,7.95,11587.0,20FT,78.2,Normal,Carrier_C,24.0,71802.0
SHP00207C,Chennai,Dubai,Sea,Chemicals,1985.0,6.22,6890.0,20FT,90.98,Normal,Carrier_A,17.0,61815.0
SHP00208A,Mumbai,Rotterdam,Sea,Chemicals,2161.0,1.74,6543.0,20FT,105.06,Normal,Carrier_B,14.0,237548.0
SHP00209M,Mumbai,Hamburg,Sea,Furniture,8509.0,23.95,10255.0,LCL,93.35,Peak,Carrier_D,21.0,109856.0
SHP00210K,Kolkata,Jebel Ali,Sea,Furniture,1656.0,3.5,7865.0,20FT,91.21,Normal,Carrier_A,18.0,66421.0
SHP00211C,Chennai,New York,Sea,General Merchandise,2588.0,7.12,1357.0,40FT_HC,89.64,Normal,Carrier_A,4.0,38984.0
SHP00212A,Mumbai,Colombo,Air,Chemicals,6326.0,2.95,1065.0,40FT_HC,93.36,Normal,Carrier_C,12.0,177613.0
SHP00213P,Pune,Hamburg,Air,Machinery,4607.0,17.27,9477.0,20FT,87.73,Off_Peak,Carrier_B,20.0,248282.0
SHP00214A,Mumbai,Singapore,Sea,General Merchandise,2225.0,0.52,8550.0,40FT_HC,99.49,Normal,Carrier_B,15.0,85888.0
SHP00215P,Pune,Colombo,Air,Automotive Parts,5377.0,11.43,11664.0,20FT,77.54,Peak,Carrier_D,23.0,311444.0
SHP00216A,Mumbai,Colombo,Sea,Pharmaceuticals,5000.0,3.33,787.0,LCL,107.3,Off_Peak,Carrier_A,1.0,29220.0
SHP00217H,Hyderabad,New York,Sea,Machinery,2407.0,5.82,3504.0,40FT_HC,81.93,Normal,Carrier_C,7.0,42960.0
SHP00218C,Chennai,Singapore,Air,Electronics,2724.0,4.55,6815.0,LCL,100.34,Normal,Carrier_D,13.0,253900.0
SHP00219A,Mumbai,London,Sea,Textiles,4521.0,3.09,7624.0,40FT_HC,93.0,Normal,Carrier_D,14.0,79044.0
SHP00220H,Hyderabad,Hamburg,Air,Automotive Parts,1647.0,2.77,3655.0,AIR_CARGO,105.94,Normal,Carrier_C,11.0,161351.0
SHP00221D,Delhi,Los Angeles,Sea,Automotive Parts,4169.0,11.38,10008.0,AIR_CARGO,108.05,Normal,Carrier_B,22.0,385871.0
SHP00222K,Kolkata,Shanghai,Sea,Automotive Parts,1774.0,6.4,2390.0,LCL,83.17,Normal,Carrier_C,9.0,29442.0
SHP00223A,Mumbai,Jebel Ali,Sea,Machinery,2657.0,5.65,510.0,40FT_HC,102.09,Normal,Carrier_B,3.0,45170.0
SHP00224P,Pune,New York,Sea,Electronics,4552.0,11.55,11453.0,AIR_CARGO,82.6,Normal,Carrier_E,22.0,80027.0
SHP00225C,Chennai,Jebel Ali,Sea,Pharmaceuticals,5003.0,0.5,1366.0,20FT,79.96,Normal,Carrier_A,13.0,38786.0
SHP00226P,Pune,Hamburg,Sea,General Merchandise,4046.0,11.19,11511.0,40FT,112.21,Normal,Carrier_C,23.0,113580.0
SHP00227H,Hyderabad,Singapore,Road,Furniture,3108.0,7.44,3696.0,AIR_CARGO,81.58,Normal,Carrier_D,9.0,56274.0
SHP00228H,Hyderabad,Los Angeles,Sea,Electronics,2013.0,5.45,1230.0,AIR_CARGO,84.13,Normal,Carrier_B,1.0,29536.0
SHP00229D,Delhi,Shanghai,Road,Machinery,1619.0,2.98,9384.0,20FT,80.21,Normal,Carrier_A,21.0,88892.0
SHP00230P,Pune,Rotterdam,Sea,Automotive Parts,10112.0,2.37,638.0,AIR_CARGO,93.81,Normal,Carrier_A,22.0,86446.0
SHP00231B,Bengaluru,Los Angeles,Sea,Textiles,2373.0,8.19,6159.0,AIR_CARGO,111.78,Normal,Carrier_C,13.0,247340.0
SHP00232K,Kolkata,New York,Sea,Automotive Parts,2015.0,5.82,1349.0,AIR_CARGO,85.56,Normal,Carrier_D,6.0,38810.0
SHP00233P,Pune,Jebel Ali,Sea,General Merchandise,3788.0,1.73,8023.0,40FT_HC,96.67,Normal,Carrier_C,18.0,76200.0
SHP00234B,Bengaluru,Los Angeles,Sea,Chemicals,3547.0,9.55,2595.0,AIR_CARGO,91.46,Normal,Carrier_D,5.0,43007.0
SHP00235C,Chennai,Dubai,Sea,Textiles,5012.0,10.38,10268.0,40FT,88.44,Peak,Carrier_E,20.0,95026.0
SHP00236K,Kolkata,Singapore,Air,Automotive Parts,5133.0,9.39,3651.0,40FT_HC,97.89,Off_Peak,Carrier_C,7.0,172499.0
SHP00237P,Pune,Singapore,Sea,Pharmaceuticals,19441.0,51.68,10249.0,40FT_HC,97.36,Normal,Carrier_B,24.0,131489.0
SHP00238D,Delhi,Dubai,Sea,Textiles,3491.0,4.58,5410.0,LCL,89.37,Normal,Carrier_C,14.0,50257.0
SHP00239C,Chennai,Colombo,Sea,Chemicals,7360.0,0.5,1429.0,AIR_CARGO,109.02,Peak,Carrier_C,14.0,92178.0
SHP00240K,Kolkata,Colombo,Sea,Furniture,4277.0,1.22,9580.0,40FT,77.13,Normal,Carrier_E,21.0,64352.0
SHP00241P,Pune,Hamburg,Road,Electronics,7100.0,22.67,965.0,40FT,78.41,Normal,Carrier_E,4.0,43957.0
SHP00242P,Pune,London,Road,Machinery,3404.0,11.67,9943.0,LCL,114.63,Off_Peak,Carrier_C,19.0,135012.0
SHP00243K,Kolkata,Rotterdam,Sea,Furniture,2094.0,0.5,628.0,40FT,104.91,Normal,Carrier_D,6.0,52350.0
SHP00244B,Bengaluru,Dubai,Sea,Automotive Parts,3587.0,10.99,4622.0,40FT_HC,107.16,Peak,Carrier_E,12.0,80798.0
SHP00245C,Chennai,Hamburg,Sea,General Merchandise,1660.0,0.5,5937.0,20FT,99.11,Off_Peak,Carrier_E,15.0,60055.0
SHP00246D,Delhi,Jebel Ali,Road,Electronics,10797.0,4.42,1059.0,40FT_HC,91.79,Normal,Carrier_D,26.0,121021.0
SHP00247D,Delhi,Dubai,Sea,Furniture,2823.0,3.29,758.0,20FT,100.17,Normal,Carrier_A,4.0,42416.0
SHP00248C,Chennai,London,Road,Automotive Parts,6931.0,8.9,927.0,40FT,78.7,Peak,Carrier_E,14.0,76784.0
SHP00249C,Chennai,Dubai,Road,Electronics,4861.0,13.04,7889.0,AIR_CARGO,105.31,Normal,Carrier_E,17.0,130191.0
SHP00250H,Hyderabad,London,Road,Furniture,4020.0,10.1,4141.0,20FT,96.63,Peak,Carrier_D,9.0,84451.0
SHP00251M,Mumbai,London,Sea,General Merchandise,2363.0,2.34,3841.0,40FT_HC,113.27,Normal,Carrier_D,8.0,77063.0
SHP00252P,Pune,London,Sea,Automotive Parts,1748.0,0.9,6140.0,40FT_HC,100.5,Normal,Carrier_C,11.0,66403.0
SHP00253B,Bengaluru,Singapore,Road,Chemicals,2218.0,7.65,2652.0,40FT_HC,81.07,Off_Peak,Carrier_C,1.0,36397.0
SHP00254C,Chennai,Los Angeles,Sea,Chemicals,5883.0,0.5,1296.0,40FT_HC,94.1,Peak,Carrier_A,14.0,68597.0
SHP00255C,Chennai,Singapore,Sea,General Merchandise,2378.0,2.18,9298.0,LCL,77.31,Normal,Carrier_A,16.0,55148.0
SHP00256M,Mumbai,Hamburg,Sea,Textiles,10222.0,6.57,5000.0,40FT,104.82,Peak,Carrier_A,19.0,103220.0
SHP00257M,Mumbai,Singapore,Road,General Merchandise,2648.0,7.45,4929.0,AIR_CARGO,95.07,Off_Peak,Carrier_B,12.0,68951.0
SHP00258K,Kolkata,Singapore,Air,Textiles,2693.0,2.03,7599.0,LCL,89.79,Normal,Carrier_D,15.0,221116.0
SHP00259A,Mumbai,Jebel Ali,Sea,Automotive Parts,4330.0,12.52,500.0,40FT,113.74,Normal,Carrier_E,7.0,60191.0
SHP00260D,Delhi,Dubai,Sea,Furniture,3038.0,6.12,6829.0,20FT,112.62,Peak,Carrier_D,11.0,103761.0
SHP00261B,Bengaluru,Singapore,Sea,Textiles,4719.0,4.17,11715.0,LCL,113.11,Normal,Carrier_D,28.0,130211.0
SHP00262K,Kolkata,Shanghai,Road,Automotive Parts,3567.0,6.5,4091.0,LCL,83.84,Normal,Carrier_A,12.0,57777.0
SHP00263C,Chennai,London,Sea,Automotive Parts,4904.0,7.48,7340.0,LCL,104.14,Normal,Carrier_D,17.0,83596.0
SHP00264P,Pune,Dubai,Sea,Pharmaceuticals,13739.0,33.74,9266.0,LCL,112.82,Normal,Carrier_B,22.0,127879.0
SHP00265M,Mumbai,Colombo,Road,Machinery,3285.0,5.2,7503.0,20FT,97.83,Peak,Carrier_E,16.0,119589.0
SHP00266H,Hyderabad,Jebel Ali,Air,Automotive Parts,2818.0,7.07,5313.0,40FT_HC,83.57,Normal,Carrier_A,8.0,155976.0
SHP00267D,Delhi,Los Angeles,Sea,Textiles,5408.0,15.54,2255.0,LCL,107.71,Normal,Carrier_C,7.0,189002.0
SHP00268K,Kolkata,Jebel Ali,Air,Machinery,1844.0,13.83,5833.0,40FT,110.2,Off_Peak,Carrier_E,10.0,214578.0
SHP00269H,Hyderabad,London,Sea,Machinery,2314.0,13.43,3890.0,40FT_HC,103.13,Normal,Carrier_C,8.0,61150.0
SHP00270D,Delhi,Dubai,Sea,Automotive Parts,3287.0,8.72,8503.0,20FT,86.74,Normal,Carrier_C,17.0,66431.0
SHP00271A,Mumbai,Los Angeles,Sea,General Merchandise,2620.0,6.03,5582.0,AIR_CARGO,82.63,Normal,Carrier_D,10.0,165659.0
SHP00272A,Mumbai,Rotterdam,Sea,General Merchandise,2613.0,3.84,10274.0,20FT,99.97,Peak,Carrier_E,23.0,357787.0
SHP00273H,Hyderabad,New York,Road,Chemicals,4487.0,4.11,2723.0,AIR_CARGO,94.31,Peak,Carrier_B,7.0,70852.0
SHP00274M,Mumbai,Jebel Ali,Road,Machinery,5304.0,0.5,830.0,40FT,101.75,Normal,Carrier_D,12.0,79393.0
SHP00275K,Kolkata,Los Angeles,Sea,Automotive Parts,9375.0,18.95,6911.0,AIR_CARGO,79.47,Off_Peak,Carrier_C,15.0,52610.0
SHP00276K,Kolkata,Hamburg,Sea,Pharmaceuticals,3429.0,14.71,1949.0,LCL,80.44,Peak,Carrier_E,6.0,35732.0
SHP00277A,Mumbai,Los Angeles,Sea,General Merchandise,1927.0,11.0,7261.0,40FT_HC,89.52,Peak,Carrier_D,13.0,247058.0
SHP00278D,Delhi,New York,Sea,Pharmaceuticals,7203.0,17.44,3846.0,40FT_HC,85.35,Normal,Carrier_E,7.0,56487.0
SHP00279H,Hyderabad,London,Air,Automotive Parts,2674.0,8.23,3140.0,LCL,99.77,Normal,Carrier_A,7.0,147336.0
SHP00280M,Mumbai,Dubai,Air,Automotive Parts,2720.0,4.06,2132.0,40FT_HC,89.7,Normal,Carrier_B,4.0,116565.0
SHP00281C,Chennai,Rotterdam,Sea,Furniture,2174.0,5.06,4524.0,20FT,102.36,Normal,Carrier_B,13.0,82720.0
SHP00282K,Kolkata,Hamburg,Sea,Machinery,6490.0,12.35,11183.0,LCL,105.75,Peak,Carrier_B,20.0,128012.0
SHP00283P,Pune,Los Angeles,Sea,Furniture,2485.0,2.8,857.0,LCL,82.49,Normal,Carrier_C,8.0,27799.0
SHP00284C,Chennai,Shanghai,Sea,Pharmaceuticals,1739.0,6.59,10300.0,40FT_HC,111.79,Off_Peak,Carrier_C,21.0,99694.0
SHP00285M,Mumbai,Singapore,Sea,Furniture,4785.0,8.97,5070.0,AIR_CARGO,106.49,Normal,Carrier_B,11.0,76305.0
SHP00286A,Mumbai,London,Sea,Chemicals,5394.0,14.81,6958.0,40FT,100.07,Normal,Carrier_E,14.0,81956.0
SHP00287P,Pune,Jebel Ali,Sea,Machinery,7103.0,16.32,6397.0,AIR_CARGO,111.36,Normal,Carrier_A,15.0,91981.0
SHP00288K,Kolkata,Jebel Ali,Sea,Electronics,3774.0,14.66,11146.0,20FT,85.63,Off_Peak,Carrier_C,22.0,67232.0
SHP00289K,Kolkata,New York,Sea,Furniture,5266.0,14.75,9356.0,LCL,91.87,Normal,Carrier_D,20.0,85363.0
SHP00290H,Hyderabad,London,Sea,Pharmaceuticals,2112.0,6.01,11825.0,LCL,78.43,Off_Peak,Carrier_D,25.0,59901.0
SHP00291P,Pune,Hamburg,Sea,General Merchandise,4870.0,5.87,9636.0,20FT,93.25,Normal,Carrier_C,21.0,79755.0
SHP00292C,Chennai,Colombo,Sea,General Merchandise,4051.0,7.68,3903.0,40FT,95.26,Normal,Carrier_B,12.0,62194.0
SHP00293A,Mumbai,Rotterdam,Sea,General Merchandise,3529.0,8.2,11573.0,LCL,99.64,Normal,Carrier_E,24.0,356076.0
SHP00294H,Hyderabad,Hamburg,Sea,Textiles,11811.0,2.38,909.0,AIR_CARGO,77.56,Normal,Carrier_A,22.0,71350.0
SHP00295B,Bengaluru,Rotterdam,Sea,Automotive Parts,1943.0,7.28,1916.0,20FT,76.3,Peak,Carrier_D,1.0,35423.0
SHP00296C,Chennai,Dubai,Sea,Machinery,2427.0,6.6,10862.0,LCL,91.8,Off_Peak,Carrier_C,22.0,73342.0
SHP00297C,Chennai,Dubai,Air,General Merchandise,3532.0,4.28,8138.0,AIR_CARGO,82.57,Normal,Carrier_E,17.0,209657.0
SHP00298B,Bengaluru,London,Sea,Electronics,11903.0,30.71,11103.0,20FT,105.35,Normal,Carrier_B,26.0,126788.0
SHP00299M,Mumbai,London,Sea,General Merchandise,4370.0,8.56,11031.0,20FT,101.75,Normal,Carrier_A,22.0,102455.0
SHP00300P,Pune,Jebel Ali,Sea,Chemicals,10751.0,0.93,1477.0,20FT,88.03,Peak,Carrier_A,22.0,87215.0
SHP00301P,Pune,Singapore,Sea,Automotive Parts,1830.0,0.5,10681.0,40FT,76.83,Normal,Carrier_D,23.0,67690.0
SHP00302M,Mumbai,New York,Sea,Pharmaceuticals,6170.0,13.29,1853.0,20FT,82.3,Normal,Carrier_D,6.0,37461.0
SHP00303K,Kolkata,Singapore,Sea,Automotive Parts,1778.0,2.0,2150.0,40FT_HC,102.67,Normal,Carrier_C,8.0,49730.0
SHP00304D,Delhi,Hamburg,Sea,Furniture,4847.0,16.18,1854.0,40FT_HC,114.61,Peak,Carrier_A,4.0,77675.0
SHP00305H,Hyderabad,Jebel Ali,Air,Pharmaceuticals,2698.0,5.35,1547.0,20FT,88.06,Off_Peak,Carrier_B,3.0,90519.0
SHP00306D,Delhi,Rotterdam,Sea,Pharmaceuticals,2244.0,7.47,4563.0,LCL,107.08,Normal,Carrier_B,10.0,80973.0
SHP00307K,Kolkata,Colombo,Sea,Furniture,1796.0,0.5,8366.0,40FT_HC,109.68,Off_Peak,Carrier_C,13.0,83694.0
SHP00308P,Pune,Los Angeles,Sea,Machinery,4579.0,3.8,5000.0,AIR_CARGO,76.93,Peak,Carrier_A,10.0,44160.0
SHP00309D,Delhi,Shanghai,Air,Furniture,3551.0,11.02,8783.0,AIR_CARGO,111.65,Normal,Carrier_D,17.0,370495.0
SHP00310C,Chennai,Dubai,Sea,Textiles,9933.0,0.5,1262.0,LCL,93.65,Normal,Carrier_B,21.0,79647.0
SHP00311C,Chennai,Singapore,Sea,Pharmaceuticals,8161.0,0.5,994.0,AIR_CARGO,113.57,Normal,Carrier_E,16.0,91663.0
SHP00312B,Bengaluru,New York,Sea,Pharmaceuticals,2937.0,4.34,5849.0,LCL,96.54,Peak,Carrier_C,11.0,71028.0
SHP00313B,Bengaluru,Colombo,Sea,Furniture,4882.0,10.81,3898.0,AIR_CARGO,84.41,Normal,Carrier_B,12.0,48698.0
SHP00314K,Kolkata,Colombo,Road,Machinery,1931.0,0.5,830.0,20FT,113.99,Peak,Carrier_E,6.0,64940.0
SHP00315K,Kolkata,Dubai,Air,General Merchandise,4799.0,10.45,6177.0,AIR_CARGO,84.73,Normal,Carrier_E,15.0,202323.0
SHP00316A,Mumbai,Shanghai,Air,Chemicals,8775.0,5.92,1390.0,20FT,110.3,Normal,Carrier_B,18.0,305270.0
SHP00317K,Kolkata,London,Sea,Electronics,3812.0,6.84,6805.0,AIR_CARGO,81.93,Normal,Carrier_C,15.0,57292.0
SHP00318C,Chennai,Colombo,Sea,Machinery,3642.0,9.86,8797.0,AIR_CARGO,101.99,Off_Peak,Carrier_E,15.0,78457.0
SHP00319D,Delhi,Hamburg,Sea,Textiles,2186.0,5.91,4355.0,AIR_CARGO,91.45,Normal,Carrier_E,12.0,54884.0
SHP00320H,Hyderabad,Hamburg,Sea,Machinery,2549.0,0.5,1268.0,20FT,113.88,Normal,Carrier_A,6.0,49200.0
SHP00321A,Mumbai,London,Sea,Automotive Parts,1932.0,1.37,9368.0,AIR_CARGO,82.39,Normal,Carrier_A,19.0,66023.0
SHP00322A,Mumbai,Rotterdam,Sea,General Merchandise,2967.0,11.01,3027.0,AIR_CARGO,91.35,Normal,Carrier_A,8.0,134103.0
SHP00323P,Pune,Jebel Ali,Air,General Merchandise,2950.0,3.44,7587.0,40FT,100.59,Off_Peak,Carrier_E,18.0,237628.0
SHP00324A,Mumbai,London,Sea,Pharmaceuticals,9749.0,0.5,1371.0,20FT,114.1,Off_Peak,Carrier_E,19.0,87471.0
SHP00325K,Kolkata,Shanghai,Road,General Merchandise,2100.0,6.61,1034.0,40FT_HC,87.15,Off_Peak,Carrier_C,3.0,33041.0
SHP00326K,Kolkata,Hamburg,Air,General Merchandise,4815.0,12.08,7383.0,LCL,90.87,Off_Peak,Carrier_D,15.0,232308.0
SHP00327C,Chennai,Colombo,Sea,Furniture,2855.0,12.63,8428.0,40FT,93.47,Off_Peak,Carrier_A,18.0,67314.0
SHP00328H,Hyderabad,Hamburg,Sea,General Merchandise,4400.0,8.62,9085.0,AIR_CARGO,85.11,Normal,Carrier_D,18.0,74977.0
SHP00329C,Chennai,Los Angeles,Sea,General Merchandise,1617.0,8.66,2198.0,40FT_HC,107.69,Off_Peak,Carrier_A,9.0,50222.0
SHP00330H,Hyderabad,Jebel Ali,Sea,Electronics,9989.0,0.5,1463.0,40FT_HC,78.68,Normal,Carrier_A,18.0,65331.0
SHP00331C,Chennai,New York,Sea,Textiles,1583.0,0.5,1295.0,AIR_CARGO,103.19,Peak,Carrier_C,3.0,49065.0
SHP00332D,Delhi,Los Angeles,Sea,Pharmaceuticals,2223.0,7.99,6475.0,AIR_CARGO,96.36,Peak,Carrier_C,12.0,232953.0
SHP00333P,Pune,Rotterdam,Sea,Furniture,2908.0,9.22,5599.0,40FT,84.68,Normal,Carrier_B,13.0,58187.0
SHP00334K,Kolkata,Dubai,Sea,General Merchandise,1756.0,6.87,3050.0,20FT,94.71,Normal,Carrier_A,4.0,44448.0
SHP00335M,Mumbai,Los Angeles,Sea,Pharmaceuticals,6913.0,15.63,3972.0,40FT,108.2,Normal,Carrier_A,11.0,76311.0
SHP00336M,Mumbai,Rotterdam,Sea,Textiles,1647.0,9.79,2391.0,20FT,92.82,Normal,Carrier_A,4.0,42313.0
SHP00337P,Pune,Rotterdam,Sea,Furniture,2939.0,10.46,5396.0,40FT_HC,79.88,Normal,Carrier_C,10.0,62548.0
SHP00338K,Kolkata,New York,Air,Chemicals,5000.0,6.65,908.0,LCL,76.63,Peak,Carrier_A,7.0,56256.0
SHP00339A,Mumbai,Dubai,Sea,General Merchandise,1614.0,4.33,10723.0,AIR_CARGO,106.11,Normal,Carrier_B,24.0,104765.0
SHP00340K,Kolkata,Singapore,Sea,Pharmaceuticals,2364.0,0.5,2380.0,40FT,88.22,Normal,Carrier_E,7.0,35645.0
SHP00341K,Kolkata,London,Sea,Machinery,10689.0,3.73,1455.0,40FT_HC,112.25,Off_Peak,Carrier_B,19.0,98411.0
SHP00342P,Pune,Colombo,Sea,Furniture,2650.0,7.75,10431.0,40FT,99.69,Peak,Carrier_E,25.0,109345.0
SHP00343K,Kolkata,Shanghai,Sea,Furniture,3328.0,16.06,5694.0,20FT,92.45,Off_Peak,Carrier_C,12.0,51672.0
SHP00344A,Mumbai,Shanghai,Sea,Pharmaceuticals,5089.0,13.18,6224.0,AIR_CARGO,97.58,Normal,Carrier_D,14.0,76188.0
SHP00345H,Hyderabad,Shanghai,Sea,General Merchandise,3972.0,0.5,1239.0,20FT,93.29,Normal,Carrier_C,11.0,40569.0
SHP00346P,Pune,Singapore,Sea,Automotive Parts,2788.0,8.51,11964.0,20FT,111.23,Normal,Carrier_D,20.0,126127.0
SHP00347D,Delhi,London,Sea,Electronics,2401.0,10.75,8214.0,20FT,93.32,Normal,Carrier_E,16.0,69691.0
SHP00348M,Mumbai,Shanghai,Sea,Machinery,11446.0,8.62,752.0,40FT_HC,79.16,Off_Peak,Carrier_D,23.0,69887.0
SHP00349P,Pune,London,Sea,Machinery,5270.0,2.43,1200.0,AIR_CARGO,98.88,Normal,Carrier_E,12.0,59405.0
SHP00350B,Bengaluru,Colombo,Sea,Automotive Parts,3404.0,7.31,10655.0,LCL,99.92,Off_Peak,Carrier_D,19.0,87432.0
SHP00351M,Mumbai,Shanghai,Sea,General Merchandise,5655.0,0.5,1038.0,40FT,105.61,Normal,Carrier_E,13.0,73378.0
SHP00352M,Mumbai,Dubai,Road,Furniture,2383.0,3.26,10469.0,20FT,112.33,Normal,Carrier_D,21.0,162296.0
SHP00353A,Mumbai,Rotterdam,Sea,Furniture,2006.0,3.23,629.0,AIR_CARGO,92.72,Normal,Carrier_E,9.0,88715.0
SHP00354C,Chennai,Shanghai,Sea,Electronics,2338.0,0.5,7824.0,40FT,89.08,Normal,Carrier_B,18.0,71537.0
SHP00355K,Kolkata,London,Sea,Machinery,8305.0,9.76,658.0,AIR_CARGO,94.63,Off_Peak,Carrier_A,17.0,59943.0
SHP00356K,Kolkata,Rotterdam,Sea,Electronics,1688.0,2.59,8046.0,40FT,111.01,Normal,Carrier_B,16.0,97087.0
SHP00357K,Kolkata,New York,Sea,Machinery,1881.0,4.96,5641.0,AIR_CARGO,114.2,Normal,Carrier_C,14.0,73180.0
SHP00358C,Chennai,Shanghai,Sea,General Merchandise,2708.0,7.82,8365.0,LCL,113.85,Normal,Carrier_D,18.0,96939.0
SHP00359A,Mumbai,Shanghai,Road,Chemicals,2122.0,9.57,3254.0,AIR_CARGO,84.19,Normal,Carrier_E,5.0,44595.0
SHP00360P,Pune,Los Angeles,Sea,Machinery,7352.0,3.73,1120.0,AIR_CARGO,94.88,Peak,Carrier_B,20.0,84378.0
SHP00361D,Delhi,Rotterdam,Sea,Chemicals,6874.0,0.5,1133.0,20FT,85.38,Normal,Carrier_B,13.0,50245.0
SHP00362D,Delhi,Shanghai,Sea,Machinery,4161.0,3.77,876.0,20FT,89.72,Normal,Carrier_E,15.0,50117.0
SHP00363A,Mumbai,Dubai,Sea,Furniture,2859.0,11.32,9457.0,20FT,76.27,Off_Peak,Carrier_D,20.0,57642.0
SHP00364B,Bengaluru,Colombo,Sea,Textiles,2778.0,3.04,1430.0,AIR_CARGO,81.42,Peak,Carrier_C,3.0,34539.0
SHP00365D,Delhi,Rotterdam,Sea,General Merchandise,3863.0,12.4,2472.0,LCL,90.88,Normal,Carrier_C,2.0,47286.0
SHP00366A,Mumbai,Colombo,Sea,Automotive Parts,1806.0,5.32,5918.0,40FT,89.59,Peak,Carrier_C,14.0,63595.0
SHP00367P,Pune,Jebel Ali,Road,Chemicals,10755.0,2.31,810.0,20FT,86.15,Peak,Carrier_E,18.0,118137.0
SHP00368D,Delhi,London,Road,Automotive Parts,2036.0,2.29,7114.0,40FT_HC,84.21,Normal,Carrier_B,16.0,79912.0
SHP00369K,Kolkata,New York,Sea,General Merchandise,2518.0,5.11,10184.0,AIR_CARGO,104.96,Normal,Carrier_C,24.0,90810.0
SHP00370H,Hyderabad,Los Angeles,Sea,Pharmaceuticals,6452.0,4.55,1173.0,LCL,86.78,Normal,Carrier_B,11.0,53146.0
SHP00371A,Mumbai,Dubai,Sea,Automotive Parts,9533.0,1.27,1247.0,LCL,103.26,Normal,Carrier_C,21.0,86642.0
SHP00372M,Mumbai,New York,Sea,General Merchandise,3351.0,4.06,4247.0,20FT,89.75,Normal,Carrier_C,8.0,49457.0
SHP00373D,Delhi,Los Angeles,Sea,Furniture,2669.0,2.27,9874.0,20FT,107.08,Normal,Carrier_D,22.0,111492.0
SHP00374D,Delhi,New York,Air,Automotive Parts,5221.0,13.55,5119.0,40FT_HC,81.69,Peak,Carrier_E,11.0,205202.0
SHP00375C,Chennai,New York,Sea,Chemicals,7657.0,20.19,6927.0,40FT_HC,81.3,Off_Peak,Carrier_D,15.0,61753.0
SHP00376B,Bengaluru,Hamburg,Sea,Textiles,2523.0,1.97,941.0,20FT,102.19,Peak,Carrier_B,9.0,53665.0
SHP00377H,Hyderabad,London,Air,Automotive Parts,1904.0,11.79,11085.0,40FT,111.6,Peak,Carrier_B,23.0,440825.0
SHP00378P,Pune,Singapore,Sea,Chemicals,2709.0,0.5,8567.0,20FT,80.72,Normal,Carrier_E,16.0,57968.0
SHP00379C,Chennai,Los Angeles,Sea,Machinery,3166.0,9.06,10377.0,20FT,77.95,Off_Peak,Carrier_C,24.0,185322.0
SHP00380K,Kolkata,Dubai,Sea,General Merchandise,4839.0,4.16,2890.0,LCL,112.39,Off_Peak,Carrier_E,4.0,47291.0
SHP00381M,Mumbai,Rotterdam,Sea,Electronics,4014.0,9.14,1278.0,20FT,79.69,Normal,Carrier_C,5.0,27520.0
SHP00382B,Bengaluru,New York,Air,Pharmaceuticals,5240.0,13.48,4378.0,20FT,85.01,Peak,Carrier_A,8.0,196695.0
SHP00383C,Chennai,New York,Sea,Furniture,2602.0,5.49,6442.0,20FT,112.18,Normal,Carrier_A,11.0,82288.0
SHP00384A,Mumbai,Los Angeles,Sea,Electronics,1662.0,0.5,9727.0,40FT,107.12,Normal,Carrier_E,17.0,135060.0
SHP00385D,Delhi,Jebel Ali,Air,Furniture,8880.0,20.76,5074.0,LCL,88.71,Normal,Carrier_A,11.0,243289.0
SHP00386D,Delhi,Singapore,Air,General Merchandise,2762.0,6.59,3605.0,AIR_CARGO,113.18,Normal,Carrier_A,9.0,202418.0
SHP00387B,Bengaluru,New York,Sea,Furniture,2136.0,8.68,4784.0,AIR_CARGO,97.72,Peak,Carrier_B,13.0,65581.0
SHP00388D,Delhi,Shanghai,Sea,Textiles,8591.0,0.5,1245.0,AIR_CARGO,77.89,Peak,Carrier_C,21.0,61473.0
SHP00389A,Mumbai,Hamburg,Air,Automotive Parts,2773.0,12.37,4367.0,AIR_CARGO,103.12,Normal,Carrier_A,10.0,194658.0
SHP00390C,Chennai,Colombo,Air,Textiles,4803.0,1.36,11760.0,LCL,96.49,Peak,Carrier_D,22.0,435804.0
SHP00391C,Chennai,Hamburg,Road,Electronics,1806.0,0.5,2512.0,20FT,97.9,Normal,Carrier_B,9.0,47222.0
SHP00392D,Delhi,Singapore,Sea,Pharmaceuticals,2292.0,6.16,9161.0,AIR_CARGO,114.76,Normal,Carrier_C,17.0,105700.0
SHP00393D,Delhi,Shanghai,Sea,Chemicals,2940.0,8.24,7275.0,20FT,81.1,Normal,Carrier_B,12.0,58137.0
SHP00394K,Kolkata,Hamburg,Air,Pharmaceuticals,3398.0,14.14,3181.0,AIR_CARGO,101.27,Peak,Carrier_D,10.0,214559.0
SHP00395M,Mumbai,Colombo,Sea,General Merchandise,2111.0,5.8,9167.0,40FT,93.35,Normal,Carrier_C,21.0,77067.0
SHP00396P,Pune,Rotterdam,Sea,General Merchandise,1936.0,4.2,5647.0,20FT,85.88,Off_Peak,Carrier_E,11.0,61803.0
SHP00397B,Bengaluru,London,Road,Textiles,1794.0,6.05,8348.0,LCL,102.74,Peak,Carrier_E,21.0,119546.0
SHP00398C,Chennai,Rotterdam,Sea,Chemicals,8116.0,0.5,1218.0,40FT,101.73,Normal,Carrier_B,18.0,83063.0
SHP00399B,Bengaluru,London,Air,Textiles,1515.0,0.5,1772.0,40FT,109.26,Normal,Carrier_E,6.0,127814.0
SHP00400K,Kolkata,Jebel Ali,Air,Automotive Parts,10160.0,0.5,1489.0,LCL,110.15,Normal,Carrier_C,19.0,312691.0
SHP00401C,Chennai,Jebel Ali,Sea,Machinery,8337.0,5.99,917.0,40FT,97.47,Peak,Carrier_D,19.0,93650.0
SHP00402K,Kolkata,Jebel Ali,Road,Chemicals,4767.0,16.55,9477.0,20FT,88.02,Peak,Carrier_D,16.0,130483.0
SHP00403K,Kolkata,Hamburg,Sea,Machinery,3158.0,14.98,5649.0,40FT_HC,96.18,Normal,Carrier_E,12.0,65603.0
SHP00404H,Hyderabad,Jebel Ali,Air,Pharmaceuticals,2742.0,8.81,2743.0,40FT_HC,89.37,Normal,Carrier_A,6.0,125967.0
SHP00405D,Delhi,London,Sea,Automotive Parts,5837.0,17.47,4251.0,AIR_CARGO,86.09,Normal,Carrier_A,7.0,52398.0
SHP00406A,Mumbai,Rotterdam,Sea,Furniture,3986.0,9.87,10867.0,AIR_CARGO,97.06,Normal,Carrier_A,23.0,136194.0
SHP00407H,Hyderabad,Los Angeles,Sea,Furniture,11287.0,1.56,1496.0,20FT,101.32,Normal,Carrier_E,23.0,96216.0
SHP00408P,Pune,New York,Sea,Machinery,5360.0,8.44,6041.0,LCL,98.62,Normal,Carrier_E,15.0,68312.0
SHP00409B,Bengaluru,London,Road,Electronics,4703.0,6.52,3936.0,20FT,113.18,Normal,Carrier_E,9.0,93541.0
SHP00410A,Mumbai,Rotterdam,Sea,Pharmaceuticals,8899.0,0.5,1209.0,AIR_CARGO,86.95,Normal,Carrier_C,20.0,66796.0
SHP00411B,Bengaluru,Rotterdam,Sea,Machinery,4496.0,13.63,9309.0,40FT,89.89,Normal,Carrier_A,19.0,80262.0
SHP00412D,Delhi,New York,Road,Automotive Parts,1845.0,2.75,9878.0,20FT,101.71,Peak,Carrier_B,19.0,147500.0
SHP00413A,Mumbai,Shanghai,Road,Machinery,4780.0,8.49,857.0,20FT,99.01,Normal,Carrier_C,2.0,45544.0
SHP00414H,Hyderabad,Los Angeles,Sea,General Merchandise,2007.0,0.5,612.0,LCL,75.07,Normal,Carrier_C,1.0,22913.0
SHP00415B,Bengaluru,Shanghai,Sea,Textiles,1768.0,0.56,4607.0,AIR_CARGO,87.49,Normal,Carrier_E,13.0,51268.0
SHP00416H,Hyderabad,Shanghai,Sea,Electronics,1890.0,3.35,2254.0,20FT,85.15,Peak,Carrier_E,8.0,41341.0
SHP00417D,Delhi,Rotterdam,Sea,General Merchandise,9757.0,0.5,1329.0,40FT,108.6,Normal,Carrier_C,26.0,96903.0
SHP00418A,Mumbai,Colombo,Sea,General Merchandise,6628.0,12.91,955.0,40FT,109.65,Peak,Carrier_E,13.0,97467.0
SHP00419A,Mumbai,Dubai,Air,Automotive Parts,9992.0,0.5,5000.0,40FT_HC,86.36,Peak,Carrier_A,19.0,243719.0
SHP00420C,Chennai,London,Air,Textiles,2535.0,7.61,1260.0,AIR_CARGO,79.08,Peak,Carrier_C,3.0,87965.0
SHP00421K,Kolkata,Hamburg,Air,Textiles,13821.0,32.43,7713.0,40FT,83.21,Peak,Carrier_C,18.0,365172.0
SHP00422K,Kolkata,Shanghai,Air,Chemicals,3412.0,5.86,7172.0,LCL,82.06,Normal,Carrier_C,16.0,172432.0
SHP00423H,Hyderabad,Jebel Ali,Sea,Pharmaceuticals,8398.0,19.0,4414.0,AIR_CARGO,84.5,Off_Peak,Carrier_E,13.0,53195.0
SHP00424A,Mumbai,Hamburg,Sea,Electronics,2033.0,4.9,6446.0,40FT,84.39,Normal,Carrier_C,12.0,52785.0
SHP00425B,Bengaluru,Singapore,Sea,Pharmaceuticals,1844.0,5.3,7274.0,20FT,94.19,Off_Peak,Carrier_B,17.0,63121.0
SHP00426H,Hyderabad,Colombo,Sea,Automotive Parts,7630.0,14.24,10729.0,AIR_CARGO,87.79,Peak,Carrier_B,20.0,101157.0
SHP00427H,Hyderabad,Hamburg,Sea,Electronics,3192.0,9.84,1140.0,40FT,97.39,Peak,Carrier_A,7.0,52273.0
SHP00428M,Mumbai,New York,Road,Chemicals,9969.0,2.08,1344.0,20FT,88.77,Normal,Carrier_C,21.0,101558.0
SHP00429P,Pune,Dubai,Sea,Machinery,3772.0,3.66,11772.0,40FT_HC,107.59,Off_Peak,Carrier_C,20.0,98954.0
SHP00430A,Mumbai,Los Angeles,Sea,General Merchandise,5637.0,11.71,8915.0,AIR_CARGO,113.03,Normal,Carrier_E,18.0,115678.0
SHP00431K,Kolkata,New York,Sea,Electronics,8979.0,8.03,988.0,AIR_CARGO,91.16,Normal,Carrier_D,14.0,74503.0
SHP00432A,Mumbai,Shanghai,Air,Pharmaceuticals,3381.0,8.93,3007.0,40FT,76.98,Peak,Carrier_D,5.0,134521.0
SHP00433D,Delhi,Colombo,Sea,General Merchandise,6515.0,2.48,1032.0,40FT_HC,84.58,Peak,Carrier_C,12.0,61826.0
SHP00434H,Hyderabad,Colombo,Sea,Automotive Parts,5442.0,11.37,8618.0,LCL,79.07,Normal,Carrier_A,16.0,59746.0
SHP00435M,Mumbai,Shanghai,Sea,Pharmaceuticals,2904.0,5.64,7426.0,40FT,88.79,Normal,Carrier_B,15.0,70403.0
SHP00436M,Mumbai,Dubai,Air,Machinery,3764.0,9.84,4929.0,40FT,100.8,Peak,Carrier_C,11.0,244848.0
SHP00437K,Kolkata,Rotterdam,Sea,Automotive Parts,2170.0,4.1,11311.0,LCL,95.76,Off_Peak,Carrier_C,23.0,80812.0
SHP00438K,Kolkata,Hamburg,Air,Furniture,6411.0,3.69,785.0,LCL,84.72,Off_Peak,Carrier_A,14.0,132642.0
SHP00439K,Kolkata,Jebel Ali,Air,Machinery,1876.0,5.76,11654.0,LCL,105.69,Off_Peak,Carrier_A,24.0,316889.0
SHP00440D,Delhi,Shanghai,Sea,Machinery,4575.0,6.12,6985.0,LCL,80.26,Off_Peak,Carrier_D,12.0,49213.0
SHP00441M,Mumbai,Jebel Ali,Sea,General Merchandise,9135.0,23.86,9624.0,LCL,84.13,Peak,Carrier_C,20.0,86770.0
SHP00442B,Bengaluru,Hamburg,Road,Automotive Parts,3004.0,3.33,9033.0,20FT,102.04,Off_Peak,Carrier_C,21.0,109644.0
SHP00443D,Delhi,Dubai,Sea,Automotive Parts,1600.0,0.5,8099.0,20FT,82.89,Normal,Carrier_E,16.0,57535.0
SHP00444C,Chennai,Rotterdam,Sea,Electronics,3541.0,8.33,666.0,LCL,102.15,Off_Peak,Carrier_B,4.0,40625.0
SHP00445P,Pune,Los Angeles,Sea,Pharmaceuticals,4316.0,11.31,1390.0,40FT_HC,114.08,Peak,Carrier_E,5.0,212229.0
SHP00446P,Pune,Dubai,Road,Furniture,2725.0,8.95,7187.0,40FT_HC,108.25,Normal,Carrier_E,17.0,126324.0
SHP00447H,Hyderabad,Jebel Ali,Road,Automotive Parts,2618.0,0.5,10985.0,LCL,81.4,Peak,Carrier_B,23.0,112705.0
SHP00448P,Pune,Colombo,Air,Electronics,2872.0,10.0,7413.0,20FT,95.82,Peak,Carrier_C,17.0,260257.0
SHP00449K,Kolkata,Colombo,Sea,Furniture,2572.0,7.77,3214.0,40FT_HC,91.89,Off_Peak,Carrier_D,9.0,48063.0
SHP00450M,Mumbai,Singapore,Sea,Textiles,3034.0,4.32,4183.0,20FT,114.67,Normal,Carrier_B,11.0,81636.0
SHP00451P,Pune,London,Air,Textiles,8201.0,18.58,7666.0,40FT,113.58,Normal,Carrier_A,17.0,417366.0
SHP00452H,Hyderabad,New York,Sea,Furniture,7366.0,2.38,667.0,20FT,80.08,Normal,Carrier_C,13.0,52859.0
SHP00453P,Pune,New York,Sea,Textiles,2141.0,0.5,11491.0,LCL,111.35,Normal,Carrier_B,21.0,116646.0
SHP00454A,Mumbai,Shanghai,Road,Chemicals,6584.0,0.5,1364.0,AIR_CARGO,82.74,Normal,Carrier_B,13.0,69572.0
SHP00455D,Delhi,Jebel Ali,Sea,Automotive Parts,5386.0,17.47,4583.0,LCL,87.78,Normal,Carrier_B,13.0,54571.0
SHP00456C,Chennai,New York,Sea,Chemicals,2281.0,3.02,6537.0,40FT,89.14,Normal,Carrier_D,14.0,67691.0
SHP00457A,Mumbai,New York,Sea,Pharmaceuticals,3597.0,8.22,9542.0,20FT,86.47,Normal,Carrier_E,20.0,77493.0
SHP00458D,Delhi,Dubai,Sea,Automotive Parts,6322.0,14.59,6714.0,40FT_HC,109.13,Off_Peak,Carrier_E,10.0,84900.0
SHP00459D,Delhi,Los Angeles,Sea,Electronics,4250.0,5.81,1238.0,LCL,88.2,Normal,Carrier_B,10.0,43436.0
SHP00460B,Bengaluru,Jebel Ali,Sea,Chemicals,1774.0,2.6,4394.0,40FT_HC,107.67,Normal,Carrier_B,10.0,73891.0
SHP00461P,Pune,Singapore,Sea,Chemicals,5912.0,12.79,9203.0,20FT,114.78,Off_Peak,Carrier_E,13.0,95719.0
SHP00462H,Hyderabad,Los Angeles,Sea,Pharmaceuticals,5000.0,3.63,1264.0,40FT,108.63,Off_Peak,Carrier_D,5.0,45933.0
SHP00463B,Bengaluru,Singapore,Air,Chemicals,1814.0,7.71,3660.0,LCL,88.85,Off_Peak,Carrier_C,5.0,110425.0
SHP00464D,Delhi,Jebel Ali,Sea,Machinery,2260.0,6.75,883.0,40FT_HC,103.45,Normal,Carrier_E,5.0,52024.0
SHP00465P,Pune,Rotterdam,Sea,Electronics,6065.0,13.16,11364.0,LCL,96.36,Normal,Carrier_B,25.0,146013.0
SHP00466C,Chennai,Rotterdam,Sea,Textiles,1713.0,2.11,1536.0,LCL,106.46,Normal,Carrier_D,5.0,41454.0
SHP00467M,Mumbai,New York,Sea,Electronics,3141.0,6.89,9219.0,40FT_HC,81.12,Peak,Carrier_D,18.0,85126.0
SHP00468M,Mumbai,Shanghai,Road,Machinery,3879.0,14.58,7750.0,40FT,100.53,Normal,Carrier_B,15.0,116641.0
SHP00469P,Pune,Colombo,Sea,Pharmaceuticals,7777.0,6.64,1483.0,LCL,105.95,Normal,Carrier_A,15.0,75054.0
SHP00470A,Mumbai,Dubai,Road,Pharmaceuticals,9279.0,0.5,725.0,40FT,105.45,Normal,Carrier_D,19.0,137507.0
SHP00471H,Hyderabad,New York,Sea,Automotive Parts,2168.0,0.5,5106.0,40FT,113.54,Off_Peak,Carrier_E,9.0,72780.0
SHP00472K,Kolkata,London,Road,Electronics,2145.0,9.54,5109.0,20FT,77.34,Off_Peak,Carrier_A,14.0,44429.0
SHP00473K,Kolkata,Rotterdam,Sea,Furniture,2404.0,10.6,3820.0,40FT_HC,88.83,Peak,Carrier_C,7.0,63263.0
SHP00474M,Mumbai,New York,Road,Furniture,2412.0,1.3,7374.0,20FT,94.06,Normal,Carrier_E,12.0,89897.0
SHP00475D,Delhi,Colombo,Sea,Pharmaceuticals,1808.0,2.52,11193.0,AIR_CARGO,87.39,Normal,Carrier_B,24.0,85068.0
SHP00476D,Delhi,Singapore,Road,Chemicals,1763.0,7.7,11126.0,20FT,87.39,Normal,Carrier_A,21.0,115406.0
SHP00477B,Bengaluru,Singapore,Sea,Pharmaceuticals,3034.0,8.77,8584.0,LCL,82.05,Normal,Carrier_E,18.0,64220.0
SHP00478P,Pune,Hamburg,Sea,Pharmaceuticals,10921.0,0.5,1463.0,LCL,107.52,Off_Peak,Carrier_D,23.0,98269.0
SHP00479H,Hyderabad,Dubai,Road,Pharmaceuticals,2350.0,1.08,11580.0,LCL,111.32,Normal,Carrier_B,22.0,160802.0
SHP00480P,Pune,Shanghai,Sea,Pharmaceuticals,1734.0,6.46,9644.0,AIR_CARGO,78.29,Normal,Carrier_A,20.0,67773.0
SHP00481P,Pune,Singapore,Sea,Furniture,3030.0,8.21,5190.0,40FT,81.2,Normal,Carrier_D,13.0,55705.0
SHP00482B,Bengaluru,Hamburg,Air,Furniture,5139.0,14.9,6057.0,LCL,84.14,Normal,Carrier_B,16.0,198311.0
SHP00483K,Kolkata,Rotterdam,Sea,Textiles,5277.0,15.69,11209.0,20FT,95.36,Normal,Carrier_B,21.0,102899.0
SHP00484P,Pune,Singapore,Sea,Textiles,5780.0,14.73,8205.0,40FT,106.65,Normal,Carrier_A,16.0,97166.0
SHP00485M,Mumbai,Shanghai,Sea,Automotive Parts,2012.0,6.47,9938.0,20FT,77.86,Off_Peak,Carrier_A,21.0,54317.0
SHP00486A,Mumbai,New York,Road,Pharmaceuticals,2125.0,2.78,1835.0,20FT,100.47,Normal,Carrier_A,6.0,44739.0
SHP00487P,Pune,Colombo,Sea,Furniture,2730.0,3.07,1096.0,LCL,80.97,Off_Peak,Carrier_E,7.0,29825.0
SHP00488D,Delhi,London,Sea,Electronics,2001.0,6.02,4457.0,20FT,113.86,Normal,Carrier_B,13.0,74458.0
SHP00489P,Pune,Singapore,Road,Machinery,2048.0,11.7,2665.0,AIR_CARGO,110.95,Off_Peak,Carrier_C,3.0,53467.0
SHP00490M,Mumbai,London,Road,Automotive Parts,1674.0,0.69,10924.0,40FT,112.98,Peak,Carrier_D,19.0,195464.0
SHP00491C,Chennai,London,Sea,Furniture,1669.0,6.87,2994.0,LCL,79.25,Normal,Carrier_A,4.0,43002.0
SHP00492M,Mumbai,London,Sea,Electronics,6908.0,1.51,829.0,LCL,94.52,Normal,Carrier_B,17.0,66008.0
SHP00493C,Chennai,Los Angeles,Sea,Pharmaceuticals,5000.0,5.47,1483.0,20FT,81.61,Normal,Carrier_D,6.0,33909.0
SHP00494B,Bengaluru,London,Sea,General Merchandise,2573.0,5.64,2282.0,20FT,99.01,Peak,Carrier_C,3.0,45609.0
SHP00495B,Bengaluru,Los Angeles,Sea,Pharmaceuticals,2637.0,10.99,3345.0,40FT_HC,84.31,Off_Peak,Carrier_D,8.0,38210.0
SHP00496K,Kolkata,Colombo,Sea,Textiles,3422.0,5.18,11803.0,40FT_HC,105.83,Normal,Carrier_C,23.0,116489.0
SHP00497M,Mumbai,London,Sea,Machinery,2113.0,5.6,9666.0,LCL,100.76,Off_Peak,Carrier_A,15.0,79948.0
SHP00498M,Mumbai,Hamburg,Sea,Furniture,2519.0,7.76,8246.0,LCL,97.86,Normal,Carrier_E,17.0,82291.0
SHP00499C,Chennai,London,Road,Furniture,5636.0,10.69,11037.0,20FT,108.01,Peak,Carrier_C,20.0,180745.0
SHP00500B,Bengaluru,Jebel Ali,Road,Chemicals,2415.0,6.97,11496.0,AIR_CARGO,95.01,Normal,Carrier_A,24.0,135379.0
SHP00501C,Chennai,Dubai,Air,Machinery,1658.0,7.98,5716.0,AIR_CARGO,85.79,Off_Peak,Carrier_D,10.0,138834.0
SHP00502B,Bengaluru,Hamburg,Sea,Chemicals,4268.0,2.48,1153.0,20FT,99.83,Normal,Carrier_D,10.0,59906.0
SHP00503C,Chennai,Shanghai,Sea,Machinery,4198.0,13.0,4126.0,40FT_HC,113.28,Peak,Carrier_D,12.0,99403.0
SHP00504B,Bengaluru,Singapore,Air,Textiles,5000.0,0.5,911.0,40FT_HC,99.05,Off_Peak,Carrier_E,6.0,69574.0
SHP00505C,Chennai,Colombo,Air,Chemicals,3716.0,0.5,1450.0,AIR_CARGO,100.18,Normal,Carrier_B,10.0,156941.0
SHP00506A,Mumbai,Colombo,Sea,Electronics,3282.0,10.6,4583.0,LCL,112.39,Normal,Carrier_C,10.0,65920.0
SHP00507B,Bengaluru,Jebel Ali,Road,Chemicals,5000.0,0.5,924.0,20FT,95.61,Normal,Carrier_B,1.0,30124.0
SHP00508H,Hyderabad,Jebel Ali,Air,Automotive Parts,1677.0,0.5,10650.0,LCL,114.85,Normal,Carrier_D,20.0,391673.0
SHP00509C,Chennai,Jebel Ali,Road,Electronics,2719.0,3.43,10250.0,40FT_HC,81.39,Normal,Carrier_E,20.0,104825.0
SHP00510M,Mumbai,Jebel Ali,Air,Automotive Parts,1949.0,10.03,3392.0,AIR_CARGO,96.48,Off_Peak,Carrier_A,8.0,124663.0
SHP00511K,Kolkata,Jebel Ali,Sea,Pharmaceuticals,9729.0,7.38,1320.0,LCL,83.52,Off_Peak,Carrier_E,17.0,56322.0
SHP00512H,Hyderabad,Rotterdam,Sea,Machinery,1700.0,0.5,9656.0,40FT_HC,93.13,Normal,Carrier_B,20.0,81940.0
SHP00513H,Hyderabad,New York,Road,Electronics,4252.0,4.28,4353.0,40FT_HC,81.82,Normal,Carrier_D,8.0,63910.0
SHP00514C,Chennai,Colombo,Road,Machinery,8221.0,17.94,8516.0,40FT_HC,83.9,Peak,Carrier_C,21.0,118930.0
SHP00515K,Kolkata,Jebel Ali,Sea,Pharmaceuticals,2737.0,10.68,3833.0,LCL,83.43,Peak,Carrier_E,9.0,49085.0
SHP00516M,Mumbai,Singapore,Sea,General Merchandise,5000.0,0.85,1308.0,40FT,87.8,Normal,Carrier_B,6.0,32086.0
SHP00517H,Hyderabad,Rotterdam,Sea,Furniture,3617.0,7.86,6305.0,AIR_CARGO,80.38,Normal,Carrier_B,15.0,55682.0
SHP00518M,Mumbai,Hamburg,Air,Machinery,1932.0,2.14,5541.0,40FT_HC,107.37,Peak,Carrier_A,16.0,255741.0
SHP00519B,Bengaluru,Hamburg,Road,Pharmaceuticals,2089.0,1.84,1227.0,LCL,83.83,Normal,Carrier_C,6.0,29096.0
SHP00520P,Pune,Los Angeles,Sea,Machinery,6141.0,6.93,1486.0,20FT,91.66,Normal,Carrier_B,12.0,59387.0
SHP00521A,Mumbai,New York,Sea,Pharmaceuticals,1528.0,3.98,11418.0,AIR_CARGO,75.64,Off_Peak,Carrier_C,22.0,55988.0
SHP00522P,Pune,Hamburg,Sea,Automotive Parts,8911.0,1.57,999.0,20FT,79.2,Normal,Carrier_D,21.0,61660.0
SHP00523P,Pune,Jebel Ali,Road,Pharmaceuticals,2400.0,8.32,8997.0,20FT,110.85,Normal,Carrier_E,16.0,133024.0
SHP00524K,Kolkata,Colombo,Air,Chemicals,8204.0,19.82,9212.0,LCL,108.49,Normal,Carrier_B,17.0,438188.0
SHP00525A,Mumbai,Los Angeles,Sea,General Merchandise,9063.0,6.72,1224.0,40FT,108.64,Normal,Carrier_D,19.0,318698.0
SHP00526D,Delhi,Dubai,Sea,Machinery,8041.0,16.43,729.0,LCL,91.45,Normal,Carrier_A,3.0,46804.0
SHP00527B,Bengaluru,Rotterdam,Sea,Pharmaceuticals,2862.0,7.9,11134.0,LCL,80.66,Normal,Carrier_C,24.0,67565.0
SHP00528K,Kolkata,Dubai,Sea,Pharmaceuticals,2354.0,9.16,10047.0,AIR_CARGO,79.32,Normal,Carrier_D,18.0,72661.0
SHP00529C,Chennai,Dubai,Sea,Machinery,2028.0,11.04,3658.0,LCL,99.22,Normal,Carrier_C,9.0,53691.0
SHP00530A,Mumbai,Jebel Ali,Road,Furniture,6857.0,0.5,1480.0,AIR_CARGO,108.13,Off_Peak,Carrier_C,14.0,86736.0
SHP00531C,Chennai,Dubai,Air,General Merchandise,3022.0,6.5,7573.0,40FT_HC,111.0,Normal,Carrier_B,14.0,313610.0
SHP00532M,Mumbai,Dubai,Road,General Merchandise,3510.0,3.09,2017.0,AIR_CARGO,86.55,Normal,Carrier_C,7.0,48218.0
SHP00533P,Pune,Hamburg,Road,Pharmaceuticals,3421.0,0.5,517.0,LCL,87.84,Normal,Carrier_D,8.0,47873.0
SHP00534H,Hyderabad,Shanghai,Sea,Electronics,13056.0,31.16,767.0,40FT_HC,79.04,Peak,Carrier_A,3.0,49491.0
SHP00535A,Mumbai,Los Angeles,Sea,Automotive Parts,10435.0,0.5,770.0,40FT_HC,105.98,Normal,Carrier_B,19.0,325461.0
SHP00536D,Delhi,Dubai,Road,General Merchandise,1780.0,5.92,786.0,40FT,86.03,Off_Peak,Carrier_E,3.0,31714.0
SHP00537C,Chennai,New York,Air,General Merchandise,4165.0,3.36,537.0,LCL,94.24,Normal,Carrier_A,8.0,124435.0
SHP00538K,Kolkata,Singapore,Sea,Textiles,2100.0,4.69,1400.0,20FT,112.16,Normal,Carrier_D,6.0,50151.0
SHP00539A,Mumbai,Los Angeles,Sea,Chemicals,1852.0,1.05,9486.0,LCL,105.09,Normal,Carrier_B,21.0,84364.0
SHP00540A,Mumbai,New York,Sea,General Merchandise,1793.0,3.29,11137.0,20FT,77.11,Normal,Carrier_C,26.0,63514.0
SHP00541H,Hyderabad,Singapore,Road,Automotive Parts,3047.0,15.72,6972.0,40FT,75.33,Normal,Carrier_A,16.0,64643.0
SHP00542H,Hyderabad,Dubai,Sea,Chemicals,2134.0,3.0,2105.0,LCL,106.5,Peak,Carrier_B,5.0,50920.0
SHP00543K,Kolkata,Shanghai,Sea,Chemicals,3548.0,5.3,6919.0,40FT,97.1,Normal,Carrier_E,14.0,74458.0
SHP00544H,Hyderabad,London,Air,Machinery,9359.0,0.5,1119.0,20FT,103.81,Normal,Carrier_E,20.0,282063.0
SHP00545C,Chennai,Colombo,Sea,Machinery,2629.0,10.44,8762.0,AIR_CARGO,81.27,Normal,Carrier_E,18.0,63435.0
SHP00546K,Kolkata,New York,Sea,Machinery,1658.0,0.5,9030.0,LCL,109.88,Normal,Carrier_B,18.0,93222.0
SHP00547P,Pune,Dubai,Sea,Machinery,1965.0,5.03,3710.0,40FT_HC,105.93,Normal,Carrier_A,8.0,64098.0
SHP00548K,Kolkata,Los Angeles,Sea,Textiles,2980.0,15.52,1348.0,40FT_HC,110.63,Normal,Carrier_C,7.0,140713.0
SHP00549M,Mumbai,Hamburg,Sea,General Merchandise,1801.0,5.77,2213.0,40FT,88.64,Normal,Carrier_A,5.0,43625.0
SHP00550D,Delhi,Dubai,Air,Machinery,2335.0,6.99,11488.0,AIR_CARGO,86.03,Normal,Carrier_C,26.0,253994.0
SHP00551A,Mumbai,London,Sea,Pharmaceuticals,7555.0,1.51,1181.0,40FT_HC,81.07,Normal,Carrier_A,16.0,63225.0
SHP00552M,Mumbai,Dubai,Road,Electronics,5096.0,13.39,8871.0,40FT_HC,112.2,Normal,Carrier_A,17.0,155719.0
SHP00553D,Delhi,Dubai,Sea,Machinery,4014.0,9.86,10839.0,LCL,82.07,Normal,Carrier_B,20.0,78042.0
SHP00554K,Kolkata,Colombo,Sea,General Merchandise,2668.0,8.51,10307.0,40FT_HC,79.77,Peak,Carrier_E,20.0,79971.0
SHP00555A,Mumbai,Hamburg,Road,Machinery,2135.0,0.5,3012.0,20FT,82.71,Peak,Carrier_E,8.0,49123.0
SHP00556H,Hyderabad,New York,Sea,Textiles,2336.0,7.08,1168.0,40FT,105.86,Normal,Carrier_E,3.0,44897.0
SHP00557D,Delhi,Jebel Ali,Sea,Automotive Parts,5025.0,13.7,11139.0,40FT_HC,110.58,Normal,Carrier_E,24.0,130312.0
SHP00558K,Kolkata,Jebel Ali,Sea,Automotive Parts,3833.0,19.32,11789.0,LCL,107.44,Peak,Carrier_A,23.0,129037.0
SHP00559K,Kolkata,Los Angeles,Sea,General Merchandise,5080.0,12.08,7024.0,20FT,97.53,Normal,Carrier_E,15.0,268759.0
SHP00560M,Mumbai,Shanghai,Sea,Pharmaceuticals,2002.0,5.65,10717.0,40FT_HC,114.76,Off_Peak,Carrier_A,19.0,108845.0
SHP00561M,Mumbai,Dubai,Air,Automotive Parts,3423.0,9.74,3166.0,40FT,77.75,Normal,Carrier_C,9.0,106805.0
SHP00562H,Hyderabad,Los Angeles,Sea,Furniture,5414.0,14.59,1777.0,40FT,109.69,Off_Peak,Carrier_D,5.0,59056.0
SHP00563P,Pune,Shanghai,Sea,Automotive Parts,6248.0,0.5,1369.0,40FT,92.11,Peak,Carrier_D,17.0,79189.0
SHP00564B,Bengaluru,New York,Sea,Electronics,9829.0,6.4,1314.0,40FT_HC,93.2,Peak,Carrier_C,21.0,96234.0
SHP00565C,Chennai,New York,Sea,General Merchandise,2990.0,3.45,8029.0,20FT,80.1,Peak,Carrier_A,17.0,65191.0
SHP00566B,Bengaluru,Hamburg,Sea,Pharmaceuticals,7829.0,4.29,1120.0,AIR_CARGO,76.34,Off_Peak,Carrier_E,19.0,47224.0
SHP00567B,Bengaluru,Jebel Ali,Sea,General Merchandise,5000.0,0.5,701.0,40FT,87.67,Normal,Carrier_B,4.0,31695.0
SHP00568A,Mumbai,Jebel Ali,Sea,Automotive Parts,5365.0,11.88,4151.0,20FT,81.99,Normal,Carrier_A,12.0,50344.0
SHP00569P,Pune,Los Angeles,Sea,Automotive Parts,6008.0,12.42,11304.0,LCL,94.33,Normal,Carrier_A,21.0,138929.0
SHP00570A,Mumbai,Colombo,Sea,Automotive Parts,2044.0,1.77,1161.0,LCL,80.89,Normal,Carrier_C,7.0,28390.0
SHP00571H,Hyderabad,Jebel Ali,Sea,Chemicals,8853.0,2.02,986.0,20FT,80.52,Normal,Carrier_C,19.0,49892.0
SHP00572A,Mumbai,Colombo,Air,Textiles,1635.0,5.38,9232.0,LCL,110.08,Normal,Carrier_B,16.0,309378.0
SHP00573D,Delhi,Colombo,Sea,Machinery,5644.0,13.05,8928.0,LCL,111.85,Off_Peak,Carrier_E,21.0,95872.0
SHP00574H,Hyderabad,New York,Sea,Furniture,1914.0,8.06,11877.0,40FT,113.57,Normal,Carrier_D,21.0,124945.0
SHP00575H,Hyderabad,Hamburg,Road,Textiles,2659.0,4.2,5206.0,40FT_HC,102.22,Normal,Carrier_E,9.0,87227.0
SHP00576K,Kolkata,Los Angeles,Sea,General Merchandise,3088.0,9.07,8345.0,40FT_HC,105.84,Normal,Carrier_E,11.0,126233.0
SHP00577K,Kolkata,Singapore,Sea,Furniture,2799.0,3.33,2727.0,40FT_HC,108.43,Normal,Carrier_A,8.0,68280.0
SHP00578K,Kolkata,Los Angeles,Sea,Electronics,6602.0,22.85,5097.0,40FT_HC,101.36,Normal,Carrier_B,8.0,104511.0
SHP00579C,Chennai,Colombo,Sea,Machinery,1566.0,5.46,6153.0,20FT,88.21,Peak,Carrier_A,12.0,64042.0
SHP00580D,Delhi,Shanghai,Sea,Electronics,2339.0,2.78,2971.0,40FT,81.26,Normal,Carrier_C,9.0,39618.0
SHP00581D,Delhi,Shanghai,Sea,Pharmaceuticals,2908.0,13.86,10928.0,20FT,84.49,Normal,Carrier_D,22.0,71062.0
SHP00582K,Kolkata,Hamburg,Road,Chemicals,2422.0,7.84,8736.0,LCL,108.62,Off_Peak,Carrier_B,17.0,115489.0
SHP00583B,Bengaluru,New York,Sea,General Merchandise,3763.0,0.5,1132.0,40FT,102.84,Normal,Carrier_B,6.0,53819.0
SHP00584C,Chennai,New York,Sea,Chemicals,2052.0,1.76,960.0,AIR_CARGO,93.23,Normal,Carrier_E,6.0,45651.0
SHP00585B,Bengaluru,Colombo,Sea,General Merchandise,3810.0,0.5,947.0,40FT_HC,76.18,Peak,Carrier_A,11.0,36456.0
SHP00586M,Mumbai,Colombo,Sea,Electronics,4008.0,4.99,7664.0,LCL,85.65,Normal,Carrier_E,17.0,61357.0
SHP00587D,Delhi,London,Sea,Electronics,10004.0,8.33,1467.0,40FT_HC,104.16,Normal,Carrier_E,24.0,99660.0
SHP00588D,Delhi,London,Sea,Electronics,3392.0,4.48,6286.0,40FT_HC,95.5,Normal,Carrier_B,12.0,68947.0
SHP00589B,Bengaluru,Colombo,Sea,General Merchandise,2645.0,0.95,1679.0,40FT_HC,92.42,Normal,Carrier_D,2.0,45064.0
SHP00590C,Chennai,Jebel Ali,Sea,Automotive Parts,3367.0,5.7,1327.0,AIR_CARGO,87.55,Off_Peak,Carrier_C,9.0,37131.0
SHP00591D,Delhi,Los Angeles,Sea,Electronics,4469.0,9.85,1348.0,LCL,99.28,Normal,Carrier_E,11.0,55085.0
SHP00592B,Bengaluru,Jebel Ali,Sea,Chemicals,2728.0,11.12,7816.0,40FT_HC,113.66,Peak,Carrier_D,16.0,122408.0
SHP00593H,Hyderabad,New York,Sea,Pharmaceuticals,2629.0,15.42,3336.0,40FT_HC,111.04,Off_Peak,Carrier_E,7.0,61475.0
SHP00594H,Hyderabad,Singapore,Sea,Machinery,3442.0,17.88,3190.0,40FT,76.22,Normal,Carrier_D,2.0,38779.0
SHP00595A,Mumbai,Los Angeles,Sea,General Merchandise,1857.0,0.82,3791.0,40FT_HC,94.24,Normal,Carrier_A,7.0,66482.0
SHP00596C,Chennai,Jebel Ali,Sea,Furniture,7314.0,2.19,1442.0,40FT,88.18,Off_Peak,Carrier_C,16.0,49790.0
SHP00597B,Bengaluru,Jebel Ali,Air,Chemicals,2685.0,0.5,6165.0,LCL,95.42,Peak,Carrier_B,14.0,243711.0
SHP00598A,Mumbai,Rotterdam,Sea,Textiles,6292.0,10.33,10179.0,LCL,99.25,Peak,Carrier_A,22.0,104581.0
SHP00599H,Hyderabad,Los Angeles,Sea,Pharmaceuticals,8526.0,6.05,738.0,LCL,83.0,Normal,Carrier_E,18.0,56260.0
SHP00600C,Chennai,Singapore,Sea,Textiles,8168.0,4.65,1487.0,40FT,106.26,Peak,Carrier_E,18.0,101999.0
SHP00601P,Pune,Hamburg,Sea,Machinery,3670.0,14.56,2278.0,AIR_CARGO,94.0,Off_Peak,Carrier_C,8.0,41961.0
SHP00602A,Mumbai,Hamburg,Sea,Automotive Parts,2878.0,3.39,1135.0,AIR_CARGO,114.68,Normal,Carrier_C,4.0,51106.0
SHP00603P,Pune,Jebel Ali,Sea,Electronics,3705.0,6.63,6365.0,40FT_HC,76.01,Normal,Carrier_C,14.0,45522.0
SHP00604K,Kolkata,Colombo,Sea,General Merchandise,1891.0,6.88,1324.0,LCL,82.59,Off_Peak,Carrier_E,1.0,30145.0
SHP00605C,Chennai,Singapore,Sea,Chemicals,4686.0,6.31,877.0,20FT,102.59,Peak,Carrier_E,9.0,65243.0
SHP00606M,Mumbai,Singapore,Sea,Furniture,7409.0,11.1,800.0,40FT_HC,102.81,Normal,Carrier_B,2.0,53796.0
SHP00607K,Kolkata,New York,Sea,Electronics,5057.0,11.08,2533.0,AIR_CARGO,98.29,Off_Peak,Carrier_C,6.0,41527.0
SHP00608A,Mumbai,Shanghai,Sea,Chemicals,2461.0,7.46,1769.0,AIR_CARGO,113.88,Off_Peak,Carrier_D,3.0,46444.0
SHP00609B,Bengaluru,Rotterdam,Sea,General Merchandise,9711.0,6.58,1447.0,LCL,91.61,Normal,Carrier_B,22.0,72088.0
SHP00610K,Kolkata,New York,Air,Textiles,1817.0,8.25,4480.0,40FT,91.68,Peak,Carrier_D,8.0,185697.0
SHP00611K,Kolkata,Singapore,Sea,Electronics,2901.0,6.61,1407.0,40FT_HC,111.42,Normal,Carrier_A,7.0,57689.0
SHP00612A,Mumbai,Dubai,Air,Machinery,2123.0,0.5,3553.0,40FT,96.54,Normal,Carrier_C,7.0,140018.0
SHP00613B,Bengaluru,Colombo,Sea,Automotive Parts,2477.0,0.5,8352.0,AIR_CARGO,89.15,Normal,Carrier_B,16.0,66929.0
SHP00614B,Bengaluru,Singapore,Sea,Machinery,7120.0,16.22,9075.0,LCL,103.76,Peak,Carrier_B,17.0,112230.0
SHP00615H,Hyderabad,Rotterdam,Sea,Automotive Parts,4557.0,9.69,1878.0,AIR_CARGO,99.79,Normal,Carrier_A,4.0,57220.0
SHP00616M,Mumbai,Singapore,Road,Pharmaceuticals,9454.0,0.5,1168.0,LCL,87.26,Normal,Carrier_A,22.0,94317.0
SHP00617B,Bengaluru,Los Angeles,Sea,Chemicals,2628.0,9.83,4761.0,20FT,86.92,Normal,Carrier_A,10.0,44957.0
SHP00618D,Delhi,Los Angeles,Sea,Electronics,1783.0,0.5,8313.0,40FT,90.82,Peak,Carrier_B,17.0,82973.0
SHP00619D,Delhi,London,Air,Electronics,3034.0,4.58,8222.0,40FT_HC,77.86,Off_Peak,Carrier_E,15.0,174282.0
SHP00620M,Mumbai,Rotterdam,Sea,Pharmaceuticals,2399.0,10.38,9626.0,LCL,112.7,Normal,Carrier_D,19.0,365073.0
SHP00621C,Chennai,Jebel Ali,Sea,Automotive Parts,17207.0,37.87,8518.0,20FT,82.32,Normal,Carrier_D,18.0,88125.0
SHP00622A,Mumbai,Shanghai,Sea,Textiles,3305.0,9.16,947.0,20FT,82.75,Peak,Carrier_A,3.0,35393.0
SHP00623C,Chennai,Jebel Ali,Sea,General Merchandise,2291.0,5.42,6474.0,40FT,100.88,Normal,Carrier_E,13.0,70793.0
SHP00624D,Delhi,Shanghai,Sea,Machinery,8283.0,20.69,2411.0,LCL,103.97,Normal,Carrier_E,8.0,63284.0
SHP00625B,Bengaluru,Shanghai,Sea,Pharmaceuticals,2857.0,10.33,11655.0,40FT_HC,104.47,Normal,Carrier_A,24.0,106198.0
SHP00626M,Mumbai,Shanghai,Sea,Furniture,3442.0,3.52,932.0,40FT_HC,90.0,Normal,Carrier_C,6.0,46555.0
SHP00627C,Chennai,Hamburg,Sea,Furniture,2306.0,0.5,5331.0,40FT_HC,109.93,Normal,Carrier_B,12.0,80391.0
SHP00628C,Chennai,Shanghai,Air,Chemicals,3725.0,4.0,2762.0,AIR_CARGO,96.76,Normal,Carrier_C,6.0,145502.0
SHP00629P,Pune,Singapore,Sea,Pharmaceuticals,3425.0,9.33,2048.0,AIR_CARGO,92.54,Normal,Carrier_E,7.0,46375.0
SHP00630A,Mumbai,Dubai,Sea,Machinery,4805.0,7.76,7411.0,LCL,107.42,Normal,Carrier_A,16.0,82322.0
SHP00631K,Kolkata,Rotterdam,Sea,Machinery,2763.0,10.4,6172.0,40FT_HC,84.74,Off_Peak,Carrier_B,15.0,163409.0
SHP00632D,Delhi,Dubai,Road,Chemicals,2639.0,7.52,4809.0,20FT,109.41,Off_Peak,Carrier_D,9.0,86035.0
SHP00633B,Bengaluru,London,Sea,Chemicals,5000.0,0.5,1482.0,40FT_HC,96.55,Off_Peak,Carrier_E,4.0,34387.0
SHP00634M,Mumbai,Singapore,Sea,Electronics,6752.0,23.63,8964.0,LCL,111.0,Normal,Carrier_B,16.0,104968.0
SHP00635C,Chennai,Shanghai,Sea,Machinery,2050.0,3.42,567.0,40FT_HC,83.06,Peak,Carrier_B,3.0,39913.0
SHP00636A,Mumbai,Hamburg,Sea,General Merchandise,5763.0,2.31,1323.0,40FT,112.44,Normal,Carrier_C,9.0,67337.0
SHP00637K,Kolkata,New York,Sea,Furniture,13797.0,34.54,7775.0,40FT_HC,102.52,Normal,Carrier_D,17.0,121564.0
SHP00638D,Delhi,Jebel Ali,Sea,General Merchandise,7451.0,17.39,5453.0,20FT,99.73,Peak,Carrier_C,12.0,75852.0
SHP00639D,Delhi,Los Angeles,Sea,Automotive Parts,1869.0,8.3,1951.0,LCL,91.88,Normal,Carrier_C,6.0,32617.0
SHP00640A,Mumbai,Rotterdam,Sea,Pharmaceuticals,9450.0,0.5,736.0,LCL,113.25,Normal,Carrier_C,21.0,94254.0
SHP00641P,Pune,Dubai,Sea,Chemicals,1567.0,8.32,4225.0,20FT,92.76,Normal,Carrier_C,10.0,49809.0
SHP00642M,Mumbai,Singapore,Sea,Electronics,6978.0,19.34,2050.0,LCL,94.94,Normal,Carrier_E,3.0,48712.0
SHP00643C,Chennai,New York,Sea,General Merchandise,2804.0,3.58,6828.0,40FT_HC,106.26,Off_Peak,Carrier_D,13.0,81291.0
SHP00644M,Mumbai,Colombo,Sea,Textiles,5000.0,3.48,720.0,LCL,86.39,Normal,Carrier_C,3.0,23370.0
SHP00645A,Mumbai,Colombo,Sea,Furniture,4162.0,14.76,4227.0,40FT_HC,86.66,Normal,Carrier_E,9.0,58781.0
SHP00646A,Mumbai,Los Angeles,Sea,Electronics,2181.0,7.28,9132.0,LCL,106.01,Normal,Carrier_E,18.0,128534.0
SHP00647M,Mumbai,Colombo,Sea,Electronics,1640.0,4.49,10996.0,40FT_HC,80.14,Normal,Carrier_B,25.0,78280.0
SHP00648H,Hyderabad,Jebel Ali,Air,General Merchandise,1723.0,6.59,7305.0,40FT_HC,107.92,Normal,Carrier_B,15.0,269394.0
SHP00649K,Kolkata,London,Air,Textiles,5844.0,16.74,3003.0,20FT,100.01,Off_Peak,Carrier_A,8.0,174019.0
SHP00650D,Delhi,Colombo,Sea,Automotive Parts,3567.0,6.47,3030.0,20FT,96.56,Normal,Carrier_E,3.0,52279.0
SHP00651H,Hyderabad,Los Angeles,Sea,General Merchandise,7445.0,2.89,952.0,AIR_CARGO,84.16,Normal,Carrier_A,17.0,58552.0
SHP00652B,Bengaluru,London,Sea,Textiles,3174.0,10.95,5178.0,20FT,106.45,Normal,Carrier_E,17.0,72881.0
SHP00653D,Delhi,Jebel Ali,Sea,Electronics,2681.0,6.92,2539.0,40FT_HC,107.2,Normal,Carrier_C,9.0,55434.0
SHP00654D,Delhi,Los Angeles,Sea,Furniture,1902.0,1.66,9555.0,40FT_HC,94.32,Normal,Carrier_C,18.0,251926.0
SHP00655K,Kolkata,Colombo,Sea,Textiles,1969.0,5.81,2803.0,LCL,90.57,Normal,Carrier_A,12.0,39099.0
SHP00656B,Bengaluru,Shanghai,Sea,Electronics,4199.0,1.83,1425.0,LCL,84.85,Normal,Carrier_C,10.0,40233.0
SHP00657C,Chennai,Rotterdam,Sea,Pharmaceuticals,1625.0,6.2,1206.0,AIR_CARGO,105.17,Off_Peak,Carrier_C,5.0,33704.0
SHP00658B,Bengaluru,Colombo,Sea,General Merchandise,3018.0,12.89,8566.0,40FT_HC,100.58,Normal,Carrier_B,17.0,93560.0
SHP00659C,Chennai,Los Angeles,Sea,Chemicals,2087.0,7.68,3666.0,AIR_CARGO,83.27,Normal,Carrier_C,8.0,46965.0
SHP00660P,Pune,Rotterdam,Sea,General Merchandise,3564.0,5.19,3178.0,40FT_HC,106.78,Normal,Carrier_B,3.0,62475.0
SHP00661P,Pune,Rotterdam,Sea,Pharmaceuticals,1501.0,4.78,3989.0,20FT,110.29,Normal,Carrier_D,11.0,60652.0
SHP00662B,Bengaluru,London,Road,Machinery,3960.0,0.5,10553.0,LCL,77.37,Normal,Carrier_E,21.0,91573.0
SHP00663M,Mumbai,Jebel Ali,Sea,Machinery,5875.0,13.59,6457.0,AIR_CARGO,105.9,Normal,Carrier_B,13.0,88062.0
SHP00664A,Mumbai,Colombo,Sea,Machinery,2489.0,9.69,2316.0,40FT,109.11,Normal,Carrier_B,7.0,59888.0
SHP00665B,Bengaluru,New York,Sea,General Merchandise,3507.0,9.96,9407.0,40FT_HC,114.66,Normal,Carrier_B,18.0,121485.0
SHP00666H,Hyderabad,Shanghai,Sea,Automotive Parts,3597.0,9.0,2897.0,20FT,84.5,Peak,Carrier_E,8.0,49285.0
SHP00667H,Hyderabad,Jebel Ali,Sea,General Merchandise,1804.0,12.81,5243.0,40FT,89.84,Normal,Carrier_E,14.0,50519.0
SHP00668K,Kolkata,New York,Sea,Furniture,3606.0,1.77,7033.0,20FT,113.65,Off_Peak,Carrier_E,16.0,78059.0
SHP00669A,Mumbai,New York,Sea,Pharmaceuticals,7221.0,0.5,572.0,20FT,78.76,Peak,Carrier_C,15.0,54987.0
SHP00670A,Mumbai,Dubai,Sea,Furniture,5000.0,2.98,1294.0,40FT_HC,95.95,Normal,Carrier_B,4.0,38596.0
SHP00671C,Chennai,London,Sea,Pharmaceuticals,2018.0,8.4,10123.0,20FT,95.27,Normal,Carrier_E,21.0,89650.0
SHP00672D,Delhi,Hamburg,Road,Chemicals,3774.0,12.74,6013.0,AIR_CARGO,99.26,Normal,Carrier_D,11.0,95921.0
SHP00673K,Kolkata,Singapore,Sea,Textiles,2366.0,3.34,11876.0,40FT,88.23,Normal,Carrier_E,24.0,90665.0
SHP00674H,Hyderabad,Singapore,Sea,General Merchandise,4060.0,6.29,8751.0,20FT,112.04,Off_Peak,Carrier_A,19.0,88167.0
SHP00675H,Hyderabad,London,Sea,General Merchandise,11915.0,0.5,1145.0,20FT,85.8,Normal,Carrier_A,24.0,78638.0
SHP00676P,Pune,London,Road,Electronics,4438.0,11.86,5715.0,LCL,100.99,Off_Peak,Carrier_B,12.0,82658.0
SHP00677C,Chennai,New York,Sea,Pharmaceuticals,7207.0,13.23,2119.0,LCL,94.84,Normal,Carrier_B,5.0,51928.0
SHP00678H,Hyderabad,London,Sea,Electronics,1590.0,8.24,8864.0,AIR_CARGO,85.67,Normal,Carrier_B,19.0,72191.0
SHP00679H,Hyderabad,New York,Road,Electronics,4127.0,9.74,9444.0,LCL,82.55,Normal,Carrier_C,17.0,90438.0
SHP00680C,Chennai,Jebel Ali,Road,General Merchandise,2537.0,3.23,10308.0,20FT,113.26,Peak,Carrier_A,19.0,180442.0
SHP00681H,Hyderabad,Hamburg,Air,Automotive Parts,3332.0,5.13,3967.0,20FT,97.45,Normal,Carrier_A,6.0,170889.0
SHP00682D,Delhi,Dubai,Sea,Textiles,7197.0,11.01,6373.0,40FT,99.17,Normal,Carrier_B,14.0,84003.0
SHP00683M,Mumbai,New York,Sea,Textiles,3093.0,4.19,10361.0,LCL,106.32,Peak,Carrier_A,23.0,115566.0
SHP00684K,Kolkata,London,Air,Furniture,4109.0,7.57,10444.0,40FT_HC,78.25,Off_Peak,Carrier_A,24.0,205920.0
SHP00685D,Delhi,Rotterdam,Sea,Pharmaceuticals,5000.0,4.25,795.0,LCL,103.55,Normal,Carrier_C,7.0,32811.0
SHP00686D,Delhi,Colombo,Sea,Chemicals,4028.0,9.19,8216.0,20FT,81.61,Off_Peak,Carrier_D,16.0,61030.0
SHP00687M,Mumbai,Singapore,Sea,Pharmaceuticals,7119.0,13.51,7419.0,40FT,104.62,Off_Peak,Carrier_B,16.0,90742.0
SHP00688P,Pune,Hamburg,Sea,Automotive Parts,5000.0,0.5,1458.0,LCL,80.65,Peak,Carrier_D,4.0,36340.0
SHP00689A,Mumbai,Colombo,Air,Automotive Parts,2027.0,3.88,11197.0,40FT,108.3,Normal,Carrier_D,26.0,387859.0
SHP00690K,Kolkata,Los Angeles,Sea,Textiles,3905.0,1.09,5622.0,LCL,102.24,Normal,Carrier_C,15.0,67517.0
SHP00691P,Pune,London,Sea,Machinery,3345.0,6.69,8254.0,AIR_CARGO,90.44,Normal,Carrier_A,17.0,66715.0
SHP00692P,Pune,New York,Sea,Electronics,10652.0,6.92,1033.0,20FT,89.35,Off_Peak,Carrier_B,20.0,68750.0
SHP00693D,Delhi,Dubai,Sea,Electronics,2783.0,5.82,1996.0,20FT,80.96,Normal,Carrier_E,1.0,30583.0
SHP00694H,Hyderabad,Rotterdam,Sea,Textiles,2014.0,5.43,10342.0,40FT_HC,111.16,Peak,Carrier_D,18.0,137836.0
SHP00695P,Pune,Dubai,Sea,Pharmaceuticals,8830.0,3.32,1332.0,20FT,79.74,Normal,Carrier_D,14.0,61650.0
SHP00696M,Mumbai,Colombo,Sea,Automotive Parts,6039.0,8.84,10155.0,40FT_HC,93.88,Off_Peak,Carrier_C,18.0,81548.0
SHP00697A,Mumbai,Rotterdam,Sea,Pharmaceuticals,2509.0,13.0,6191.0,20FT,84.46,Normal,Carrier_D,17.0,59312.0
SHP00698K,Kolkata,Shanghai,Sea,Chemicals,4736.0,9.65,885.0,LCL,114.85,Off_Peak,Carrier_D,1.0,48975.0
SHP00699B,Bengaluru,Singapore,Sea,Machinery,8211.0,2.76,1166.0,LCL,98.43,Normal,Carrier_D,15.0,78647.0
SHP00700C,Chennai,London,Sea,Textiles,3666.0,6.11,4807.0,AIR_CARGO,80.98,Peak,Carrier_C,9.0,48718.0
SHP00701H,Hyderabad,Los Angeles,Sea,Electronics,4985.0,16.42,5128.0,LCL,101.7,Off_Peak,Carrier_A,17.0,58726.0
SHP00702M,Mumbai,Colombo,Sea,General Merchandise,2136.0,0.5,5575.0,40FT,114.66,Off_Peak,Carrier_D,12.0,77866.0
SHP00703C,Chennai,New York,Sea,Pharmaceuticals,1810.0,9.52,6168.0,LCL,99.2,Peak,Carrier_B,15.0,72847.0
SHP00704A,Mumbai,Singapore,Sea,Automotive Parts,8112.0,1.33,1071.0,40FT_HC,93.3,Peak,Carrier_D,17.0,91533.0
SHP00705A,Mumbai,Los Angeles,Sea,General Merchandise,8858.0,1.25,1422.0,AIR_CARGO,86.73,Normal,Carrier_D,14.0,75426.0
SHP00706B,Bengaluru,Dubai,Road,Chemicals,1863.0,1.92,9434.0,40FT,78.68,Normal,Carrier_B,22.0,89763.0
SHP00707P,Pune,Singapore,Sea,Textiles,8223.0,10.39,1326.0,40FT,84.13,Normal,Carrier_C,18.0,54436.0
SHP00708D,Delhi,Los Angeles,Sea,Pharmaceuticals,1518.0,0.5,9740.0,20FT,97.14,Peak,Carrier_E,19.0,308330.0
SHP00709D,Delhi,Los Angeles,Sea,Electronics,2771.0,4.46,1905.0,40FT_HC,105.15,Normal,Carrier_B,9.0,56438.0
SHP00710K,Kolkata,Dubai,Air,Pharmaceuticals,2995.0,1.97,10123.0,LCL,110.12,Normal,Carrier_E,20.0,357171.0
SHP00711M,Mumbai,Los Angeles,Sea,Machinery,5080.0,4.85,4954.0,LCL,106.75,Normal,Carrier_A,11.0,253576.0
SHP00712M,Mumbai,Hamburg,Sea,Furniture,1524.0,8.85,6581.0,20FT,80.02,Normal,Carrier_A,13.0,49861.0
SHP00713P,Pune,Rotterdam,Sea,General Merchandise,2538.0,5.93,5488.0,LCL,105.94,Off_Peak,Carrier_D,14.0,70955.0
SHP00714A,Mumbai,Hamburg,Sea,Machinery,1906.0,0.5,5971.0,40FT,98.26,Normal,Carrier_D,14.0,78651.0
SHP00715K,Kolkata,Dubai,Sea,Chemicals,1820.0,7.65,3782.0,LCL,93.76,Normal,Carrier_C,9.0,40901.0
SHP00716P,Pune,Jebel Ali,Road,Electronics,2036.0,3.24,2454.0,LCL,97.91,Normal,Carrier_E,4.0,48091.0
SHP00717C,Chennai,Singapore,Air,General Merchandise,2201.0,2.65,1706.0,40FT,75.32,Normal,Carrier_A,4.0,72789.0
SHP00718D,Delhi,Shanghai,Road,Chemicals,2942.0,9.31,5691.0,40FT_HC,77.71,Normal,Carrier_A,10.0,58320.0
SHP00719D,Delhi,New York,Sea,Machinery,2017.0,3.11,1941.0,40FT_HC,96.03,Normal,Carrier_D,8.0,49934.0
SHP00720A,Mumbai,New York,Air,Machinery,5551.0,9.37,3317.0,40FT,81.94,Normal,Carrier_D,5.0,161591.0
SHP00721M,Mumbai,Colombo,Road,Furniture,2037.0,4.75,826.0,40FT,96.82,Off_Peak,Carrier_C,9.0,42467.0
SHP00722A,Mumbai,Colombo,Sea,General Merchandise,4960.0,11.24,1755.0,AIR_CARGO,89.17,Normal,Carrier_D,8.0,50425.0
SHP00723P,Pune,Dubai,Sea,Electronics,1967.0,7.67,10648.0,AIR_CARGO,111.3,Normal,Carrier_D,20.0,115881.0
SHP00724M,Mumbai,Colombo,Air,Machinery,2211.0,3.65,8251.0,LCL,112.99,Off_Peak,Carrier_C,16.0,264280.0
SHP00725K,Kolkata,New York,Sea,Textiles,2484.0,9.99,11123.0,LCL,114.19,Off_Peak,Carrier_D,21.0,104830.0
SHP00726P,Pune,Hamburg,Air,Furniture,3955.0,9.47,7906.0,AIR_CARGO,110.96,Off_Peak,Carrier_D,17.0,323919.0
SHP00727B,Bengaluru,Shanghai,Sea,Chemicals,10205.0,7.6,1411.0,LCL,114.44,Normal,Carrier_D,23.0,115043.0
SHP00728C,Chennai,New York,Air,General Merchandise,1631.0,7.99,6886.0,40FT_HC,103.25,Normal,Carrier_E,17.0,240147.0
SHP00729H,Hyderabad,Hamburg,Sea,Automotive Parts,3461.0,13.19,5820.0,40FT_HC,113.42,Normal,Carrier_A,12.0,85825.0
SHP00730B,Bengaluru,Jebel Ali,Sea,Automotive Parts,6577.0,2.25,829.0,20FT,100.67,Normal,Carrier_B,16.0,75749.0
SHP00731P,Pune,Dubai,Sea,Electronics,2445.0,7.35,4183.0,AIR_CARGO,107.37,Normal,Carrier_A,12.0,64319.0
SHP00732B,Bengaluru,London,Air,Textiles,8067.0,2.62,1488.0,40FT_HC,80.28,Normal,Carrier_E,16.0,170893.0
SHP00733M,Mumbai,Jebel Ali,Air,Machinery,10818.0,0.5,1298.0,20FT,102.3,Normal,Carrier_B,22.0,320978.0
SHP00734M,Mumbai,Jebel Ali,Sea,Automotive Parts,9497.0,10.07,862.0,40FT,112.24,Normal,Carrier_A,22.0,97718.0
SHP00735M,Mumbai,New York,Sea,Electronics,4130.0,6.82,5813.0,40FT_HC,96.6,Normal,Carrier_C,15.0,70150.0
SHP00736B,Bengaluru,Dubai,Road,Chemicals,2772.0,10.22,11470.0,20FT,82.47,Normal,Carrier_E,25.0,112118.0
SHP00737A,Mumbai,Rotterdam,Sea,Furniture,1615.0,6.75,11832.0,LCL,96.08,Peak,Carrier_C,29.0,95803.0
SHP00738C,Chennai,Los Angeles,Sea,Textiles,2246.0,6.07,6171.0,20FT,103.28,Normal,Carrier_C,14.0,212706.0
SHP00739A,Mumbai,Jebel Ali,Sea,Textiles,10443.0,2.31,1229.0,40FT_HC,105.79,Normal,Carrier_A,22.0,105052.0
SHP00740M,Mumbai,Colombo,Sea,Pharmaceuticals,1764.0,3.62,555.0,LCL,95.95,Normal,Carrier_B,6.0,31243.0
SHP00741P,Pune,Hamburg,Sea,Electronics,2198.0,2.61,1267.0,LCL,83.69,Normal,Carrier_D,8.0,33507.0
SHP00742P,Pune,Rotterdam,Sea,Electronics,2606.0,6.58,757.0,20FT,112.07,Off_Peak,Carrier_D,2.0,43733.0
SHP00743D,Delhi,Dubai,Air,Pharmaceuticals,3226.0,2.96,9391.0,20FT,105.94,Normal,Carrier_E,19.0,334255.0
SHP00744A,Mumbai,London,Sea,Furniture,5000.0,4.83,1417.0,40FT_HC,85.83,Normal,Carrier_C,3.0,29978.0
SHP00745C,Chennai,Shanghai,Sea,Machinery,3232.0,6.78,696.0,LCL,107.47,Normal,Carrier_E,4.0,32581.0
SHP00746P,Pune,Rotterdam,Sea,Electronics,2195.0,0.5,814.0,AIR_CARGO,88.91,Off_Peak,Carrier_A,8.0,37336.0
SHP00747D,Delhi,London,Sea,Pharmaceuticals,3309.0,2.77,4022.0,20FT,87.5,Normal,Carrier_C,7.0,39124.0
SHP00748C,Chennai,New York,Sea,Machinery,2176.0,4.65,5844.0,AIR_CARGO,109.52,Peak,Carrier_D,15.0,97048.0
SHP00749M,Mumbai,Singapore,Road,Furniture,5082.0,11.71,1252.0,AIR_CARGO,109.93,Normal,Carrier_A,3.0,60894.0
SHP00750A,Mumbai,Los Angeles,Sea,Machinery,1613.0,1.77,6238.0,LCL,90.94,Off_Peak,Carrier_A,12.0,49330.0
SHP00751H,Hyderabad,New York,Sea,General Merchandise,4153.0,11.9,3353.0,40FT_HC,75.36,Normal,Carrier_E,10.0,42458.0
SHP00752K,Kolkata,Dubai,Road,Textiles,3655.0,4.18,1171.0,AIR_CARGO,82.46,Normal,Carrier_E,7.0,40132.0
SHP00753M,Mumbai,Singapore,Sea,Chemicals,2678.0,6.6,9952.0,40FT_HC,111.37,Peak,Carrier_B,17.0,127550.0
SHP00754P,Pune,London,Sea,Textiles,11850.0,0.5,665.0,20FT,110.95,Peak,Carrier_D,25.0,136714.0
SHP00755B,Bengaluru,Singapore,Sea,Textiles,4438.0,7.61,5834.0,LCL,93.13,Normal,Carrier_D,12.0,66174.0
SHP00756H,Hyderabad,Shanghai,Air,General Merchandise,7681.0,12.7,4200.0,40FT,87.16,Normal,Carrier_E,12.0,214580.0
SHP00757B,Bengaluru,Colombo,Sea,Machinery,1588.0,3.02,11212.0,LCL,87.11,Normal,Carrier_D,24.0,79712.0
SHP00758C,Chennai,Colombo,Sea,Machinery,2707.0,8.69,6255.0,40FT,110.89,Peak,Carrier_D,10.0,106098.0
SHP00759B,Bengaluru,New York,Road,Electronics,3336.0,3.1,8899.0,20FT,87.99,Normal,Carrier_A,21.0,101546.0
SHP00760H,Hyderabad,New York,Air,General Merchandise,5258.0,0.5,913.0,40FT_HC,95.46,Normal,Carrier_C,15.0,157320.0
SHP00761H,Hyderabad,Dubai,Sea,Electronics,1536.0,3.45,2829.0,20FT,104.24,Peak,Carrier_C,9.0,60413.0
SHP00762M,Mumbai,Dubai,Sea,General Merchandise,8031.0,5.75,1476.0,LCL,83.38,Off_Peak,Carrier_B,19.0,56897.0
SHP00763D,Delhi,Hamburg,Sea,Electronics,11952.0,22.55,8146.0,40FT,85.15,Peak,Carrier_C,16.0,89300.0
SHP00764M,Mumbai,Shanghai,Air,Automotive Parts,4934.0,20.63,5792.0,40FT,89.32,Peak,Carrier_D,12.0,262851.0
SHP00765C,Chennai,Dubai,Sea,Pharmaceuticals,2171.0,8.18,3604.0,LCL,101.17,Normal,Carrier_A,9.0,47574.0
SHP00766P,Pune,Jebel Ali,Sea,Textiles,4148.0,7.48,10066.0,LCL,107.7,Off_Peak,Carrier_C,22.0,94502.0
SHP00767B,Bengaluru,Shanghai,Air,Textiles,2868.0,2.55,3666.0,20FT,96.87,Normal,Carrier_D,10.0,175684.0
SHP00768D,Delhi,Hamburg,Road,Furniture,3676.0,9.89,8079.0,AIR_CARGO,80.32,Normal,Carrier_D,16.0,87485.0
SHP00769A,Mumbai,Colombo,Sea,Chemicals,4916.0,4.89,1260.0,40FT,92.85,Normal,Carrier_E,10.0,56671.0
SHP00770K,Kolkata,Rotterdam,Sea,Pharmaceuticals,6104.0,10.57,5934.0,LCL,80.11,Peak,Carrier_E,10.0,218933.0
SHP00771H,Hyderabad,Hamburg,Sea,Machinery,1518.0,0.5,2931.0,20FT,78.53,Normal,Carrier_C,9.0,30325.0
SHP00772D,Delhi,Hamburg,Air,Chemicals,1570.0,0.5,7969.0,AIR_CARGO,98.58,Off_Peak,Carrier_E,16.0,219343.0
SHP00773P,Pune,New York,Sea,Automotive Parts,3669.0,8.99,3097.0,40FT_HC,113.25,Peak,Carrier_D,7.0,82020.0
SHP00774A,Mumbai,Los Angeles,Sea,Furniture,3130.0,7.76,6086.0,LCL,108.5,Normal,Carrier_D,17.0,81889.0
SHP00775D,Delhi,Singapore,Air,Chemicals,2538.0,14.7,4277.0,AIR_CARGO,105.98,Off_Peak,Carrier_E,11.0,177974.0
SHP00776M,Mumbai,Colombo,Sea,Furniture,4315.0,1.61,11581.0,40FT_HC,104.08,Peak,Carrier_A,24.0,130075.0
SHP00777A,Mumbai,London,Sea,Textiles,11796.0,0.5,1175.0,40FT_HC,110.89,Normal,Carrier_E,25.0,122981.0
SHP00778K,Kolkata,London,Air,Machinery,8291.0,17.62,9165.0,20FT,105.11,Normal,Carrier_A,22.0,408569.0
SHP00779P,Pune,Dubai,Air,Automotive Parts,1806.0,6.25,11815.0,40FT,100.08,Normal,Carrier_E,20.0,339561.0
SHP00780H,Hyderabad,Colombo,Sea,Textiles,2360.0,7.73,1806.0,LCL,89.59,Peak,Carrier_D,4.0,35414.0
SHP00781P,Pune,Jebel Ali,Air,Pharmaceuticals,8374.0,19.14,11912.0,AIR_CARGO,79.04,Normal,Carrier_D,23.0,327092.0
SHP00782C,Chennai,Dubai,Sea,Electronics,1576.0,9.8,1691.0,40FT_HC,93.44,Normal,Carrier_E,3.0,41694.0
SHP00783C,Chennai,Dubai,Sea,General Merchandise,4861.0,7.11,5278.0,40FT,111.99,Normal,Carrier_B,11.0,87070.0
SHP00784D,Delhi,Hamburg,Sea,Automotive Parts,2175.0,2.39,3248.0,40FT_HC,98.32,Off_Peak,Carrier_A,5.0,46297.0
SHP00785A,Mumbai,Colombo,Sea,Machinery,11469.0,0.5,1446.0,LCL,82.38,Peak,Carrier_B,25.0,87211.0
SHP00786D,Delhi,Singapore,Road,Furniture,1948.0,4.05,7812.0,LCL,100.96,Normal,Carrier_D,15.0,109990.0
SHP00787B,Bengaluru,Dubai,Sea,Chemicals,3612.0,7.27,7367.0,20FT,93.62,Normal,Carrier_A,16.0,66990.0
SHP00788K,Kolkata,Los Angeles,Sea,Pharmaceuticals,4833.0,14.65,11971.0,LCL,112.26,Normal,Carrier_E,24.0,120698.0
SHP00789H,Hyderabad,Shanghai,Sea,Chemicals,2895.0,14.31,7543.0,LCL,81.44,Peak,Carrier_A,17.0,65632.0
SHP00790D,Delhi,Jebel Ali,Road,Automotive Parts,7931.0,8.07,885.0,LCL,103.48,Normal,Carrier_A,11.0,100247.0
SHP00791B,Bengaluru,Jebel Ali,Sea,Pharmaceuticals,3779.0,4.11,1015.0,40FT,102.26,Normal,Carrier_C,5.0,45173.0
SHP00792A,Mumbai,Dubai,Sea,Machinery,2279.0,5.64,10379.0,AIR_CARGO,114.34,Off_Peak,Carrier_A,20.0,99454.0
SHP00793K,Kolkata,Los Angeles,Sea,Automotive Parts,11656.0,6.0,1221.0,AIR_CARGO,97.6,Peak,Carrier_D,24.0,118581.0
SHP00794H,Hyderabad,Shanghai,Sea,Machinery,3131.0,10.13,11544.0,LCL,109.86,Normal,Carrier_B,21.0,115356.0
SHP00795C,Chennai,Rotterdam,Sea,Chemicals,5224.0,21.7,3043.0,AIR_CARGO,75.99,Normal,Carrier_B,8.0,34546.0
SHP00796B,Bengaluru,New York,Road,Textiles,2511.0,5.1,3098.0,LCL,79.92,Normal,Carrier_E,10.0,39135.0
SHP00797A,Mumbai,New York,Road,Pharmaceuticals,4556.0,11.16,4710.0,AIR_CARGO,88.84,Peak,Carrier_C,11.0,78578.0
SHP00798K,Kolkata,New York,Sea,Electronics,3377.0,17.0,4067.0,AIR_CARGO,99.77,Off_Peak,Carrier_B,8.0,52633.0
SHP00799B,Bengaluru,Hamburg,Air,Textiles,3405.0,9.79,4015.0,40FT_HC,92.96,Normal,Carrier_B,8.0,167700.0
SHP00800D,Delhi,Jebel Ali,Road,Electronics,2050.0,2.49,7460.0,40FT,83.11,Off_Peak,Carrier_A,17.0,68392.0
SHP00801M,Mumbai,London,Air,Chemicals,4256.0,6.23,9764.0,40FT_HC,98.57,Normal,Carrier_D,21.0,346493.0
SHP00802C,Chennai,London,Sea,Furniture,4529.0,11.62,11273.0,40FT_HC,97.67,Normal,Carrier_D,23.0,108108.0
SHP00803D,Delhi,Hamburg,Sea,Pharmaceuticals,4185.0,14.23,1280.0,AIR_CARGO,95.98,Normal,Carrier_E,4.0,45714.0
SHP00804D,Delhi,Dubai,Sea,Textiles,2039.0,9.07,3697.0,20FT,78.62,Off_Peak,Carrier_D,9.0,27786.0
SHP00805A,Mumbai,Colombo,Sea,Textiles,4743.0,7.8,3433.0,20FT,112.08,Normal,Carrier_B,8.0,66197.0
SHP00806A,Mumbai,Colombo,Air,Automotive Parts,3214.0,8.07,4611.0,40FT,98.69,Peak,Carrier_A,10.0,224378.0
SHP00807K,Kolkata,New York,Road,General Merchandise,5380.0,1.36,1329.0,LCL,85.56,Normal,Carrier_D,13.0,61937.0
SHP00808A,Mumbai,Colombo,Road,Chemicals,1951.0,4.05,4975.0,AIR_CARGO,102.5,Normal,Carrier_C,12.0,73698.0
SHP00809B,Bengaluru,Dubai,Sea,Machinery,1771.0,7.84,11450.0,40FT,87.72,Normal,Carrier_C,25.0,78086.0
SHP00810C,Chennai,Rotterdam,Sea,Chemicals,5527.0,1.44,687.0,40FT_HC,95.23,Normal,Carrier_C,14.0,61524.0
SHP00811D,Delhi,Hamburg,Road,Machinery,4799.0,14.04,6843.0,AIR_CARGO,88.65,Normal,Carrier_D,15.0,94121.0
SHP00812K,Kolkata,Rotterdam,Sea,Pharmaceuticals,18766.0,47.41,9109.0,40FT_HC,110.22,Normal,Carrier_A,20.0,637594.0
SHP00813P,Pune,Jebel Ali,Sea,Machinery,5483.0,10.61,8838.0,40FT,114.76,Peak,Carrier_D,16.0,137356.0
SHP00814P,Pune,Colombo,Road,Furniture,2779.0,11.53,7204.0,20FT,81.45,Normal,Carrier_B,15.0,76890.0
SHP00815C,Chennai,Shanghai,Road,Electronics,1788.0,0.5,10400.0,40FT,75.94,Peak,Carrier_D,22.0,99498.0
SHP00816A,Mumbai,New York,Sea,Machinery,7678.0,0.5,1370.0,AIR_CARGO,83.77,Normal,Carrier_C,13.0,55760.0
SHP00817A,Mumbai,Hamburg,Sea,Machinery,2757.0,4.65,10560.0,AIR_CARGO,98.6,Normal,Carrier_C,22.0,85527.0
SHP00818B,Bengaluru,New York,Sea,Automotive Parts,4691.0,7.27,3982.0,LCL,81.96,Normal,Carrier_A,7.0,46058.0
SHP00819A,Mumbai,Colombo,Sea,Textiles,1613.0,6.26,2018.0,20FT,107.46,Peak,Carrier_E,4.0,58461.0
SHP00820P,Pune,Singapore,Sea,Chemicals,13238.0,41.77,9924.0,AIR_CARGO,91.35,Normal,Carrier_C,19.0,93758.0
SHP00821D,Delhi,Colombo,Air,Chemicals,4899.0,6.93,1017.0,20FT,99.42,Normal,Carrier_C,11.0,161208.0
SHP00822P,Pune,Hamburg,Sea,Pharmaceuticals,2893.0,3.62,7987.0,AIR_CARGO,93.22,Normal,Carrier_E,14.0,70198.0
SHP00823H,Hyderabad,London,Sea,Pharmaceuticals,2617.0,2.24,8979.0,20FT,111.13,Normal,Carrier_D,20.0,103650.0
SHP00824D,Delhi,Hamburg,Sea,Furniture,2511.0,9.89,4257.0,40FT,76.41,Normal,Carrier_C,10.0,36732.0
SHP00825D,Delhi,Los Angeles,Sea,Machinery,1727.0,0.5,6309.0,20FT,104.17,Normal,Carrier_A,17.0,71671.0
SHP00826A,Mumbai,Shanghai,Road,General Merchandise,2638.0,2.34,10792.0,40FT_HC,101.09,Normal,Carrier_D,22.0,151589.0
SHP00827C,Chennai,Colombo,Sea,Chemicals,1866.0,5.92,10618.0,40FT,100.98,Normal,Carrier_D,22.0,103106.0
SHP00828A,Mumbai,Los Angeles,Sea,Pharmaceuticals,5774.0,11.58,9118.0,AIR_CARGO,91.56,Normal,Carrier_C,17.0,78045.0
SHP00829C,Chennai,London,Air,Machinery,7169.0,17.55,9272.0,AIR_CARGO,75.63,Peak,Carrier_D,16.0,283891.0
SHP00830C,Chennai,Dubai,Sea,Pharmaceuticals,1942.0,3.3,10823.0,LCL,102.57,Peak,Carrier_D,23.0,119448.0
SHP00831P,Pune,Dubai,Sea,Furniture,8968.0,1.93,858.0,40FT_HC,108.18,Normal,Carrier_A,16.0,86988.0
SHP00832C,Chennai,Shanghai,Sea,Electronics,3073.0,10.81,4405.0,LCL,78.41,Normal,Carrier_D,11.0,49227.0
SHP00833K,Kolkata,Jebel Ali,Sea,Electronics,3002.0,9.63,1889.0,40FT,92.66,Normal,Carrier_C,9.0,41601.0
SHP00834M,Mumbai,Shanghai,Sea,Pharmaceuticals,2677.0,10.04,5352.0,LCL,81.5,Normal,Carrier_C,14.0,44499.0
SHP00835A,Mumbai,Shanghai,Sea,Electronics,3535.0,10.97,1504.0,40FT,99.44,Normal,Carrier_E,6.0,52488.0
SHP00836K,Kolkata,Shanghai,Sea,Pharmaceuticals,6137.0,17.45,1831.0,LCL,106.42,Off_Peak,Carrier_B,6.0,52272.0
SHP00837D,Delhi,Shanghai,Road,Machinery,4296.0,10.22,11427.0,20FT,101.67,Normal,Carrier_E,22.0,153302.0
SHP00838K,Kolkata,Shanghai,Sea,Automotive Parts,3532.0,2.59,8273.0,40FT,87.72,Normal,Carrier_A,17.0,74321.0
SHP00839B,Bengaluru,Rotterdam,Sea,General Merchandise,4081.0,9.29,10294.0,40FT,80.59,Peak,Carrier_A,20.0,79184.0
SHP00840H,Hyderabad,London,Sea,Machinery,2944.0,8.27,7893.0,20FT,106.77,Peak,Carrier_C,14.0,96928.0
SHP00841C,Chennai,Hamburg,Sea,Automotive Parts,5313.0,3.52,1352.0,20FT,87.96,Peak,Carrier_B,12.0,54642.0
SHP00842A,Mumbai,Colombo,Air,Automotive Parts,6418.0,16.96,789.0,40FT_HC,75.89,Normal,Carrier_E,6.0,111275.0
SHP00843B,Bengaluru,Los Angeles,Sea,Chemicals,2672.0,14.61,11492.0,20FT,97.86,Off_Peak,Carrier_B,20.0,89962.0
SHP00844A,Mumbai,Shanghai,Road,Machinery,5000.0,1.21,1316.0,LCL,84.87,Off_Peak,Carrier_C,7.0,29992.0
SHP00845P,Pune,Jebel Ali,Sea,Machinery,7517.0,1.24,1201.0,20FT,108.65,Normal,Carrier_D,18.0,90445.0
SHP00846H,Hyderabad,New York,Sea,Pharmaceuticals,1675.0,8.11,1377.0,20FT,80.73,Off_Peak,Carrier_C,6.0,26364.0
SHP00847B,Bengaluru,Colombo,Sea,Automotive Parts,3768.0,3.17,1122.0,40FT,92.39,Normal,Carrier_C,10.0,46634.0
SHP00848A,Mumbai,New York,Road,Automotive Parts,3862.0,11.01,2637.0,40FT,85.13,Normal,Carrier_B,6.0,50418.0
SHP00849D,Delhi,Los Angeles,Sea,Automotive Parts,2231.0,2.94,6868.0,20FT,102.58,Peak,Carrier_A,15.0,82602.0
SHP00850C,Chennai,Los Angeles,Sea,Pharmaceuticals,4140.0,6.93,10701.0,40FT_HC,96.94,Normal,Carrier_D,21.0,99371.0
SHP00851B,Bengaluru,Colombo,Sea,Chemicals,5347.0,7.9,7810.0,40FT,106.64,Peak,Carrier_D,16.0,121280.0
SHP00852D,Delhi,Jebel Ali,Air,Machinery,4519.0,11.45,8138.0,LCL,93.34,Normal,Carrier_A,17.0,265199.0
SHP00853C,Chennai,Rotterdam,Sea,Automotive Parts,3775.0,5.07,10953.0,LCL,75.19,Normal,Carrier_B,26.0,66374.0
SHP00854M,Mumbai,Dubai,Road,Electronics,3014.0,2.77,9118.0,20FT,83.61,Peak,Carrier_B,20.0,110435.0
SHP00855D,Delhi,Los Angeles,Sea,Machinery,2209.0,7.9,10458.0,20FT,114.97,Peak,Carrier_A,21.0,127799.0
SHP00856K,Kolkata,Jebel Ali,Sea,Pharmaceuticals,2307.0,2.95,5289.0,40FT_HC,91.21,Normal,Carrier_E,11.0,56275.0
SHP00857A,Mumbai,Los Angeles,Sea,Chemicals,3655.0,3.9,10452.0,20FT,99.81,Normal,Carrier_B,20.0,98692.0
SHP00858P,Pune,Singapore,Sea,Electronics,7927.0,0.5,1338.0,AIR_CARGO,111.2,Normal,Carrier_A,15.0,92684.0
SHP00859C,Chennai,Dubai,Sea,Pharmaceuticals,2414.0,9.39,2059.0,AIR_CARGO,75.82,Normal,Carrier_E,8.0,28726.0
SHP00860B,Bengaluru,Los Angeles,Sea,Textiles,1543.0,3.25,945.0,20FT,101.38,Normal,Carrier_C,3.0,30266.0
SHP00861H,Hyderabad,Jebel Ali,Air,Machinery,5359.0,11.16,3306.0,AIR_CARGO,86.54,Normal,Carrier_D,7.0,169570.0
SHP00862B,Bengaluru,Los Angeles,Sea,Textiles,3984.0,10.17,4851.0,LCL,86.17,Normal,Carrier_A,10.0,48456.0
SHP00863K,Kolkata,New York,Sea,Pharmaceuticals,10031.0,24.19,10132.0,20FT,83.99,Off_Peak,Carrier_B,19.0,71337.0
SHP00864A,Mumbai,Colombo,Sea,Pharmaceuticals,1528.0,1.52,9024.0,LCL,107.91,Normal,Carrier_D,21.0,95292.0
SHP00865K,Kolkata,Colombo,Sea,Pharmaceuticals,1638.0,2.57,11487.0,LCL,89.92,Normal,Carrier_E,23.0,79633.0
SHP00866B,Bengaluru,Los Angeles,Sea,Automotive Parts,2595.0,9.1,6931.0,AIR_CARGO,77.68,Normal,Carrier_D,14.0,53664.0
SHP00867P,Pune,Jebel Ali,Sea,Chemicals,1560.0,7.01,9099.0,40FT_HC,78.87,Normal,Carrier_A,19.0,59537.0
SHP00868A,Mumbai,New York,Sea,Automotive Parts,3546.0,5.09,3666.0,LCL,80.94,Normal,Carrier_C,9.0,37871.0
SHP00869H,Hyderabad,Rotterdam,Sea,Chemicals,2419.0,10.88,8315.0,AIR_CARGO,110.96,Normal,Carrier_E,16.0,132181.0
SHP00870C,Chennai,Rotterdam,Sea,General Merchandise,1820.0,12.37,8621.0,40FT_HC,92.1,Normal,Carrier_E,15.0,99264.0
SHP00871A,Mumbai,New York,Sea,Automotive Parts,5069.0,10.9,10257.0,AIR_CARGO,111.64,Normal,Carrier_E,23.0,117029.0
SHP00872D,Delhi,Hamburg,Sea,Textiles,6669.0,0.53,751.0,AIR_CARGO,107.7,Peak,Carrier_D,16.0,90703.0
SHP00873A,Mumbai,Jebel Ali,Sea,Chemicals,3556.0,4.87,7964.0,20FT,108.52,Peak,Carrier_C,17.0,98881.0
SHP00874K,Kolkata,Rotterdam,Sea,Automotive Parts,1747.0,1.49,2835.0,40FT,86.47,Normal,Carrier_A,9.0,41143.0
SHP00875K,Kolkata,Hamburg,Sea,Machinery,4251.0,11.42,8973.0,40FT_HC,85.85,Peak,Carrier_A,22.0,85999.0
SHP00876K,Kolkata,Jebel Ali,Sea,Pharmaceuticals,4967.0,21.09,10142.0,AIR_CARGO,97.4,Off_Peak,Carrier_D,19.0,90502.0
SHP00877H,Hyderabad,New York,Air,Chemicals,7328.0,4.27,569.0,LCL,91.72,Peak,Carrier_A,13.0,212063.0
SHP00878A,Mumbai,Shanghai,Air,Chemicals,2179.0,3.86,1830.0,LCL,95.36,Normal,Carrier_A,7.0,106465.0
SHP00879P,Pune,Hamburg,Sea,Automotive Parts,2596.0,4.48,4098.0,40FT,77.13,Normal,Carrier_C,7.0,35748.0
SHP00880P,Pune,Hamburg,Sea,General Merchandise,5968.0,0.5,540.0,40FT_HC,113.86,Normal,Carrier_D,13.0,90374.0
SHP00881A,Mumbai,Los Angeles,Sea,Automotive Parts,2899.0,11.14,8287.0,20FT,77.33,Normal,Carrier_D,16.0,59059.0
SHP00882P,Pune,London,Air,Furniture,1774.0,3.25,4184.0,40FT_HC,82.15,Peak,Carrier_E,11.0,145591.0
SHP00883M,Mumbai,London,Sea,Textiles,10163.0,4.54,1142.0,LCL,102.13,Normal,Carrier_A,20.0,87144.0
SHP00884H,Hyderabad,Jebel Ali,Sea,Textiles,1638.0,2.95,4776.0,LCL,81.22,Normal,Carrier_B,13.0,38799.0
SHP00885C,Chennai,Los Angeles,Sea,Chemicals,5000.0,11.96,993.0,20FT,79.27,Normal,Carrier_C,2.0,64412.0
SHP00886C,Chennai,Colombo,Sea,Chemicals,1725.0,1.97,9631.0,20FT,81.14,Normal,Carrier_C,21.0,59363.0
SHP00887C,Chennai,Dubai,Air,Automotive Parts,2820.0,3.9,7909.0,LCL,77.48,Peak,Carrier_B,15.0,198842.0
SHP00888C,Chennai,Shanghai,Sea,Textiles,4731.0,9.34,9722.0,AIR_CARGO,85.05,Off_Peak,Carrier_E,21.0,71216.0
SHP00889C,Chennai,Dubai,Sea,Textiles,2377.0,7.36,4512.0,AIR_CARGO,85.84,Peak,Carrier_B,8.0,52038.0
SHP00890P,Pune,Hamburg,Sea,General Merchandise,5120.0,17.93,703.0,20FT,94.94,Normal,Carrier_B,3.0,38924.0
SHP00891B,Bengaluru,Singapore,Air,Machinery,5000.0,4.72,1348.0,AIR_CARGO,92.55,Off_Peak,Carrier_E,7.0,76338.0
SHP00892K,Kolkata,Rotterdam,Sea,General Merchandise,2761.0,9.4,1786.0,20FT,93.95,Normal,Carrier_B,5.0,44949.0
SHP00893H,Hyderabad,Rotterdam,Sea,Furniture,9831.0,25.68,9759.0,40FT_HC,99.64,Normal,Carrier_E,22.0,426327.0
SHP00894B,Bengaluru,Los Angeles,Sea,Electronics,3966.0,0.5,889.0,40FT_HC,84.24,Peak,Carrier_A,9.0,55788.0
SHP00895H,Hyderabad,London,Air,Pharmaceuticals,11976.0,2.0,867.0,40FT_HC,80.39,Off_Peak,Carrier_E,23.0,209005.0
SHP00896M,Mumbai,Singapore,Sea,General Merchandise,5745.0,12.41,9221.0,20FT,110.16,Peak,Carrier_D,19.0,124521.0
SHP00897A,Mumbai,Los Angeles,Sea,Furniture,2885.0,6.3,7413.0,20FT,100.36,Normal,Carrier_D,17.0,85022.0
SHP00898D,Delhi,Hamburg,Road,Automotive Parts,1691.0,0.73,11812.0,AIR_CARGO,77.43,Off_Peak,Carrier_B,20.0,85947.0
SHP00899K,Kolkata,Singapore,Sea,Machinery,4138.0,6.33,1200.0,AIR_CARGO,113.44,Peak,Carrier_D,11.0,81031.0
SHP00900M,Mumbai,Rotterdam,Sea,Automotive Parts,2442.0,6.01,2405.0,AIR_CARGO,102.72,Normal,Carrier_E,4.0,46811.0
SHP00901B,Bengaluru,Jebel Ali,Sea,Pharmaceuticals,2727.0,6.66,8979.0,40FT,81.07,Off_Peak,Carrier_A,16.0,57965.0
SHP00902D,Delhi,Hamburg,Sea,Furniture,2736.0,5.93,3698.0,20FT,113.77,Normal,Carrier_E,10.0,66531.0
SHP00903A,Mumbai,Los Angeles,Sea,Electronics,11552.0,0.5,1192.0,40FT_HC,89.62,Normal,Carrier_C,26.0,84184.0
SHP00904M,Mumbai,Colombo,Sea,Machinery,2008.0,0.5,11863.0,40FT_HC,114.38,Off_Peak,Carrier_B,24.0,117660.0
SHP00905A,Mumbai,New York,Sea,Chemicals,1728.0,5.2,11154.0,40FT,79.13,Normal,Carrier_A,20.0,70819.0
SHP00906A,Mumbai,Hamburg,Road,Textiles,3806.0,9.52,11365.0,40FT,81.4,Normal,Carrier_B,21.0,113021.0
SHP00907P,Pune,Hamburg,Air,General Merchandise,7580.0,5.09,1239.0,40FT_HC,101.3,Normal,Carrier_C,15.0,224900.0
SHP00908H,Hyderabad,Colombo,Sea,Furniture,2627.0,6.54,8459.0,20FT,75.89,Peak,Carrier_D,18.0,62306.0
SHP00909D,Delhi,Shanghai,Sea,Automotive Parts,13853.0,28.67,1584.0,40FT_HC,75.75,Normal,Carrier_C,5.0,46600.0
SHP00910H,Hyderabad,Jebel Ali,Sea,Electronics,9275.0,0.5,1185.0,40FT_HC,106.68,Peak,Carrier_D,20.0,114831.0
SHP00911A,Mumbai,Colombo,Sea,Textiles,1538.0,9.02,2824.0,40FT,81.71,Peak,Carrier_B,9.0,46057.0
SHP00912P,Pune,Dubai,Sea,General Merchandise,2352.0,6.88,10164.0,40FT,111.75,Peak,Carrier_B,21.0,131257.0
SHP00913M,Mumbai,Dubai,Sea,Textiles,11558.0,4.09,913.0,AIR_CARGO,92.04,Normal,Carrier_B,25.0,82436.0
SHP00914A,Mumbai,Hamburg,Sea,General Merchandise,2942.0,6.03,989.0,40FT,109.95,Peak,Carrier_E,7.0,64857.0
SHP00915B,Bengaluru,Shanghai,Sea,Furniture,3059.0,3.35,1397.0,40FT_HC,91.71,Off_Peak,Carrier_A,11.0,42482.0
SHP00916A,Mumbai,Rotterdam,Sea,Chemicals,2230.0,3.95,6065.0,AIR_CARGO,96.21,Normal,Carrier_E,14.0,65355.0
SHP00917H,Hyderabad,Shanghai,Sea,Machinery,4962.0,14.54,9603.0,40FT_HC,87.66,Normal,Carrier_C,21.0,76799.0
SHP00918D,Delhi,Dubai,Road,Furniture,2142.0,1.84,9362.0,20FT,101.32,Normal,Carrier_A,23.0,124196.0
SHP00919M,Mumbai,Shanghai,Air,Textiles,2022.0,3.18,8513.0,20FT,87.73,Normal,Carrier_B,18.0,224171.0
SHP00920H,Hyderabad,Shanghai,Sea,Textiles,1583.0,1.69,9938.0,40FT,83.93,Normal,Carrier_B,19.0,69520.0
SHP00921A,Mumbai,Jebel Ali,Road,Textiles,2001.0,1.81,2512.0,AIR_CARGO,78.24,Normal,Carrier_B,9.0,45198.0
SHP00922B,Bengaluru,Hamburg,Sea,Machinery,7997.0,2.19,1137.0,LCL,77.31,Normal,Carrier_D,19.0,47921.0
SHP00923K,Kolkata,Jebel Ali,Road,Electronics,2271.0,3.46,7465.0,20FT,87.24,Peak,Carrier_C,16.0,85402.0
SHP00924P,Pune,Rotterdam,Sea,General Merchandise,2264.0,1.57,1330.0,20FT,104.46,Normal,Carrier_E,10.0,120653.0
SHP00925B,Bengaluru,Rotterdam,Sea,Furniture,5266.0,3.78,1138.0,20FT,83.22,Normal,Carrier_C,11.0,42749.0
SHP00926A,Mumbai,Dubai,Sea,Furniture,1650.0,7.92,10304.0,20FT,86.97,Normal,Carrier_D,23.0,77579.0
SHP00927B,Bengaluru,Los Angeles,Sea,Chemicals,3352.0,11.04,11676.0,40FT,111.21,Normal,Carrier_D,26.0,127716.0
SHP00928P,Pune,Colombo,Sea,Textiles,2742.0,7.23,8152.0,AIR_CARGO,100.57,Normal,Carrier_C,17.0,76609.0
SHP00929K,Kolkata,London,Sea,Pharmaceuticals,3858.0,15.74,11102.0,20FT,111.79,Normal,Carrier_D,23.0,121833.0
SHP00930B,Bengaluru,Hamburg,Sea,Furniture,2019.0,5.9,1372.0,40FT,111.45,Normal,Carrier_A,8.0,51761.0
SHP00931K,Kolkata,Los Angeles,Sea,Machinery,2479.0,9.12,11713.0,AIR_CARGO,77.54,Normal,Carrier_B,23.0,73290.0
SHP00932A,Mumbai,Hamburg,Air,Electronics,7557.0,17.34,885.0,AIR_CARGO,113.2,Peak,Carrier_E,2.0,260590.0
SHP00933K,Kolkata,Colombo,Road,Furniture,6201.0,13.22,6563.0,LCL,77.05,Peak,Carrier_D,17.0,85724.0
SHP00934H,Hyderabad,Colombo,Sea,General Merchandise,3847.0,4.1,1092.0,40FT_HC,112.02,Peak,Carrier_E,10.0,77796.0
SHP00935H,Hyderabad,Singapore,Sea,Machinery,9860.0,6.72,1298.0,20FT,96.87,Normal,Carrier_B,19.0,88400.0
SHP00936K,Kolkata,Jebel Ali,Sea,Chemicals,7536.0,18.64,3002.0,40FT,96.33,Normal,Carrier_C,8.0,56668.0
SHP00937M,Mumbai,Dubai,Sea,Chemicals,3353.0,5.45,633.0,AIR_CARGO,103.53,Normal,Carrier_B,4.0,39439.0
SHP00938D,Delhi,Singapore,Road,General Merchandise,2209.0,0.5,5268.0,LCL,110.17,Normal,Carrier_E,8.0,85689.0
SHP00939M,Mumbai,Rotterdam,Sea,Textiles,2054.0,0.5,1237.0,40FT_HC,99.68,Normal,Carrier_A,6.0,43777.0
SHP00940K,Kolkata,London,Sea,Chemicals,2898.0,7.07,3836.0,AIR_CARGO,92.02,Normal,Carrier_C,10.0,50963.0
SHP00941D,Delhi,Dubai,Sea,Electronics,2922.0,10.22,7903.0,AIR_CARGO,79.48,Normal,Carrier_D,20.0,64938.0
SHP00942H,Hyderabad,Rotterdam,Sea,Machinery,1768.0,0.5,3889.0,20FT,106.57,Normal,Carrier_A,9.0,63888.0
SHP00943D,Delhi,Shanghai,Air,Furniture,2248.0,2.92,3327.0,40FT_HC,80.13,Normal,Carrier_B,11.0,116641.0
SHP00944K,Kolkata,Jebel Ali,Air,Electronics,1728.0,1.03,2288.0,40FT_HC,104.05,Normal,Carrier_E,6.0,130481.0
SHP00945H,Hyderabad,Jebel Ali,Sea,Textiles,2790.0,8.16,2054.0,40FT,96.12,Normal,Carrier_E,6.0,45970.0
SHP00946D,Delhi,Jebel Ali,Sea,Electronics,1548.0,1.02,6547.0,LCL,90.43,Normal,Carrier_E,14.0,50396.0
SHP00947D,Delhi,Singapore,Sea,Electronics,8337.0,0.5,1097.0,40FT,99.52,Normal,Carrier_B,21.0,82861.0
SHP00948M,Mumbai,New York,Road,Automotive Parts,6523.0,13.1,5706.0,LCL,105.89,Normal,Carrier_C,10.0,100140.0
SHP00949D,Delhi,Los Angeles,Sea,Electronics,2389.0,2.63,1921.0,40FT,112.65,Off_Peak,Carrier_D,6.0,51544.0
SHP00950A,Mumbai,Colombo,Sea,General Merchandise,7534.0,17.99,7949.0,LCL,85.59,Normal,Carrier_A,17.0,75646.0
SHP00951K,Kolkata,London,Sea,Machinery,6907.0,0.84,712.0,20FT,112.89,Off_Peak,Carrier_B,15.0,74265.0
SHP00952C,Chennai,Colombo,Air,Automotive Parts,4885.0,4.09,974.0,LCL,113.44,Normal,Carrier_E,12.0,189818.0
SHP00953C,Chennai,New York,Sea,Machinery,3386.0,8.04,4296.0,40FT,107.55,Normal,Carrier_D,12.0,74014.0
SHP00954C,Chennai,Shanghai,Road,Machinery,2391.0,9.75,2606.0,40FT_HC,110.26,Normal,Carrier_E,8.0,76362.0
SHP00955K,Kolkata,Shanghai,Sea,Textiles,2182.0,1.01,1178.0,AIR_CARGO,102.7,Normal,Carrier_B,8.0,55048.0
SHP00956C,Chennai,Shanghai,Sea,Textiles,5233.0,14.94,4396.0,LCL,76.56,Peak,Carrier_E,9.0,46801.0
SHP00957M,Mumbai,Dubai,Sea,Automotive Parts,5000.0,4.65,979.0,LCL,98.0,Normal,Carrier_B,4.0,35081.0
SHP00958K,Kolkata,Rotterdam,Sea,Chemicals,5449.0,11.79,5521.0,40FT_HC,104.89,Normal,Carrier_E,10.0,85330.0
SHP00959A,Mumbai,Rotterdam,Sea,Pharmaceuticals,2388.0,8.44,7418.0,20FT,112.67,Normal,Carrier_B,19.0,91373.0
SHP00960H,Hyderabad,Shanghai,Air,Textiles,11329.0,0.5,1247.0,40FT,97.82,Peak,Carrier_E,22.0,353714.0
SHP00961A,Mumbai,London,Sea,Pharmaceuticals,1619.0,8.81,7697.0,20FT,106.77,Normal,Carrier_D,15.0,89849.0
SHP00962K,Kolkata,Singapore,Sea,Textiles,6099.0,11.42,7677.0,LCL,103.2,Normal,Carrier_D,17.0,87876.0
SHP00963K,Kolkata,London,Sea,Textiles,2060.0,0.5,4806.0,LCL,86.23,Off_Peak,Carrier_E,13.0,48596.0
SHP00964D,Delhi,London,Sea,Machinery,4704.0,5.53,2033.0,20FT,81.19,Normal,Carrier_E,4.0,32252.0
SHP00965D,Delhi,Rotterdam,Sea,Automotive Parts,6213.0,15.16,5640.0,40FT,105.04,Normal,Carrier_B,15.0,82655.0
SHP00966D,Delhi,Jebel Ali,Sea,Machinery,2373.0,3.39,7385.0,LCL,84.35,Normal,Carrier_B,15.0,58431.0
SHP00967P,Pune,London,Air,Furniture,2162.0,5.87,8826.0,LCL,84.79,Normal,Carrier_B,21.0,218581.0
SHP00968P,Pune,London,Sea,General Merchandise,1921.0,0.5,10000.0,20FT,100.76,Normal,Carrier_C,19.0,88064.0
SHP00969B,Bengaluru,Colombo,Sea,Machinery,3143.0,9.43,3443.0,AIR_CARGO,106.56,Normal,Carrier_E,10.0,61987.0
SHP00970P,Pune,Jebel Ali,Sea,Pharmaceuticals,6654.0,16.58,3274.0,40FT_HC,98.29,Off_Peak,Carrier_E,8.0,59247.0
SHP00971M,Mumbai,Rotterdam,Sea,Pharmaceuticals,7001.0,0.85,1126.0,LCL,110.4,Normal,Carrier_E,12.0,249606.0
SHP00972K,Kolkata,Singapore,Road,General Merchandise,2883.0,9.36,7009.0,40FT,83.46,Peak,Carrier_E,12.0,88878.0
SHP00973A,Mumbai,Los Angeles,Sea,Electronics,2803.0,8.97,3006.0,AIR_CARGO,85.1,Normal,Carrier_B,6.0,120494.0
SHP00974K,Kolkata,Rotterdam,Sea,Electronics,7256.0,2.21,774.0,20FT,100.48,Peak,Carrier_B,17.0,81731.0
SHP00975D,Delhi,Rotterdam,Sea,General Merchandise,4478.0,6.89,1404.0,20FT,108.17,Normal,Carrier_C,6.0,62172.0
SHP00976K,Kolkata,London,Sea,General Merchandise,1604.0,8.26,7852.0,40FT,96.57,Peak,Carrier_B,17.0,85638.0
SHP00977H,Hyderabad,Colombo,Sea,Machinery,4108.0,6.63,3847.0,AIR_CARGO,75.42,Normal,Carrier_E,9.0,33503.0
SHP00978P,Pune,New York,Sea,General Merchandise,4603.0,15.49,7311.0,40FT,102.08,Normal,Carrier_E,12.0,83270.0
SHP00979K,Kolkata,Shanghai,Sea,Furniture,9336.0,0.5,739.0,LCL,107.54,Normal,Carrier_A,17.0,87218.0
SHP00980A,Mumbai,Hamburg,Sea,Automotive Parts,3788.0,12.11,11772.0,AIR_CARGO,86.06,Off_Peak,Carrier_B,22.0,80613.0
SHP00981C,Chennai,Colombo,Sea,Electronics,3482.0,12.08,10977.0,40FT_HC,77.17,Normal,Carrier_A,22.0,63756.0
SHP00982H,Hyderabad,New York,Air,Electronics,3641.0,7.97,6291.0,40FT_HC,95.72,Normal,Carrier_E,16.0,233743.0
SHP00983H,Hyderabad,London,Sea,Furniture,2761.0,6.36,6116.0,40FT,76.69,Normal,Carrier_B,15.0,53867.0
SHP00984K,Kolkata,London,Sea,Chemicals,4637.0,9.84,5534.0,40FT_HC,91.64,Normal,Carrier_E,11.0,62553.0
SHP00985B,Bengaluru,Singapore,Air,Furniture,5354.0,9.45,819.0,40FT,75.71,Off_Peak,Carrier_A,2.0,85015.0
SHP00986D,Delhi,New York,Sea,Furniture,2408.0,0.5,864.0,LCL,84.0,Normal,Carrier_A,3.0,23032.0
SHP00987M,Mumbai,Dubai,Air,General Merchandise,2422.0,7.75,1181.0,LCL,90.55,Off_Peak,Carrier_D,3.0,89179.0
SHP00988M,Mumbai,Shanghai,Sea,Textiles,2119.0,8.47,8508.0,40FT,79.47,Normal,Carrier_D,16.0,65573.0
SHP00989C,Chennai,Hamburg,Sea,Textiles,1723.0,4.04,5252.0,LCL,79.57,Normal,Carrier_B,11.0,43050.0
SHP00990M,Mumbai,Singapore,Air,Furniture,1861.0,0.5,1233.0,40FT_HC,108.08,Peak,Carrier_B,4.0,132684.0
SHP00991M,Mumbai,Colombo,Air,General Merchandise,2823.0,2.14,8442.0,LCL,76.66,Off_Peak,Carrier_B,16.0,166527.0
SHP00992D,Delhi,Colombo,Air,Automotive Parts,7911.0,2.14,1076.0,40FT_HC,102.56,Peak,Carrier_B,15.0,290283.0
SHP00993P,Pune,New York,Sea,Textiles,3866.0,7.09,8780.0,40FT_HC,107.58,Off_Peak,Carrier_B,17.0,83640.0
SHP00994D,Delhi,Shanghai,Sea,Chemicals,1967.0,9.43,7398.0,20FT,80.23,Normal,Carrier_B,14.0,56835.0
SHP00995B,Bengaluru,Shanghai,Sea,Pharmaceuticals,4414.0,7.7,2358.0,LCL,82.81,Normal,Carrier_B,9.0,42450.0
SHP00996A,Mumbai,Colombo,Sea,General Merchandise,1671.0,6.37,1206.0,LCL,100.66,Normal,Carrier_A,5.0,41486.0
SHP00997C,Chennai,Dubai,Road,Furniture,1613.0,1.36,9897.0,40FT,87.63,Peak,Carrier_A,21.0,112302.0
SHP00998M,Mumbai,London,Sea,Automotive Parts,2982.0,2.09,1352.0,40FT,94.06,Peak,Carrier_A,9.0,46818.0
SHP00999B,Bengaluru,Shanghai,Road,Automotive Parts,1677.0,4.68,6739.0,AIR_CARGO,108.44,Normal,Carrier_E,16.0,105252.0
SHP01000C,Chennai,New York,Sea,Machinery,6080.0,5.61,1485.0,40FT_HC,80.52,Normal,Carrier_C,16.0,52110.0
SHP01001H,Hyderabad,Colombo,Sea,Automotive Parts,3316.0,9.59,11092.0,20FT,99.79,Normal,Carrier_E,23.0,94999.0
SHP01002M,Mumbai,London,Sea,Textiles,4938.0,9.52,6853.0,40FT_HC,112.7,Peak,Carrier_B,15.0,108642.0
SHP01003M,Mumbai,Jebel Ali,Road,Furniture,3217.0,8.06,7170.0,LCL,77.3,Peak,Carrier_C,14.0,75905.0
SHP01004D,Delhi,Rotterdam,Sea,Pharmaceuticals,2377.0,4.16,4174.0,AIR_CARGO,77.4,Normal,Carrier_A,8.0,112090.0
SHP01005K,Kolkata,London,Air,Textiles,3431.0,2.44,11525.0,40FT_HC,97.19,Normal,Carrier_A,25.0,341831.0
SHP01006C,Chennai,Shanghai,Air,General Merchandise,2442.0,6.73,7542.0,AIR_CARGO,113.4,Normal,Carrier_D,15.0,319106.0
SHP01007M,Mumbai,Rotterdam,Sea,Pharmaceuticals,2547.0,11.12,557.0,40FT_HC,83.82,Normal,Carrier_B,1.0,76656.0
SHP01008P,Pune,Shanghai,Air,General Merchandise,2048.0,11.05,6895.0,LCL,88.23,Normal,Carrier_B,10.0,188823.0
SHP01009C,Chennai,New York,Sea,Automotive Parts,4306.0,11.52,4684.0,LCL,78.95,Peak,Carrier_D,15.0,52244.0
SHP01010A,Mumbai,Los Angeles,Sea,Chemicals,5000.0,2.13,869.0,40FT_HC,89.49,Peak,Carrier_E,2.0,36231.0
SHP01011P,Pune,London,Sea,Electronics,5463.0,0.5,625.0,20FT,76.77,Peak,Carrier_D,11.0,44475.0
SHP01012B,Bengaluru,Rotterdam,Sea,Pharmaceuticals,4874.0,22.51,9396.0,LCL,90.56,Normal,Carrier_B,22.0,116086.0
SHP01013P,Pune,New York,Road,Furniture,2200.0,10.96,6294.0,40FT,97.22,Normal,Carrier_A,11.0,92110.0
SHP01014B,Bengaluru,Shanghai,Sea,Machinery,4538.0,13.84,7854.0,20FT,114.0,Peak,Carrier_D,17.0,117494.0
SHP01015K,Kolkata,London,Air,Electronics,1684.0,4.3,7857.0,40FT_HC,107.74,Peak,Carrier_C,20.0,311554.0
SHP01016M,Mumbai,New York,Road,Automotive Parts,7423.0,8.75,8217.0,20FT,107.88,Normal,Carrier_A,21.0,143999.0
SHP01017P,Pune,Shanghai,Sea,Automotive Parts,2288.0,6.18,4957.0,40FT,84.13,Off_Peak,Carrier_E,10.0,46036.0
SHP01018A,Mumbai,Los Angeles,Sea,Furniture,3348.0,8.1,4755.0,LCL,78.49,Normal,Carrier_A,11.0,43534.0
SHP01019D,Delhi,Los Angeles,Sea,Electronics,1869.0,0.5,553.0,LCL,99.12,Normal,Carrier_E,2.0,34545.0
SHP01020M,Mumbai,Hamburg,Sea,Machinery,2274.0,5.11,1395.0,LCL,95.85,Normal,Carrier_A,6.0,37451.0
SHP01021C,Chennai,Singapore,Air,Pharmaceuticals,11434.0,6.87,806.0,40FT,95.66,Normal,Carrier_B,25.0,300729.0
SHP01022H,Hyderabad,New York,Sea,Pharmaceuticals,4166.0,11.28,10188.0,20FT,79.36,Normal,Carrier_E,18.0,70057.0
SHP01023B,Bengaluru,Singapore,Road,Electronics,3233.0,9.05,3664.0,40FT_HC,94.76,Normal,Carrier_E,10.0,67869.0
SHP01024C,Chennai,Hamburg,Road,General Merchandise,2657.0,7.93,5114.0,40FT_HC,81.01,Normal,Carrier_D,11.0,65746.0
SHP01025K,Kolkata,Dubai,Road,Textiles,11309.0,1.55,1193.0,20FT,91.88,Normal,Carrier_A,25.0,115274.0
SHP01026B,Bengaluru,London,Sea,Chemicals,6274.0,17.97,3380.0,LCL,77.49,Off_Peak,Carrier_E,11.0,35101.0
SHP01027D,Delhi,Shanghai,Road,General Merchandise,2678.0,12.47,6624.0,40FT_HC,109.28,Off_Peak,Carrier_E,13.0,101943.0
SHP01028B,Bengaluru,Colombo,Air,Pharmaceuticals,3948.0,9.57,754.0,LCL,75.53,Normal,Carrier_A,3.0,72094.0
SHP01029H,Hyderabad,Singapore,Sea,Textiles,2495.0,2.92,7627.0,AIR_CARGO,112.57,Peak,Carrier_A,18.0,104365.0
SHP01030P,Pune,Singapore,Air,Chemicals,11196.0,0.5,1231.0,AIR_CARGO,109.52,Normal,Carrier_C,24.0,341539.0
SHP01031A,Mumbai,New York,Sea,Chemicals,4765.0,13.35,10675.0,40FT_HC,105.1,Normal,Carrier_D,16.0,117580.0
SHP01032P,Pune,London,Sea,Chemicals,3351.0,10.44,6273.0,20FT,114.3,Peak,Carrier_E,15.0,95227.0
SHP01033M,Mumbai,New York,Sea,Automotive Parts,2222.0,6.75,7971.0,20FT,77.15,Normal,Carrier_A,20.0,51196.0
SHP01034H,Hyderabad,Los Angeles,Sea,Furniture,3314.0,6.95,7053.0,20FT,100.66,Normal,Carrier_E,15.0,79052.0
SHP01035A,Mumbai,Singapore,Sea,Chemicals,4253.0,11.23,1270.0,LCL,108.97,Peak,Carrier_C,6.0,50943.0
SHP01036H,Hyderabad,London,Air,Machinery,3840.0,7.0,2325.0,AIR_CARGO,80.06,Normal,Carrier_C,9.0,109660.0
SHP01037M,Mumbai,Jebel Ali,Sea,Electronics,11584.0,0.5,822.0,LCL,98.39,Peak,Carrier_E,24.0,102440.0
SHP01038B,Bengaluru,Dubai,Air,Pharmaceuticals,3444.0,0.5,949.0,40FT,90.76,Off_Peak,Carrier_D,10.0,114461.0
SHP01039K,Kolkata,Shanghai,Sea,Machinery,4025.0,5.64,4921.0,40FT,92.43,Off_Peak,Carrier_B,11.0,58760.0
SHP01040M,Mumbai,Hamburg,Sea,Electronics,1590.0,5.91,6353.0,40FT_HC,111.5,Normal,Carrier_E,13.0,75754.0
SHP01041M,Mumbai,Dubai,Sea,General Merchandise,11760.0,1.93,1265.0,40FT,96.55,Normal,Carrier_C,22.0,94824.0
SHP01042A,Mumbai,Hamburg,Air,Furniture,3184.0,4.86,8435.0,20FT,78.73,Normal,Carrier_D,18.0,208362.0
SHP01043D,Delhi,Singapore,Sea,General Merchandise,7740.0,0.5,1240.0,40FT_HC,112.49,Normal,Carrier_A,20.0,93181.0
SHP01044P,Pune,Dubai,Sea,Electronics,1831.0,7.04,6531.0,AIR_CARGO,82.41,Off_Peak,Carrier_D,12.0,51602.0
SHP01045B,Bengaluru,Dubai,Road,Machinery,4350.0,14.64,8558.0,AIR_CARGO,110.71,Peak,Carrier_D,19.0,168424.0
SHP01046M,Mumbai,Shanghai,Sea,Electronics,8136.0,0.5,934.0,40FT,113.84,Normal,Carrier_E,17.0,97248.0
SHP01047K,Kolkata,Colombo,Sea,Chemicals,10883.0,1.95,1027.0,40FT,110.11,Normal,Carrier_D,25.0,125411.0
SHP01048C,Chennai,Shanghai,Sea,Automotive Parts,6731.0,0.5,877.0,AIR_CARGO,102.09,Normal,Carrier_A,18.0,64681.0
SHP01049B,Bengaluru,New York,Road,Pharmaceuticals,5347.0,2.83,1428.0,40FT,104.74,Normal,Carrier_E,10.0,85215.0
SHP01050D,Delhi,Colombo,Sea,General Merchandise,2638.0,8.71,9782.0,40FT,102.99,Off_Peak,Carrier_C,19.0,86527.0
SHP01051H,Hyderabad,Dubai,Road,Pharmaceuticals,1672.0,10.45,9698.0,LCL,93.42,Normal,Carrier_A,19.0,110412.0
SHP01052M,Mumbai,Colombo,Sea,Automotive Parts,6642.0,14.03,2453.0,AIR_CARGO,85.98,Normal,Carrier_E,5.0,40525.0
SHP01053K,Kolkata,Colombo,Road,Chemicals,3361.0,10.8,3223.0,AIR_CARGO,86.4,Off_Peak,Carrier_E,7.0,46085.0
SHP01054B,Bengaluru,New York,Air,Chemicals,2470.0,8.78,11524.0,40FT,104.25,Normal,Carrier_B,24.0,369664.0
SHP01055K,Kolkata,London,Road,General Merchandise,5698.0,12.96,5607.0,20FT,100.04,Off_Peak,Carrier_A,10.0,83342.0
SHP01056K,Kolkata,Singapore,Sea,General Merchandise,6476.0,7.15,1053.0,LCL,98.4,Peak,Carrier_D,12.0,75983.0
SHP01057P,Pune,London,Air,Chemicals,4391.0,9.14,4067.0,20FT,101.1,Off_Peak,Carrier_A,8.0,178864.0
SHP01058A,Mumbai,Singapore,Sea,Textiles,2144.0,6.85,6032.0,40FT,105.99,Peak,Carrier_A,14.0,85433.0
SHP01059H,Hyderabad,London,Sea,Pharmaceuticals,1860.0,2.13,9049.0,AIR_CARGO,104.93,Off_Peak,Carrier_B,18.0,81007.0
SHP01060D,Delhi,London,Sea,Furniture,3719.0,10.98,6047.0,20FT,79.22,Peak,Carrier_D,13.0,59084.0
SHP01061P,Pune,Hamburg,Road,Automotive Parts,1912.0,6.28,4120.0,40FT_HC,89.52,Normal,Carrier_B,8.0,60665.0
SHP01062B,Bengaluru,Colombo,Road,Pharmaceuticals,2814.0,11.45,1604.0,20FT,85.56,Normal,Carrier_B,2.0,36503.0
SHP01063M,Mumbai,Los Angeles,Sea,Automotive Parts,2343.0,12.92,11175.0,AIR_CARGO,96.53,Normal,Carrier_B,26.0,317479.0
SHP01064D,Delhi,New York,Sea,Textiles,3051.0,10.93,10524.0,40FT,77.46,Normal,Carrier_A,21.0,69055.0
SHP01065M,Mumbai,London,Sea,Furniture,1798.0,6.96,9601.0,20FT,105.5,Off_Peak,Carrier_B,25.0,87078.0
SHP01066C,Chennai,Dubai,Air,Machinery,4566.0,9.31,8482.0,40FT,79.26,Normal,Carrier_C,19.0,204353.0
SHP01067K,Kolkata,Jebel Ali,Sea,Automotive Parts,6428.0,0.5,662.0,LCL,85.86,Normal,Carrier_D,17.0,55039.0
SHP01068C,Chennai,Hamburg,Sea,Pharmaceuticals,3792.0,14.22,10820.0,40FT_HC,106.31,Peak,Carrier_D,24.0,135976.0
SHP01069A,Mumbai,Jebel Ali,Sea,Electronics,9605.0,9.17,731.0,AIR_CARGO,77.06,Normal,Carrier_B,20.0,59727.0
SHP01070K,Kolkata,Rotterdam,Sea,Furniture,1532.0,4.9,9884.0,AIR_CARGO,101.41,Normal,Carrier_A,19.0,92178.0
SHP01071H,Hyderabad,Shanghai,Sea,Chemicals,3511.0,4.34,4060.0,40FT,111.98,Off_Peak,Carrier_E,7.0,64254.0
SHP01072D,Delhi,Rotterdam,Sea,Chemicals,5370.0,7.12,675.0,40FT_HC,99.71,Normal,Carrier_E,14.0,63734.0
SHP01073M,Mumbai,Singapore,Sea,Textiles,2786.0,11.05,8628.0,AIR_CARGO,103.51,Peak,Carrier_A,18.0,100051.0
SHP01074P,Pune,London,Sea,Automotive Parts,4767.0,0.5,1025.0,20FT,106.69,Normal,Carrier_B,12.0,62595.0
SHP01075A,Mumbai,New York,Road,Machinery,6181.0,3.73,1332.0,AIR_CARGO,83.89,Normal,Carrier_B,15.0,68967.0
SHP01076H,Hyderabad,Dubai,Sea,Automotive Parts,7935.0,4.05,1292.0,20FT,98.24,Normal,Carrier_C,17.0,67455.0
SHP01077M,Mumbai,Los Angeles,Sea,Chemicals,5534.0,0.5,1044.0,AIR_CARGO,87.36,Normal,Carrier_E,11.0,55632.0
SHP01078D,Delhi,Los Angeles,Sea,General Merchandise,9620.0,0.5,812.0,20FT,84.98,Peak,Carrier_E,22.0,237072.0
SHP01079B,Bengaluru,Hamburg,Sea,Electronics,9608.0,27.24,1837.0,LCL,82.7,Normal,Carrier_D,5.0,48677.0
SHP01080A,Mumbai,Hamburg,Road,Furniture,2220.0,5.56,8758.0,40FT,98.42,Off_Peak,Carrier_B,18.0,106100.0
SHP01081C,Chennai,Hamburg,Air,Textiles,2170.0,0.5,1118.0,LCL,106.78,Peak,Carrier_A,7.0,134536.0
SHP01082C,Chennai,Hamburg,Sea,General Merchandise,1735.0,1.45,11285.0,20FT,110.04,Peak,Carrier_B,22.0,124380.0
SHP01083P,Pune,Colombo,Sea,Pharmaceuticals,2560.0,1.29,4111.0,40FT,92.14,Normal,Carrier_B,6.0,46647.0
SHP01084M,Mumbai,London,Road,Machinery,1955.0,4.96,9647.0,40FT_HC,89.92,Normal,Carrier_C,22.0,98895.0
SHP01085M,Mumbai,Jebel Ali,Road,General Merchandise,6496.0,5.62,1097.0,20FT,102.49,Normal,Carrier_A,16.0,99155.0
SHP01086M,Mumbai,London,Sea,Pharmaceuticals,1548.0,8.02,1393.0,AIR_CARGO,106.21,Normal,Carrier_C,1.0,40070.0
SHP01087A,Mumbai,London,Sea,General Merchandise,5403.0,10.19,7200.0,AIR_CARGO,85.13,Off_Peak,Carrier_C,13.0,59301.0
SHP01088D,Delhi,Rotterdam,Sea,Machinery,10990.0,0.98,1005.0,40FT_HC,86.89,Off_Peak,Carrier_C,26.0,66670.0
SHP01089B,Bengaluru,New York,Road,Furniture,2308.0,3.63,683.0,LCL,96.34,Normal,Carrier_C,7.0,40896.0
SHP01090C,Chennai,Dubai,Sea,General Merchandise,1943.0,8.44,4195.0,20FT,92.78,Normal,Carrier_B,10.0,52684.0
SHP01091H,Hyderabad,Singapore,Road,Textiles,5550.0,3.18,712.0,AIR_CARGO,103.23,Normal,Carrier_D,11.0,97223.0
SHP01092K,Kolkata,New York,Sea,Chemicals,3663.0,8.37,1384.0,40FT,95.18,Off_Peak,Carrier_B,7.0,46093.0
SHP01093A,Mumbai,Hamburg,Sea,Automotive Parts,11353.0,9.91,1108.0,40FT_HC,79.46,Normal,Carrier_C,22.0,65782.0
SHP01094A,Mumbai,Jebel Ali,Sea,General Merchandise,4841.0,0.5,1114.0,LCL,81.64,Normal,Carrier_C,13.0,41810.0
SHP01095D,Delhi,Rotterdam,Sea,Textiles,2616.0,12.3,8068.0,LCL,111.08,Normal,Carrier_D,17.0,91852.0
SHP01096C,Chennai,Colombo,Sea,Automotive Parts,2955.0,12.23,3075.0,40FT,84.1,Peak,Carrier_E,9.0,50650.0
SHP01097P,Pune,Jebel Ali,Sea,Furniture,3027.0,0.5,1481.0,40FT,77.0,Normal,Carrier_A,11.0,35246.0
SHP01098B,Bengaluru,Rotterdam,Sea,Pharmaceuticals,2351.0,7.45,2522.0,40FT_HC,104.26,Peak,Carrier_C,5.0,58113.0
SHP01099D,Delhi,Shanghai,Air,Automotive Parts,5500.0,5.96,1433.0,40FT,102.36,Normal,Carrier_C,13.0,190154.0
SHP01100H,Hyderabad,Colombo,Sea,Pharmaceuticals,3244.0,3.36,6628.0,AIR_CARGO,99.0,Normal,Carrier_B,16.0,75893.0
SHP01101C,Chennai,Hamburg,Sea,General Merchandise,5000.0,2.03,624.0,LCL,95.09,Peak,Carrier_C,1.0,34364.0
SHP01102D,Delhi,Singapore,Road,Textiles,2783.0,7.25,10079.0,40FT,113.78,Normal,Carrier_C,21.0,157884.0
SHP01103C,Chennai,Hamburg,Road,Chemicals,2924.0,2.64,6397.0,20FT,79.79,Off_Peak,Carrier_A,17.0,58800.0
SHP01104C,Chennai,Jebel Ali,Road,General Merchandise,11412.0,25.82,2308.0,40FT,95.41,Normal,Carrier_B,6.0,84918.0
SHP01105P,Pune,Hamburg,Road,Pharmaceuticals,5000.0,7.51,1274.0,LCL,97.56,Normal,Carrier_E,6.0,29387.0
SHP01106A,Mumbai,Shanghai,Sea,Machinery,14049.0,40.18,1227.0,AIR_CARGO,75.9,Normal,Carrier_C,4.0,41974.0
SHP01107B,Bengaluru,Hamburg,Sea,Automotive Parts,4088.0,5.32,3463.0,40FT,91.48,Off_Peak,Carrier_C,12.0,44510.0
SHP01108A,Mumbai,Rotterdam,Sea,General Merchandise,8199.0,8.86,6242.0,AIR_CARGO,106.31,Normal,Carrier_E,10.0,349933.0
SHP01109K,Kolkata,Los Angeles,Sea,Pharmaceuticals,4503.0,15.67,10393.0,20FT,93.84,Off_Peak,Carrier_D,21.0,305639.0
SHP01110B,Bengaluru,Hamburg,Sea,Furniture,10884.0,10.51,1354.0,LCL,110.01,Normal,Carrier_E,19.0,100698.0
SHP01111C,Chennai,Shanghai,Air,Automotive Parts,3834.0,12.64,10072.0,40FT_HC,100.79,Normal,Carrier_E,19.0,336889.0
SHP01112D,Delhi,London,Sea,Furniture,1622.0,2.71,4278.0,LCL,105.64,Off_Peak,Carrier_B,8.0,57000.0
SHP01113H,Hyderabad,London,Sea,Pharmaceuticals,2361.0,1.29,4025.0,40FT_HC,107.18,Normal,Carrier_E,9.0,70286.0
SHP01114P,Pune,Singapore,Sea,Textiles,11856.0,5.24,1165.0,40FT_HC,102.58,Peak,Carrier_B,21.0,125739.0
SHP01115B,Bengaluru,Singapore,Sea,Electronics,1608.0,8.05,8335.0,LCL,104.98,Normal,Carrier_E,17.0,81299.0
SHP01116K,Kolkata,Singapore,Sea,Furniture,4479.0,8.03,4007.0,40FT_HC,102.81,Peak,Carrier_C,10.0,69777.0
SHP01117C,Chennai,New York,Sea,General Merchandise,3323.0,9.01,4284.0,AIR_CARGO,97.02,Peak,Carrier_C,7.0,60447.0
SHP01118H,Hyderabad,Dubai,Road,Chemicals,4865.0,9.84,5498.0,20FT,97.66,Peak,Carrier_D,11.0,104619.0
SHP01119B,Bengaluru,Singapore,Sea,General Merchandise,7651.0,5.42,1008.0,40FT,82.6,Normal,Carrier_E,21.0,62299.0
SHP01120A,Mumbai,Hamburg,Sea,Automotive Parts,10827.0,0.5,741.0,40FT_HC,108.1,Peak,Carrier_A,22.0,121877.0
SHP01121A,Mumbai,Singapore,Road,Textiles,5116.0,13.77,2781.0,40FT_HC,87.49,Normal,Carrier_E,3.0,56152.0
SHP01122B,Bengaluru,Dubai,Road,Pharmaceuticals,4876.0,10.15,1471.0,LCL,96.43,Off_Peak,Carrier_A,2.0,41514.0
SHP01123B,Bengaluru,New York,Road,Machinery,2869.0,14.16,5166.0,AIR_CARGO,84.98,Normal,Carrier_E,12.0,67497.0
SHP01124B,Bengaluru,Dubai,Air,Chemicals,3283.0,9.06,3323.0,40FT,102.83,Off_Peak,Carrier_B,8.0,165031.0
SHP01125H,Hyderabad,Jebel Ali,Air,Textiles,4387.0,13.28,7124.0,40FT_HC,114.01,Normal,Carrier_C,14.0,318426.0
SHP01126A,Mumbai,Singapore,Sea,Furniture,2813.0,2.93,8541.0,AIR_CARGO,107.08,Normal,Carrier_A,22.0,99810.0
SHP01127D,Delhi,Singapore,Sea,Furniture,3544.0,7.55,4073.0,40FT,99.76,Normal,Carrier_A,15.0,61089.0
SHP01128K,Kolkata,Singapore,Sea,General Merchandise,4246.0,11.69,8383.0,LCL,97.7,Normal,Carrier_E,17.0,82533.0
SHP01129K,Kolkata,Jebel Ali,Sea,Machinery,2353.0,4.16,4446.0,40FT_HC,94.59,Normal,Carrier_C,12.0,58263.0
SHP01130P,Pune,Dubai,Sea,Textiles,1997.0,3.79,7802.0,LCL,83.2,Peak,Carrier_D,18.0,63820.0
SHP01131C,Chennai,Rotterdam,Sea,Electronics,3205.0,8.68,7780.0,LCL,88.92,Normal,Carrier_A,18.0,216127.0
SHP01132M,Mumbai,Hamburg,Sea,Chemicals,10895.0,19.09,3699.0,40FT_HC,91.26,Normal,Carrier_C,7.0,66382.0
SHP01133D,Delhi,Shanghai,Sea,Automotive Parts,7811.0,1.33,1441.0,AIR_CARGO,112.78,Normal,Carrier_C,20.0,88270.0
SHP01134A,Mumbai,Hamburg,Sea,Textiles,1889.0,7.65,4881.0,AIR_CARGO,92.02,Normal,Carrier_A,11.0,48687.0
SHP01135C,Chennai,Singapore,Air,Textiles,4369.0,0.5,798.0,LCL,98.45,Normal,Carrier_B,11.0,150587.0
SHP01136P,Pune,New York,Sea,Electronics,3317.0,17.24,3827.0,LCL,111.9,Normal,Carrier_B,9.0,63768.0
SHP01137C,Chennai,Jebel Ali,Road,General Merchandise,1772.0,4.58,4475.0,20FT,95.74,Peak,Carrier_E,10.0,77802.0
SHP01138B,Bengaluru,Rotterdam,Sea,Pharmaceuticals,9548.0,0.5,1006.0,40FT,85.06,Off_Peak,Carrier_E,20.0,73123.0
SHP01139M,Mumbai,Colombo,Sea,Pharmaceuticals,2399.0,7.49,3320.0,LCL,90.24,Off_Peak,Carrier_C,6.0,38091.0
SHP01140A,Mumbai,Rotterdam,Sea,Chemicals,6605.0,11.5,8343.0,LCL,90.02,Peak,Carrier_A,13.0,84655.0
SHP01141M,Mumbai,Shanghai,Air,Chemicals,1989.0,6.1,10857.0,40FT,103.59,Peak,Carrier_B,21.0,392404.0
SHP01142D,Delhi,Hamburg,Sea,Automotive Parts,2111.0,2.76,4530.0,40FT_HC,86.84,Normal,Carrier_C,8.0,44728.0
SHP01143M,Mumbai,Singapore,Air,Textiles,6440.0,13.34,839.0,AIR_CARGO,104.21,Normal,Carrier_B,5.0,187864.0
SHP01144C,Chennai,Los Angeles,Sea,Machinery,2492.0,10.07,783.0,40FT_HC,110.57,Off_Peak,Carrier_A,4.0,42474.0
SHP01145M,Mumbai,Colombo,Sea,Textiles,2104.0,0.5,1140.0,40FT,88.44,Normal,Carrier_B,6.0,38470.0
SHP01146M,Mumbai,Singapore,Road,Pharmaceuticals,3912.0,7.37,1766.0,40FT,80.41,Normal,Carrier_D,8.0,49970.0
SHP01147K,Kolkata,Jebel Ali,Air,Automotive Parts,5193.0,9.98,9103.0,20FT,100.54,Peak,Carrier_E,19.0,381645.0
SHP01148A,Mumbai,Colombo,Air,Textiles,2195.0,10.57,3891.0,20FT,89.43,Normal,Carrier_B,6.0,144045.0
SHP01149A,Mumbai,Shanghai,Road,Electronics,2721.0,5.08,8004.0,AIR_CARGO,96.36,Normal,Carrier_A,16.0,104180.0
SHP01150C,Chennai,Los Angeles,Sea,Pharmaceuticals,5000.0,0.5,988.0,LCL,100.37,Normal,Carrier_A,6.0,31398.0
SHP01151H,Hyderabad,Dubai,Air,Textiles,3901.0,4.31,1420.0,40FT,91.31,Normal,Carrier_D,5.0,142342.0
SHP01152M,Mumbai,Dubai,Air,Textiles,2013.0,1.22,3193.0,20FT,111.99,Peak,Carrier_A,8.0,190758.0
SHP01153M,Mumbai,Dubai,Air,Pharmaceuticals,2628.0,3.26,3684.0,40FT_HC,90.98,Normal,Carrier_D,10.0,161198.0
SHP01154B,Bengaluru,New York,Air,Machinery,1671.0,6.74,2693.0,20FT,87.29,Normal,Carrier_C,12.0,105325.0
SHP01155A,Mumbai,Dubai,Sea,Pharmaceuticals,1965.0,0.5,7606.0,40FT_HC,110.43,Normal,Carrier_B,18.0,95781.0
SHP01156M,Mumbai,London,Air,Electronics,2307.0,1.64,8121.0,20FT,80.45,Peak,Carrier_A,17.0,212040.0
SHP01157A,Mumbai,Colombo,Sea,Electronics,2207.0,0.5,1307.0,40FT_HC,79.97,Normal,Carrier_E,7.0,35601.0
SHP01158M,Mumbai,Los Angeles,Sea,Textiles,2099.0,11.18,9023.0,20FT,112.43,Normal,Carrier_B,15.0,141869.0
SHP01159K,Kolkata,Jebel Ali,Road,Chemicals,5300.0,14.4,3376.0,20FT,83.36,Normal,Carrier_D,6.0,68800.0
SHP01160C,Chennai,London,Sea,Machinery,1697.0,3.91,3754.0,AIR_CARGO,80.94,Normal,Carrier_B,10.0,49722.0
SHP01161A,Mumbai,London,Air,Textiles,10031.0,2.9,1392.0,LCL,96.41,Peak,Carrier_B,21.0,315592.0
SHP01162D,Delhi,Los Angeles,Sea,Pharmaceuticals,9695.0,23.58,10863.0,40FT,76.87,Normal,Carrier_A,22.0,76010.0
SHP01163C,Chennai,Jebel Ali,Sea,Textiles,2895.0,7.88,9985.0,LCL,99.8,Normal,Carrier_E,20.0,85336.0
SHP01164B,Bengaluru,Colombo,Air,Automotive Parts,1513.0,4.1,2199.0,AIR_CARGO,93.12,Normal,Carrier_C,6.0,102491.0
SHP01165C,Chennai,Hamburg,Sea,Automotive Parts,3798.0,16.83,11992.0,40FT_HC,100.62,Normal,Carrier_E,24.0,112213.0
SHP01166M,Mumbai,Singapore,Air,Chemicals,2953.0,5.27,8230.0,LCL,86.36,Peak,Carrier_D,15.0,259018.0
SHP01167B,Bengaluru,Hamburg,Air,Machinery,1726.0,4.81,6373.0,40FT,111.22,Peak,Carrier_E,13.0,292188.0
SHP01168C,Chennai,Shanghai,Sea,General Merchandise,2422.0,5.92,11481.0,40FT,85.82,Normal,Carrier_E,20.0,79963.0
SHP01169P,Pune,Los Angeles,Sea,Furniture,2069.0,8.68,9900.0,40FT_HC,100.5,Peak,Carrier_D,19.0,112034.0
SHP01170B,Bengaluru,Hamburg,Sea,Automotive Parts,4758.0,8.56,8455.0,40FT,112.8,Peak,Carrier_E,20.0,123544.0
SHP01171P,Pune,Hamburg,Sea,General Merchandise,3893.0,7.8,10142.0,AIR_CARGO,91.03,Normal,Carrier_C,20.0,78201.0
SHP01172D,Delhi,Hamburg,Road,Electronics,4933.0,0.5,621.0,LCL,81.46,Normal,Carrier_B,12.0,52043.0
SHP01173C,Chennai,Dubai,Sea,Automotive Parts,8612.0,24.45,8371.0,40FT,77.74,Normal,Carrier_C,17.0,69361.0
SHP01174A,Mumbai,Rotterdam,Sea,Automotive Parts,2073.0,0.5,2692.0,LCL,113.52,Normal,Carrier_B,6.0,53728.0
SHP01175A,Mumbai,Hamburg,Sea,Machinery,7659.0,20.39,11862.0,20FT,105.55,Normal,Carrier_B,22.0,124326.0
SHP01176H,Hyderabad,Singapore,Sea,Chemicals,3982.0,16.21,7273.0,LCL,111.76,Peak,Carrier_E,14.0,98871.0
SHP01177M,Mumbai,Los Angeles,Sea,General Merchandise,2938.0,14.7,9864.0,40FT_HC,102.95,Normal,Carrier_B,20.0,332130.0
SHP01178P,Pune,Shanghai,Sea,Pharmaceuticals,2352.0,4.38,5184.0,AIR_CARGO,88.7,Peak,Carrier_D,13.0,65240.0
SHP01179B,Bengaluru,Rotterdam,Sea,Automotive Parts,15022.0,34.38,9224.0,40FT,79.92,Normal,Carrier_C,19.0,343445.0
SHP01180H,Hyderabad,New York,Sea,Automotive Parts,2095.0,4.69,4955.0,AIR_CARGO,112.17,Normal,Carrier_B,12.0,78046.0
SHP01181H,Hyderabad,Singapore,Road,Machinery,1616.0,7.45,7285.0,LCL,94.58,Normal,Carrier_E,12.0,88965.0
SHP01182K,Kolkata,Singapore,Sea,Machinery,1713.0,3.55,9449.0,40FT,90.86,Normal,Carrier_E,21.0,76567.0
SHP01183P,Pune,Dubai,Sea,Chemicals,2502.0,4.86,1839.0,AIR_CARGO,98.11,Normal,Carrier_E,3.0,42342.0
SHP01184B,Bengaluru,Dubai,Road,General Merchandise,2499.0,10.24,4603.0,40FT_HC,79.26,Peak,Carrier_A,12.0,58397.0
SHP01185H,Hyderabad,Los Angeles,Sea,Electronics,4801.0,11.61,6767.0,20FT,87.37,Normal,Carrier_C,15.0,66592.0
SHP01186K,Kolkata,Singapore,Road,Pharmaceuticals,4092.0,9.13,4341.0,20FT,100.52,Normal,Carrier_E,6.0,79047.0
SHP01187H,Hyderabad,Jebel Ali,Air,Chemicals,4096.0,6.25,4055.0,40FT_HC,79.0,Off_Peak,Carrier_D,11.0,135321.0
SHP01188M,Mumbai,Jebel Ali,Sea,Furniture,2155.0,9.24,3739.0,20FT,80.41,Off_Peak,Carrier_E,11.0,36743.0
SHP01189D,Delhi,Los Angeles,Sea,Electronics,3881.0,10.23,3120.0,40FT_HC,95.42,Normal,Carrier_A,10.0,62622.0
SHP01190P,Pune,Hamburg,Air,Textiles,4154.0,9.84,10262.0,LCL,99.94,Normal,Carrier_C,19.0,321457.0
SHP01191K,Kolkata,London,Sea,Automotive Parts,2374.0,0.5,11122.0,40FT_HC,82.48,Normal,Carrier_B,23.0,77739.0
SHP01192D,Delhi,New York,Sea,General Merchandise,2997.0,10.95,8552.0,20FT,76.32,Normal,Carrier_C,19.0,59750.0
SHP01193B,Bengaluru,Shanghai,Sea,Chemicals,4151.0,5.35,845.0,LCL,113.33,Normal,Carrier_B,5.0,48708.0
SHP01194M,Mumbai,Dubai,Sea,Automotive Parts,2868.0,8.64,9542.0,40FT_HC,76.1,Normal,Carrier_B,20.0,57577.0
SHP01195K,Kolkata,Shanghai,Sea,General Merchandise,3051.0,4.15,6617.0,40FT_HC,75.08,Normal,Carrier_E,13.0,44326.0
SHP01196B,Bengaluru,London,Road,General Merchandise,6240.0,10.56,9218.0,LCL,87.93,Peak,Carrier_D,21.0,131755.0
SHP01197H,Hyderabad,Colombo,Road,General Merchandise,2882.0,10.57,5529.0,40FT,83.9,Normal,Carrier_D,14.0,73883.0
SHP01198A,Mumbai,Los Angeles,Sea,Automotive Parts,1684.0,4.42,975.0,20FT,97.94,Normal,Carrier_E,3.0,38552.0
SHP01199C,Chennai,Hamburg,Air,Chemicals,8340.0,2.65,1042.0,40FT,110.77,Normal,Carrier_A,16.0,278131.0
SHP01200B,Bengaluru,Rotterdam,Sea,Pharmaceuticals,2691.0,14.21,5607.0,LCL,94.24,Normal,Carrier_B,11.0,58609.0
SHP01201D,Delhi,Hamburg,Air,Machinery,2015.0,12.54,10552.0,LCL,105.93,Off_Peak,Carrier_D,24.0,317801.0
SHP01202M,Mumbai,Singapore,Sea,Automotive Parts,4228.0,9.08,8989.0,AIR_CARGO,111.37,Peak,Carrier_C,20.0,118156.0
SHP01203M,Mumbai,Hamburg,Sea,Furniture,6971.0,11.37,4635.0,AIR_CARGO,82.58,Normal,Carrier_A,10.0,56351.0
SHP01204B,Bengaluru,Singapore,Sea,General Merchandise,8827.0,8.7,1280.0,LCL,94.53,Normal,Carrier_E,18.0,80171.0
SHP01205H,Hyderabad,Shanghai,Sea,Chemicals,6195.0,0.5,1406.0,AIR_CARGO,100.68,Normal,Carrier_A,10.0,67811.0
SHP01206C,Chennai,Colombo,Air,Pharmaceuticals,2461.0,7.76,2794.0,40FT_HC,88.28,Normal,Carrier_D,7.0,136917.0
SHP01207P,Pune,Dubai,Air,Textiles,5329.0,2.47,1486.0,40FT,104.59,Peak,Carrier_E,9.0,226920.0
SHP01208D,Delhi,Colombo,Sea,Furniture,2164.0,5.46,3059.0,LCL,103.21,Normal,Carrier_D,8.0,54390.0
SHP01209B,Bengaluru,Singapore,Sea,Electronics,1764.0,9.11,557.0,40FT_HC,91.84,Off_Peak,Carrier_B,5.0,29792.0
SHP01210B,Bengaluru,Rotterdam,Sea,Furniture,3338.0,0.5,1299.0,20FT,78.52,Off_Peak,Carrier_A,6.0,37089.0
SHP01211A,Mumbai,London,Sea,General Merchandise,4276.0,7.75,2909.0,20FT,75.46,Normal,Carrier_B,8.0,36419.0
SHP01212M,Mumbai,Shanghai,Sea,Textiles,2625.0,9.28,550.0,AIR_CARGO,89.77,Off_Peak,Carrier_C,5.0,20349.0
SHP01213D,Delhi,Shanghai,Sea,Machinery,8216.0,26.72,9515.0,AIR_CARGO,78.28,Peak,Carrier_B,20.0,84898.0
SHP01214C,Chennai,Hamburg,Air,Pharmaceuticals,3157.0,17.41,1385.0,40FT_HC,106.26,Normal,Carrier_A,3.0,141880.0
SHP01215M,Mumbai,Dubai,Air,Pharmaceuticals,5777.0,7.95,5664.0,20FT,88.37,Normal,Carrier_C,12.0,205468.0
SHP01216B,Bengaluru,Hamburg,Sea,General Merchandise,1557.0,2.03,5306.0,LCL,101.64,Normal,Carrier_D,14.0,66538.0
SHP01217M,Mumbai,Hamburg,Sea,Furniture,1544.0,0.5,2586.0,40FT,88.86,Peak,Carrier_C,7.0,40365.0
SHP01218M,Mumbai,Singapore,Air,Furniture,10589.0,28.6,11619.0,AIR_CARGO,106.84,Off_Peak,Carrier_A,23.0,464964.0
SHP01219K,Kolkata,London,Air,Pharmaceuticals,1683.0,4.25,7443.0,40FT_HC,110.54,Normal,Carrier_E,18.0,284629.0
SHP01220M,Mumbai,Dubai,Sea,Textiles,9855.0,6.72,1349.0,AIR_CARGO,108.5,Off_Peak,Carrier_C,21.0,82656.0
SHP01221H,Hyderabad,Hamburg,Road,General Merchandise,6206.0,1.2,1168.0,40FT_HC,94.38,Peak,Carrier_D,11.0,100066.0
SHP01222M,Mumbai,Shanghai,Sea,Automotive Parts,8684.0,23.47,8812.0,20FT,78.36,Normal,Carrier_C,19.0,59096.0
SHP01223P,Pune,Hamburg,Sea,Chemicals,2091.0,4.26,11652.0,AIR_CARGO,89.87,Normal,Carrier_B,25.0,89818.0
SHP01224H,Hyderabad,New York,Road,Textiles,3249.0,8.3,4507.0,40FT_HC,91.98,Off_Peak,Carrier_E,8.0,67231.0
SHP01225D,Delhi,Los Angeles,Sea,Chemicals,2759.0,4.26,6299.0,40FT_HC,113.41,Normal,Carrier_A,9.0,89043.0
SHP01226M,Mumbai,Shanghai,Sea,Automotive Parts,1562.0,9.16,6417.0,AIR_CARGO,97.62,Normal,Carrier_E,12.0,68597.0
SHP01227C,Chennai,New York,Sea,Automotive Parts,2062.0,0.5,11908.0,40FT,100.63,Peak,Carrier_B,23.0,126346.0
SHP01228H,Hyderabad,Los Angeles,Sea,Chemicals,4332.0,9.86,3181.0,LCL,106.28,Normal,Carrier_E,10.0,57251.0
SHP01229H,Hyderabad,Rotterdam,Sea,Textiles,8266.0,9.81,1127.0,20FT,97.73,Normal,Carrier_B,15.0,99404.0
SHP01230B,Bengaluru,New York,Sea,Chemicals,3875.0,14.33,2090.0,AIR_CARGO,98.94,Peak,Carrier_C,7.0,52021.0
SHP01231D,Delhi,Singapore,Road,Chemicals,6350.0,11.75,11161.0,AIR_CARGO,84.81,Normal,Carrier_A,17.0,112319.0
SHP01232M,Mumbai,Rotterdam,Sea,Electronics,3023.0,4.03,7289.0,40FT,77.35,Normal,Carrier_B,16.0,55475.0
SHP01233A,Mumbai,Jebel Ali,Sea,Textiles,5948.0,16.22,10383.0,20FT,103.86,Peak,Carrier_B,20.0,121160.0
SHP01234C,Chennai,Dubai,Sea,Furniture,10795.0,5.04,1025.0,AIR_CARGO,108.95,Peak,Carrier_C,26.0,117857.0
SHP01235B,Bengaluru,Shanghai,Air,Furniture,6907.0,6.57,761.0,40FT,91.48,Off_Peak,Carrier_B,11.0,162494.0
SHP01236D,Delhi,Jebel Ali,Sea,Electronics,2927.0,1.33,8343.0,LCL,96.96,Peak,Carrier_A,17.0,85511.0
SHP01237P,Pune,Shanghai,Road,General Merchandise,1708.0,9.33,8535.0,40FT_HC,87.29,Peak,Carrier_D,14.0,116634.0
SHP01238H,Hyderabad,Dubai,Sea,Pharmaceuticals,4426.0,6.93,5796.0,LCL,93.01,Normal,Carrier_E,11.0,63237.0
SHP01239C,Chennai,Dubai,Road,Furniture,2043.0,10.2,5501.0,LCL,83.36,Off_Peak,Carrier_B,9.0,48679.0
SHP01240P,Pune,Shanghai,Sea,Chemicals,2751.0,0.5,2641.0,LCL,105.4,Peak,Carrier_E,11.0,59644.0
SHP01241M,Mumbai,Dubai,Road,General Merchandise,2635.0,1.82,4915.0,LCL,94.68,Normal,Carrier_E,10.0,68169.0
SHP01242A,Mumbai,New York,Air,Furniture,2690.0,13.29,11894.0,40FT_HC,96.89,Off_Peak,Carrier_D,23.0,324117.0
SHP01243K,Kolkata,Colombo,Air,Textiles,1757.0,11.29,3603.0,20FT,76.48,Normal,Carrier_B,8.0,97826.0
SHP01244K,Kolkata,London,Air,Chemicals,9268.0,2.85,1030.0,20FT,99.9,Normal,Carrier_A,17.0,264460.0
SHP01245D,Delhi,Shanghai,Air,Pharmaceuticals,2168.0,3.84,1182.0,40FT,83.11,Normal,Carrier_B,6.0,82231.0
SHP01246A,Mumbai,Jebel Ali,Sea,General Merchandise,6416.0,15.21,5876.0,40FT,90.34,Normal,Carrier_E,14.0,69211.0
SHP01247C,Chennai,Jebel Ali,Sea,Furniture,1683.0,5.67,1172.0,AIR_CARGO,91.51,Normal,Carrier_C,6.0,34112.0
SHP01248B,Bengaluru,Dubai,Sea,Furniture,1677.0,6.01,5972.0,LCL,92.95,Normal,Carrier_D,10.0,61383.0
SHP01249C,Chennai,Shanghai,Road,Machinery,2770.0,5.42,817.0,LCL,84.1,Normal,Carrier_A,6.0,28594.0
SHP01250A,Mumbai,Colombo,Sea,Furniture,7553.0,0.5,1163.0,40FT_HC,109.0,Normal,Carrier_A,18.0,91137.0
SHP01251P,Pune,Colombo,Air,Automotive Parts,4800.0,9.25,7245.0,LCL,92.11,Peak,Carrier_E,15.0,282831.0
SHP01252H,Hyderabad,London,Sea,Chemicals,9675.0,0.5,1238.0,40FT_HC,99.49,Normal,Carrier_A,21.0,94406.0
SHP01253K,Kolkata,New York,Sea,Pharmaceuticals,2071.0,7.99,7208.0,AIR_CARGO,99.56,Normal,Carrier_E,16.0,77030.0
SHP01254D,Delhi,London,Sea,Automotive Parts,13021.0,32.48,11149.0,40FT,99.28,Peak,Carrier_A,19.0,133563.0
SHP01255M,Mumbai,Singapore,Air,Electronics,9506.0,2.39,1190.0,40FT,97.37,Peak,Carrier_A,19.0,301068.0
SHP01256C,Chennai,Jebel Ali,Sea,General Merchandise,6510.0,14.5,2026.0,AIR_CARGO,107.91,Peak,Carrier_E,5.0,71844.0
SHP01257K,Kolkata,Colombo,Sea,Furniture,2705.0,14.3,3553.0,AIR_CARGO,107.5,Normal,Carrier_D,9.0,68564.0
SHP01258B,Bengaluru,Dubai,Sea,Electronics,2965.0,11.65,802.0,LCL,91.69,Off_Peak,Carrier_A,6.0,30137.0
SHP01259D,Delhi,Colombo,Sea,Pharmaceuticals,4941.0,4.34,1477.0,40FT,100.43,Normal,Carrier_B,8.0,62808.0
SHP01260M,Mumbai,Colombo,Sea,Chemicals,4202.0,7.85,6360.0,20FT,79.11,Normal,Carrier_C,13.0,49363.0
SHP01261C,Chennai,Los Angeles,Sea,Automotive Parts,1971.0,9.85,11378.0,AIR_CARGO,78.63,Peak,Carrier_E,21.0,76164.0
SHP01262B,Bengaluru,Jebel Ali,Air,Automotive Parts,6506.0,3.27,1186.0,40FT,94.2,Peak,Carrier_A,12.0,217551.0
SHP01263M,Mumbai,Singapore,Sea,General Merchandise,6440.0,12.74,9482.0,40FT,111.01,Normal,Carrier_D,18.0,125713.0
SHP01264H,Hyderabad,London,Sea,Chemicals,1945.0,2.27,3582.0,40FT_HC,101.0,Normal,Carrier_B,9.0,62303.0
SHP01265K,Kolkata,Singapore,Sea,Furniture,2261.0,4.43,747.0,40FT,101.77,Normal,Carrier_E,7.0,52860.0
SHP01266H,Hyderabad,Los Angeles,Sea,Machinery,2099.0,8.81,9825.0,AIR_CARGO,81.31,Off_Peak,Carrier_B,21.0,66039.0
SHP01267K,Kolkata,New York,Sea,Machinery,4227.0,12.61,3345.0,LCL,93.13,Normal,Carrier_C,8.0,45649.0
SHP01268B,Bengaluru,Singapore,Sea,General Merchandise,3810.0,11.7,10520.0,40FT,91.03,Normal,Carrier_D,22.0,94954.0
SHP01269P,Pune,Colombo,Sea,Chemicals,1648.0,2.71,2453.0,20FT,106.32,Peak,Carrier_E,11.0,54151.0
SHP01270H,Hyderabad,Rotterdam,Sea,General Merchandise,10293.0,0.98,1324.0,AIR_CARGO,80.51,Peak,Carrier_E,21.0,76067.0
SHP01271K,Kolkata,Shanghai,Air,Chemicals,9388.0,3.04,1029.0,LCL,96.57,Peak,Carrier_A,21.0,279560.0
SHP01272D,Delhi,Singapore,Road,Pharmaceuticals,2463.0,5.54,7529.0,LCL,111.45,Normal,Carrier_B,18.0,121022.0
SHP01273B,Bengaluru,Shanghai,Air,Pharmaceuticals,2758.0,2.56,10278.0,AIR_CARGO,110.7,Normal,Carrier_E,24.0,364737.0
SHP01274K,Kolkata,Los Angeles,Sea,Electronics,3963.0,9.31,4303.0,LCL,109.09,Peak,Carrier_B,11.0,82098.0
SHP01275C,Chennai,Singapore,Sea,Furniture,2269.0,8.16,2409.0,20FT,90.0,Normal,Carrier_C,5.0,36234.0
SHP01276K,Kolkata,Singapore,Sea,General Merchandise,2226.0,3.74,2306.0,40FT,112.64,Normal,Carrier_A,7.0,61176.0
SHP01277H,Hyderabad,Hamburg,Sea,Furniture,2086.0,11.32,3609.0,AIR_CARGO,107.21,Peak,Carrier_C,9.0,66009.0
SHP01278D,Delhi,Colombo,Road,Chemicals,2761.0,1.57,5632.0,40FT,109.05,Normal,Carrier_A,14.0,93892.0
SHP01279M,Mumbai,Dubai,Sea,Machinery,2292.0,2.16,10574.0,40FT,112.29,Normal,Carrier_A,19.0,109076.0
SHP01280P,Pune,Shanghai,Sea,Furniture,4603.0,8.67,1530.0,LCL,112.48,Normal,Carrier_B,7.0,52819.0
SHP01281M,Mumbai,New York,Sea,Chemicals,3060.0,10.58,11025.0,AIR_CARGO,84.6,Normal,Carrier_A,22.0,76267.0
SHP01282K,Kolkata,Hamburg,Air,Pharmaceuticals,2682.0,7.24,11143.0,40FT,80.11,Peak,Carrier_C,24.0,265026.0
SHP01283M,Mumbai,Colombo,Sea,Chemicals,2433.0,2.25,8863.0,40FT_HC,102.63,Normal,Carrier_C,19.0,94488.0
SHP01284K,Kolkata,Los Angeles,Sea,General Merchandise,10853.0,0.5,1355.0,20FT,97.53,Off_Peak,Carrier_C,22.0,77162.0
SHP01285D,Delhi,Shanghai,Sea,Electronics,2499.0,1.2,9355.0,LCL,88.1,Normal,Carrier_B,19.0,67567.0
SHP01286M,Mumbai,London,Sea,Electronics,1642.0,0.5,6575.0,AIR_CARGO,102.38,Normal,Carrier_B,15.0,72473.0
SHP01287H,Hyderabad,Los Angeles,Sea,Electronics,3132.0,10.95,7409.0,AIR_CARGO,77.48,Normal,Carrier_D,19.0,59314.0
SHP01288H,Hyderabad,Dubai,Sea,Electronics,2183.0,0.96,7725.0,LCL,76.89,Normal,Carrier_E,12.0,48753.0
SHP01289C,Chennai,Shanghai,Sea,Pharmaceuticals,7375.0,20.28,1959.0,40FT,89.17,Peak,Carrier_D,7.0,54151.0
SHP01290K,Kolkata,Los Angeles,Sea,Textiles,2720.0,4.8,1101.0,LCL,82.75,Normal,Carrier_D,7.0,33363.0
SHP01291M,Mumbai,Hamburg,Sea,Furniture,6519.0,5.56,1291.0,AIR_CARGO,103.74,Peak,Carrier_A,13.0,84370.0
SHP01292H,Hyderabad,Los Angeles,Sea,General Merchandise,2975.0,4.22,1825.0,40FT_HC,112.92,Normal,Carrier_A,1.0,58190.0
SHP01293A,Mumbai,Dubai,Sea,Automotive Parts,1646.0,5.54,11597.0,40FT,101.47,Normal,Carrier_D,24.0,109554.0
SHP01294D,Delhi,Dubai,Air,General Merchandise,2776.0,7.1,6332.0,LCL,101.19,Normal,Carrier_E,13.0,229088.0
SHP01295P,Pune,Rotterdam,Sea,Textiles,4871.0,3.16,1120.0,AIR_CARGO,75.26,Peak,Carrier_D,9.0,127332.0
SHP01296D,Delhi,Singapore,Sea,Electronics,8646.0,20.51,2312.0,AIR_CARGO,95.49,Normal,Carrier_B,6.0,59895.0
SHP01297A,Mumbai,London,Sea,Textiles,1945.0,8.0,5290.0,AIR_CARGO,107.68,Off_Peak,Carrier_C,11.0,61917.0
SHP01298A,Mumbai,London,Sea,Machinery,1578.0,6.69,3978.0,40FT_HC,101.16,Peak,Carrier_D,6.0,74735.0
SHP01299C,Chennai,Hamburg,Sea,Machinery,8543.0,20.33,1511.0,40FT,84.11,Normal,Carrier_A,5.0,45563.0
SHP01300D,Delhi,Dubai,Air,Furniture,4317.0,8.44,11621.0,LCL,108.94,Normal,Carrier_E,24.0,420317.0
SHP01301D,Delhi,Rotterdam,Sea,Pharmaceuticals,6169.0,12.39,3547.0,40FT,113.58,Normal,Carrier_A,7.0,76989.0
SHP01302M,Mumbai,Colombo,Road,General Merchandise,2235.0,5.46,8440.0,AIR_CARGO,86.16,Normal,Carrier_B,18.0,90342.0
SHP01303K,Kolkata,Rotterdam,Sea,General Merchandise,2577.0,7.02,1550.0,40FT_HC,83.28,Peak,Carrier_A,5.0,40391.0
SHP01304B,Bengaluru,New York,Sea,Automotive Parts,1696.0,3.67,11001.0,40FT_HC,88.54,Normal,Carrier_A,24.0,87668.0
SHP01305P,Pune,Los Angeles,Sea,Pharmaceuticals,1572.0,0.5,7294.0,AIR_CARGO,77.53,Off_Peak,Carrier_E,15.0,138991.0
SHP01306D,Delhi,Singapore,Road,Automotive Parts,3239.0,6.49,8054.0,40FT,109.94,Normal,Carrier_E,18.0,131356.0
SHP01307P,Pune,Rotterdam,Sea,Machinery,1968.0,2.58,9491.0,40FT,112.17,Off_Peak,Carrier_A,19.0,302520.0
SHP01308P,Pune,Los Angeles,Sea,Electronics,10589.0,25.27,7468.0,40FT_HC,100.33,Normal,Carrier_A,20.0,382623.0
SHP01309P,Pune,Singapore,Sea,Textiles,4323.0,20.44,1315.0,20FT,105.57,Off_Peak,Carrier_D,4.0,46813.0
SHP01310D,Delhi,Shanghai,Air,Automotive Parts,8503.0,21.97,5440.0,40FT_HC,101.75,Normal,Carrier_B,11.0,330398.0
SHP01311B,Bengaluru,New York,Sea,Chemicals,3513.0,6.45,587.0,40FT_HC,90.09,Off_Peak,Carrier_D,8.0,42079.0
SHP01312D,Delhi,New York,Road,Automotive Parts,8570.0,17.67,6097.0,LCL,100.28,Peak,Carrier_E,12.0,128365.0
SHP01313M,Mumbai,Dubai,Sea,Electronics,5150.0,1.35,531.0,40FT_HC,108.45,Normal,Carrier_D,9.0,75048.0
SHP01314M,Mumbai,New York,Air,Electronics,10005.0,7.54,1102.0,20FT,107.4,Peak,Carrier_D,22.0,380240.0
SHP01315B,Bengaluru,Shanghai,Sea,General Merchandise,3341.0,0.5,800.0,40FT_HC,78.24,Peak,Carrier_A,2.0,39350.0
SHP01316H,Hyderabad,Dubai,Sea,Textiles,2928.0,6.04,2815.0,40FT,93.5,Normal,Carrier_A,6.0,50097.0
SHP01317D,Delhi,Jebel Ali,Sea,Electronics,2471.0,8.37,11518.0,LCL,90.89,Normal,Carrier_B,20.0,81430.0
SHP01318H,Hyderabad,Colombo,Air,Pharmaceuticals,4191.0,9.69,11419.0,LCL,105.08,Peak,Carrier_C,23.0,429872.0
SHP01319P,Pune,Hamburg,Sea,Automotive Parts,2360.0,3.35,11925.0,40FT_HC,95.06,Off_Peak,Carrier_C,19.0,84614.0
SHP01320D,Delhi,Los Angeles,Sea,Automotive Parts,5543.0,11.15,7036.0,LCL,88.99,Normal,Carrier_D,16.0,63555.0
SHP01321K,Kolkata,Colombo,Sea,Machinery,1801.0,4.51,1363.0,LCL,103.25,Off_Peak,Carrier_B,7.0,40158.0
SHP01322D,Delhi,Colombo,Sea,Electronics,5627.0,7.12,10622.0,40FT_HC,93.94,Off_Peak,Carrier_B,18.0,88572.0
SHP01323M,Mumbai,London,Road,Chemicals,2451.0,6.33,2169.0,20FT,85.26,Normal,Carrier_E,6.0,37404.0
SHP01324C,Chennai,Rotterdam,Sea,General Merchandise,11561.0,30.43,2289.0,40FT_HC,110.62,Normal,Carrier_A,7.0,80849.0
SHP01325A,Mumbai,New York,Road,Textiles,4406.0,9.04,2724.0,40FT,79.52,Peak,Carrier_E,9.0,50440.0
SHP01326C,Chennai,Jebel Ali,Sea,Chemicals,2052.0,0.5,8014.0,AIR_CARGO,75.72,Normal,Carrier_C,14.0,46931.0
SHP01327C,Chennai,Rotterdam,Sea,General Merchandise,2445.0,3.77,1733.0,20FT,80.76,Normal,Carrier_B,2.0,30686.0
SHP01328C,Chennai,Hamburg,Air,Automotive Parts,9450.0,2.59,1297.0,40FT_HC,81.55,Normal,Carrier_C,22.0,187478.0
SHP01329A,Mumbai,Rotterdam,Sea,Chemicals,3158.0,3.21,1170.0,20FT,96.52,Normal,Carrier_A,2.0,106475.0
SHP01330H,Hyderabad,London,Sea,General Merchandise,2051.0,5.01,1770.0,AIR_CARGO,99.99,Peak,Carrier_A,4.0,45952.0
SHP01331A,Mumbai,Hamburg,Sea,Automotive Parts,4003.0,10.22,5497.0,LCL,92.94,Normal,Carrier_A,13.0,58939.0
SHP01332H,Hyderabad,Shanghai,Air,Automotive Parts,4860.0,7.31,1048.0,LCL,83.17,Peak,Carrier_C,8.0,135105.0
SHP01333A,Mumbai,Shanghai,Sea,Automotive Parts,2018.0,4.15,11882.0,AIR_CARGO,80.29,Off_Peak,Carrier_B,23.0,65045.0
SHP01334A,Mumbai,Dubai,Road,Automotive Parts,11619.0,3.25,1177.0,LCL,94.69,Peak,Carrier_E,25.0,140783.0
SHP01335D,Delhi,Rotterdam,Sea,Pharmaceuticals,2681.0,0.71,1225.0,20FT,97.62,Normal,Carrier_B,4.0,50404.0
SHP01336H,Hyderabad,Los Angeles,Sea,Automotive Parts,3707.0,6.92,11387.0,LCL,87.16,Peak,Carrier_B,22.0,335342.0
SHP01337D,Delhi,Jebel Ali,Sea,Machinery,5193.0,15.18,8461.0,AIR_CARGO,83.82,Normal,Carrier_D,15.0,68899.0
SHP01338K,Kolkata,London,Air,Chemicals,5202.0,0.5,549.0,AIR_CARGO,78.22,Normal,Carrier_B,10.0,121204.0
SHP01339D,Delhi,Hamburg,Sea,General Merchandise,8386.0,23.27,9006.0,AIR_CARGO,76.05,Peak,Carrier_E,21.0,75269.0
SHP01340C,Chennai,Jebel Ali,Sea,Machinery,6227.0,14.64,10852.0,40FT,79.23,Normal,Carrier_D,25.0,79689.0
SHP01341B,Bengaluru,Rotterdam,Sea,Pharmaceuticals,2572.0,0.5,1042.0,20FT,104.68,Off_Peak,Carrier_B,7.0,43194.0
SHP01342B,Bengaluru,Los Angeles,Sea,Furniture,4279.0,7.42,2754.0,AIR_CARGO,88.76,Off_Peak,Carrier_D,8.0,47518.0
SHP01343M,Mumbai,Rotterdam,Sea,Furniture,1854.0,14.09,5200.0,20FT,76.1,Normal,Carrier_B,12.0,54402.0
SHP01344M,Mumbai,New York,Air,Machinery,2346.0,5.18,2446.0,40FT,95.33,Normal,Carrier_A,5.0,119369.0
SHP01345P,Pune,New York,Air,Electronics,3697.0,2.34,4645.0,20FT,96.44,Peak,Carrier_A,11.0,217483.0
SHP01346D,Delhi,London,Sea,Electronics,3415.0,3.58,7925.0,40FT_HC,92.15,Peak,Carrier_B,14.0,86061.0
SHP01347A,Mumbai,Hamburg,Sea,Electronics,1723.0,1.25,9847.0,40FT,79.43,Normal,Carrier_D,18.0,67725.0
SHP01348A,Mumbai,Hamburg,Sea,Textiles,1718.0,0.52,3972.0,40FT,105.2,Normal,Carrier_E,9.0,64587.0
SHP01349B,Bengaluru,Colombo,Road,Electronics,1785.0,0.5,3740.0,LCL,102.56,Normal,Carrier_A,7.0,59104.0
SHP01350C,Chennai,London,Sea,General Merchandise,5255.0,18.36,9467.0,AIR_CARGO,90.79,Off_Peak,Carrier_D,17.0,77829.0
SHP01351H,Hyderabad,London,Road,Machinery,4882.0,4.43,745.0,40FT,90.23,Peak,Carrier_E,9.0,78590.0
SHP01352C,Chennai,Los Angeles,Sea,General Merchandise,2250.0,4.56,9912.0,20FT,81.24,Normal,Carrier_D,22.0,70076.0
SHP01353P,Pune,New York,Sea,Chemicals,6948.0,14.19,11924.0,40FT_HC,105.14,Normal,Carrier_B,27.0,125324.0
SHP01354C,Chennai,Hamburg,Air,Electronics,3950.0,8.76,11766.0,20FT,98.98,Normal,Carrier_A,23.0,351974.0
SHP01355D,Delhi,Rotterdam,Sea,Pharmaceuticals,4950.0,18.91,8121.0,20FT,78.43,Off_Peak,Carrier_A,18.0,51285.0
SHP01356D,Delhi,London,Road,Textiles,2271.0,1.95,4815.0,40FT_HC,90.12,Off_Peak,Carrier_A,10.0,58242.0
SHP01357K,Kolkata,Dubai,Road,Chemicals,5000.0,0.5,1253.0,LCL,111.14,Normal,Carrier_B,1.0,40104.0
SHP01358P,Pune,Singapore,Sea,Pharmaceuticals,2592.0,8.84,8987.0,AIR_CARGO,93.09,Normal,Carrier_E,17.0,79614.0
SHP01359C,Chennai,Hamburg,Sea,Textiles,1598.0,7.84,11747.0,40FT,88.0,Normal,Carrier_E,23.0,84928.0
SHP01360A,Mumbai,Shanghai,Sea,Furniture,10657.0,31.18,1282.0,AIR_CARGO,100.75,Normal,Carrier_A,5.0,57359.0
SHP01361A,Mumbai,Hamburg,Road,Chemicals,2256.0,3.96,571.0,LCL,83.12,Off_Peak,Carrier_E,3.0,16500.0
SHP01362P,Pune,Dubai,Sea,Furniture,3783.0,7.64,10065.0,40FT_HC,95.95,Peak,Carrier_A,20.0,106932.0
SHP01363C,Chennai,Hamburg,Sea,Machinery,7560.0,26.05,1676.0,AIR_CARGO,101.78,Normal,Carrier_E,4.0,55046.0
SHP01364D,Delhi,Dubai,Sea,General Merchandise,5000.0,5.3,1439.0,20FT,109.2,Peak,Carrier_A,5.0,50297.0
SHP01365D,Delhi,Singapore,Air,Automotive Parts,10969.0,1.01,568.0,40FT,102.7,Normal,Carrier_E,19.0,305967.0
SHP01366K,Kolkata,Colombo,Sea,General Merchandise,3438.0,10.2,1415.0,40FT,90.38,Normal,Carrier_D,6.0,41758.0
SHP01367K,Kolkata,Los Angeles,Sea,Electronics,3885.0,7.51,1811.0,LCL,105.71,Normal,Carrier_A,4.0,151364.0
SHP01368M,Mumbai,Singapore,Road,Furniture,1910.0,5.75,7050.0,LCL,110.94,Normal,Carrier_A,19.0,104544.0
SHP01369P,Pune,Jebel Ali,Sea,Pharmaceuticals,9203.0,3.95,1179.0,40FT_HC,94.11,Normal,Carrier_C,18.0,74125.0
SHP01370B,Bengaluru,Colombo,Sea,Automotive Parts,3058.0,10.62,5095.0,LCL,75.18,Normal,Carrier_A,10.0,38716.0
SHP01371C,Chennai,Los Angeles,Sea,Textiles,2462.0,1.92,5337.0,AIR_CARGO,110.24,Off_Peak,Carrier_E,11.0,88065.0
SHP01372P,Pune,New York,Sea,Furniture,3082.0,8.76,7775.0,40FT,81.62,Normal,Carrier_D,15.0,61453.0
SHP01373A,Mumbai,Dubai,Road,Machinery,6312.0,0.5,1197.0,40FT_HC,80.05,Peak,Carrier_D,15.0,75132.0
SHP01374C,Chennai,London,Sea,Machinery,3088.0,14.85,714.0,LCL,87.31,Normal,Carrier_E,3.0,28677.0
SHP01375K,Kolkata,Jebel Ali,Sea,Furniture,4259.0,8.46,1806.0,20FT,90.2,Off_Peak,Carrier_B,7.0,40711.0
SHP01376K,Kolkata,Singapore,Road,Furniture,7188.0,0.5,939.0,40FT,106.98,Normal,Carrier_A,16.0,102736.0
SHP01377M,Mumbai,Hamburg,Sea,Furniture,6460.0,26.49,9627.0,40FT_HC,90.57,Normal,Carrier_D,20.0,93148.0
SHP01378B,Bengaluru,Singapore,Sea,Textiles,2950.0,4.94,9276.0,40FT,76.95,Normal,Carrier_E,20.0,59296.0
SHP01379M,Mumbai,Los Angeles,Sea,Electronics,4347.0,10.73,9011.0,AIR_CARGO,100.44,Normal,Carrier_D,21.0,100768.0
SHP01380A,Mumbai,Jebel Ali,Sea,Textiles,9370.0,0.5,1089.0,LCL,101.85,Normal,Carrier_D,20.0,87394.0
SHP01381B,Bengaluru,Rotterdam,Sea,Chemicals,3896.0,9.06,1011.0,LCL,107.57,Normal,Carrier_E,4.0,47176.0
SHP01382H,Hyderabad,Los Angeles,Sea,Pharmaceuticals,10794.0,8.73,858.0,LCL,90.95,Off_Peak,Carrier_C,22.0,71892.0
SHP01383C,Chennai,Colombo,Road,Furniture,10727.0,6.03,1350.0,20FT,78.44,Normal,Carrier_D,19.0,99089.0
SHP01384M,Mumbai,Singapore,Sea,Pharmaceuticals,2967.0,0.5,6617.0,AIR_CARGO,97.12,Normal,Carrier_D,19.0,71771.0
SHP01385K,Kolkata,Singapore,Air,Electronics,2089.0,1.92,3359.0,20FT,79.84,Normal,Carrier_B,9.0,102534.0
SHP01386M,Mumbai,Jebel Ali,Sea,Automotive Parts,2545.0,9.73,7310.0,AIR_CARGO,75.68,Normal,Carrier_C,17.0,52887.0
SHP01387H,Hyderabad,Dubai,Air,Textiles,8750.0,23.38,6916.0,AIR_CARGO,106.14,Normal,Carrier_B,15.0,386552.0
SHP01388M,Mumbai,Jebel Ali,Sea,Electronics,2519.0,4.05,3064.0,AIR_CARGO,91.14,Normal,Carrier_E,3.0,42247.0
SHP01389C,Chennai,London,Road,Pharmaceuticals,3965.0,11.03,7436.0,LCL,96.0,Peak,Carrier_A,15.0,100900.0
SHP01390H,Hyderabad,Singapore,Sea,Automotive Parts,2394.0,0.91,9669.0,LCL,101.51,Off_Peak,Carrier_E,20.0,80623.0
SHP01391P,Pune,Dubai,Sea,Textiles,2348.0,0.5,9770.0,LCL,91.04,Normal,Carrier_C,18.0,66727.0
SHP01392P,Pune,Dubai,Sea,Machinery,5000.0,0.5,1187.0,20FT,77.05,Normal,Carrier_E,2.0,21455.0
SHP01393P,Pune,Jebel Ali,Sea,Textiles,3176.0,11.26,2767.0,40FT_HC,85.11,Normal,Carrier_C,6.0,42118.0
SHP01394K,Kolkata,New York,Sea,General Merchandise,12992.0,30.51,8185.0,AIR_CARGO,82.77,Normal,Carrier_B,18.0,80649.0
SHP01395K,Kolkata,Los Angeles,Sea,Textiles,2647.0,6.32,10388.0,20FT,114.1,Normal,Carrier_D,23.0,123729.0
SHP01396P,Pune,Colombo,Air,General Merchandise,2102.0,0.5,6494.0,LCL,104.58,Normal,Carrier_E,14.0,232572.0
SHP01397P,Pune,New York,Sea,Automotive Parts,5246.0,12.29,8637.0,LCL,93.06,Off_Peak,Carrier_E,17.0,67130.0
SHP01398P,Pune,Singapore,Sea,Textiles,4860.0,13.78,742.0,40FT_HC,77.53,Normal,Carrier_D,3.0,36824.0
SHP01399D,Delhi,Singapore,Sea,Automotive Parts,3326.0,0.5,7497.0,LCL,79.63,Normal,Carrier_E,16.0,55569.0
SHP01400P,Pune,Singapore,Air,Automotive Parts,2046.0,5.05,11562.0,AIR_CARGO,107.52,Peak,Carrier_E,23.0,425311.0
SHP01401H,Hyderabad,Shanghai,Sea,Pharmaceuticals,5260.0,12.26,8102.0,40FT,112.82,Normal,Carrier_A,18.0,103712.0
SHP01402D,Delhi,Hamburg,Sea,Electronics,2704.0,4.58,11106.0,LCL,76.25,Off_Peak,Carrier_A,21.0,55291.0
SHP01403D,Delhi,Rotterdam,Sea,Automotive Parts,4528.0,16.01,7009.0,40FT_HC,111.42,Normal,Carrier_D,16.0,104743.0
SHP01404C,Chennai,Shanghai,Air,Automotive Parts,10199.0,7.77,1468.0,40FT,90.22,Normal,Carrier_B,21.0,263986.0
SHP01405M,Mumbai,Rotterdam,Sea,Pharmaceuticals,1707.0,17.34,1928.0,AIR_CARGO,83.55,Off_Peak,Carrier_E,5.0,74756.0
SHP01406K,Kolkata,Dubai,Sea,Pharmaceuticals,2662.0,1.49,1920.0,AIR_CARGO,79.09,Normal,Carrier_E,2.0,32575.0
SHP01407K,Kolkata,Singapore,Air,Textiles,1882.0,4.38,1120.0,AIR_CARGO,105.87,Normal,Carrier_B,4.0,108436.0
SHP01408M,Mumbai,London,Air,Pharmaceuticals,1966.0,10.68,6122.0,40FT_HC,93.76,Normal,Carrier_E,16.0,192667.0
SHP01409K,Kolkata,Colombo,Sea,Textiles,4298.0,0.5,1088.0,40FT,108.3,Normal,Carrier_B,6.0,67531.0
SHP01410M,Mumbai,Jebel Ali,Road,Machinery,8771.0,8.95,916.0,AIR_CARGO,84.05,Normal,Carrier_D,21.0,91207.0
SHP01411H,Hyderabad,Colombo,Sea,Pharmaceuticals,12179.0,30.46,10880.0,LCL,102.14,Normal,Carrier_D,18.0,118095.0
SHP01412C,Chennai,London,Sea,Electronics,1683.0,0.5,7623.0,40FT,79.72,Off_Peak,Carrier_B,14.0,51368.0
SHP01413P,Pune,Jebel Ali,Sea,Automotive Parts,1782.0,0.5,2952.0,AIR_CARGO,78.59,Peak,Carrier_B,7.0,43472.0
SHP01414C,Chennai,Dubai,Sea,Electronics,2634.0,3.95,11205.0,40FT,80.34,Peak,Carrier_C,26.0,75491.0
SHP01415A,Mumbai,London,Sea,General Merchandise,6570.0,2.63,1254.0,LCL,107.36,Peak,Carrier_A,14.0,88331.0
SHP01416C,Chennai,Singapore,Road,Furniture,1804.0,9.25,8779.0,20FT,101.22,Normal,Carrier_A,18.0,114818.0
SHP01417M,Mumbai,London,Sea,Pharmaceuticals,8237.0,19.25,10741.0,AIR_CARGO,81.64,Normal,Carrier_E,20.0,81529.0
SHP01418A,Mumbai,Singapore,Sea,Automotive Parts,3155.0,12.31,11883.0,LCL,90.39,Peak,Carrier_E,25.0,99431.0
SHP01419M,Mumbai,London,Sea,Electronics,4746.0,11.73,6320.0,40FT_HC,105.55,Normal,Carrier_B,12.0,92992.0
SHP01420P,Pune,London,Road,Pharmaceuticals,6953.0,16.6,9793.0,AIR_CARGO,86.43,Normal,Carrier_B,19.0,121151.0
SHP01421B,Bengaluru,New York,Sea,Pharmaceuticals,2867.0,5.66,7019.0,20FT,111.85,Normal,Carrier_A,14.0,83524.0
SHP01422A,Mumbai,Colombo,Sea,Furniture,2165.0,9.08,6094.0,LCL,111.58,Off_Peak,Carrier_E,15.0,72618.0
SHP01423P,Pune,Rotterdam,Sea,Machinery,6684.0,2.86,984.0,LCL,97.12,Normal,Carrier_A,16.0,60847.0
SHP01424P,Pune,Shanghai,Sea,Machinery,1949.0,1.71,6069.0,40FT,100.28,Peak,Carrier_D,11.0,83529.0
SHP01425K,Kolkata,New York,Road,Automotive Parts,2249.0,6.68,5342.0,AIR_CARGO,101.13,Peak,Carrier_A,10.0,99410.0
SHP01426K,Kolkata,Rotterdam,Sea,General Merchandise,8823.0,1.69,1479.0,20FT,85.34,Normal,Carrier_A,17.0,87838.0
SHP01427B,Bengaluru,New York,Sea,Machinery,6826.0,14.2,3371.0,40FT_HC,89.61,Normal,Carrier_B,8.0,60119.0
SHP01428B,Bengaluru,Hamburg,Road,Furniture,5118.0,16.92,7588.0,40FT,80.44,Peak,Carrier_E,18.0,100990.0
SHP01429C,Chennai,Jebel Ali,Sea,Machinery,4744.0,10.66,8699.0,AIR_CARGO,111.99,Normal,Carrier_D,18.0,112387.0
SHP01430P,Pune,Singapore,Road,General Merchandise,2318.0,14.06,10759.0,20FT,103.95,Normal,Carrier_A,17.0,134614.0
SHP01431B,Bengaluru,Shanghai,Sea,Electronics,4317.0,5.98,1277.0,40FT,76.85,Normal,Carrier_A,11.0,45007.0
SHP01432M,Mumbai,New York,Sea,Machinery,5927.0,11.05,10397.0,20FT,96.98,Normal,Carrier_B,18.0,97947.0
SHP01433P,Pune,New York,Sea,Furniture,3109.0,4.06,11371.0,20FT,88.72,Normal,Carrier_C,21.0,81467.0
SHP01434D,Delhi,Dubai,Air,Textiles,4132.0,4.88,7960.0,40FT,107.61,Normal,Carrier_E,17.0,324684.0
SHP01435M,Mumbai,London,Sea,Furniture,3739.0,11.33,9371.0,40FT,88.75,Normal,Carrier_E,19.0,82041.0
SHP01436A,Mumbai,Hamburg,Sea,Chemicals,3059.0,3.86,5166.0,AIR_CARGO,100.77,Off_Peak,Carrier_E,13.0,67582.0
SHP01437B,Bengaluru,Shanghai,Sea,Chemicals,9171.0,12.77,11450.0,40FT,81.63,Normal,Carrier_A,22.0,82556.0
SHP01438K,Kolkata,Shanghai,Air,Machinery,1631.0,0.5,8215.0,AIR_CARGO,97.35,Normal,Carrier_A,15.0,241331.0
SHP01439M,Mumbai,Jebel Ali,Sea,Electronics,2045.0,0.5,4067.0,20FT,86.76,Normal,Carrier_A,9.0,44288.0
SHP01440K,Kolkata,Shanghai,Air,Pharmaceuticals,7265.0,18.65,5149.0,40FT,81.6,Normal,Carrier_C,13.0,187247.0
SHP01441M,Mumbai,Los Angeles,Sea,Electronics,2637.0,5.95,7604.0,AIR_CARGO,99.77,Normal,Carrier_A,17.0,99771.0
SHP01442K,Kolkata,Shanghai,Sea,Furniture,2304.0,9.26,3193.0,AIR_CARGO,100.55,Off_Peak,Carrier_E,8.0,49974.0
SHP01443H,Hyderabad,New York,Air,Automotive Parts,2121.0,1.42,9170.0,40FT_HC,114.33,Normal,Carrier_E,21.0,351533.0
SHP01444M,Mumbai,Los Angeles,Sea,Textiles,3888.0,7.96,3084.0,AIR_CARGO,101.76,Normal,Carrier_B,10.0,61157.0
SHP01445A,Mumbai,Rotterdam,Sea,Electronics,2154.0,12.12,7306.0,AIR_CARGO,95.63,Off_Peak,Carrier_C,17.0,85740.0
SHP01446K,Kolkata,London,Sea,General Merchandise,2002.0,3.4,8516.0,40FT_HC,111.5,Off_Peak,Carrier_D,15.0,104197.0
SHP01447D,Delhi,Los Angeles,Sea,Furniture,3846.0,10.05,10387.0,LCL,108.13,Normal,Carrier_A,22.0,370725.0
SHP01448A,Mumbai,Rotterdam,Sea,Textiles,2656.0,3.7,8940.0,40FT,96.95,Peak,Carrier_D,18.0,332504.0
SHP01449C,Chennai,Hamburg,Road,Chemicals,9686.0,2.19,1297.0,40FT_HC,95.45,Normal,Carrier_A,19.0,114145.0
SHP01450M,Mumbai,Colombo,Air,Furniture,2553.0,7.98,10999.0,AIR_CARGO,112.68,Off_Peak,Carrier_C,21.0,342825.0
SHP01451D,Delhi,Singapore,Sea,Textiles,6189.0,17.36,7374.0,AIR_CARGO,99.69,Normal,Carrier_C,15.0,75985.0
SHP01452C,Chennai,New York,Sea,General Merchandise,4111.0,10.26,10232.0,40FT,103.55,Off_Peak,Carrier_E,19.0,97725.0
SHP01453M,Mumbai,Los Angeles,Sea,Machinery,6706.0,14.93,3167.0,20FT,78.47,Peak,Carrier_C,8.0,57851.0
SHP01454D,Delhi,Colombo,Sea,General Merchandise,1554.0,4.22,9869.0,40FT_HC,103.73,Normal,Carrier_D,20.0,100517.0
SHP01455D,Delhi,London,Sea,General Merchandise,5013.0,8.99,3049.0,LCL,85.59,Normal,Carrier_D,8.0,40307.0
SHP01456A,Mumbai,Dubai,Road,Machinery,1640.0,3.04,11248.0,40FT,79.62,Normal,Carrier_C,24.0,100037.0
SHP01457H,Hyderabad,Hamburg,Air,Machinery,4295.0,4.0,1122.0,40FT,108.99,Off_Peak,Carrier_D,9.0,168421.0
SHP01458D,Delhi,Singapore,Air,Machinery,2476.0,7.48,1483.0,40FT_HC,102.65,Normal,Carrier_A,5.0,128213.0
SHP01459H,Hyderabad,London,Sea,Machinery,2723.0,2.84,2204.0,AIR_CARGO,91.3,Normal,Carrier_B,2.0,38144.0
SHP01460B,Bengaluru,Hamburg,Air,Machinery,4877.0,10.9,2654.0,AIR_CARGO,92.26,Normal,Carrier_E,8.0,169488.0
SHP01461A,Mumbai,Dubai,Sea,General Merchandise,3059.0,3.26,5647.0,LCL,82.88,Normal,Carrier_B,12.0,50258.0
SHP01462P,Pune,Rotterdam,Sea,Automotive Parts,2263.0,3.61,6505.0,40FT_HC,75.38,Normal,Carrier_D,13.0,148071.0
SHP01463K,Kolkata,Dubai,Sea,Automotive Parts,11009.0,7.04,1278.0,40FT,88.97,Off_Peak,Carrier_E,24.0,73941.0
SHP01464A,Mumbai,Los Angeles,Sea,Furniture,3954.0,7.27,4882.0,40FT_HC,80.94,Peak,Carrier_B,8.0,188581.0
SHP01465C,Chennai,Singapore,Road,Electronics,4677.0,10.75,3001.0,20FT,91.87,Normal,Carrier_B,8.0,57941.0
SHP01466K,Kolkata,Shanghai,Sea,Automotive Parts,3035.0,2.28,9054.0,40FT,108.35,Peak,Carrier_D,17.0,118997.0
SHP01467K,Kolkata,Jebel Ali,Road,Chemicals,2049.0,0.76,1261.0,LCL,79.59,Peak,Carrier_E,7.0,39874.0
SHP01468P,Pune,New York,Sea,Automotive Parts,4229.0,3.88,10761.0,LCL,78.67,Normal,Carrier_E,17.0,67142.0
SHP01469H,Hyderabad,New York,Road,General Merchandise,5551.0,14.33,5208.0,40FT,111.08,Off_Peak,Carrier_B,13.0,99473.0
SHP01470P,Pune,Rotterdam,Sea,Machinery,6772.0,17.6,7559.0,AIR_CARGO,104.81,Peak,Carrier_E,17.0,400992.0
SHP01471P,Pune,London,Sea,Furniture,1881.0,5.83,2641.0,40FT,77.12,Normal,Carrier_E,5.0,32783.0
SHP01472K,Kolkata,Singapore,Air,Machinery,3320.0,9.51,2174.0,40FT,78.18,Normal,Carrier_A,6.0,98021.0
SHP01473D,Delhi,Shanghai,Road,Pharmaceuticals,1766.0,5.56,9687.0,20FT,102.4,Normal,Carrier_D,18.0,135514.0
SHP01474H,Hyderabad,Rotterdam,Sea,Pharmaceuticals,5442.0,0.5,1373.0,40FT,89.81,Normal,Carrier_D,13.0,60489.0
SHP01475K,Kolkata,Jebel Ali,Sea,Pharmaceuticals,6996.0,13.51,11848.0,40FT_HC,103.97,Normal,Carrier_A,25.0,119999.0
SHP01476H,Hyderabad,Los Angeles,Sea,General Merchandise,3608.0,0.5,6529.0,40FT_HC,91.18,Peak,Carrier_B,12.0,254743.0
SHP01477B,Bengaluru,Los Angeles,Sea,Chemicals,5793.0,11.94,10225.0,LCL,113.71,Normal,Carrier_C,18.0,420628.0
SHP01478H,Hyderabad,Shanghai,Air,Automotive Parts,11770.0,0.5,1128.0,AIR_CARGO,102.78,Normal,Carrier_B,26.0,341935.0
SHP01479M,Mumbai,Shanghai,Air,General Merchandise,3015.0,7.02,3733.0,LCL,76.86,Normal,Carrier_A,13.0,104540.0
SHP01480D,Delhi,Shanghai,Sea,Electronics,3479.0,18.12,9710.0,20FT,88.22,Normal,Carrier_E,21.0,75374.0
SHP01481C,Chennai,Dubai,Air,Furniture,5000.0,6.6,753.0,40FT,97.54,Normal,Carrier_A,5.0,82504.0
SHP01482M,Mumbai,New York,Sea,Machinery,6576.0,21.78,8317.0,LCL,80.67,Normal,Carrier_D,16.0,64899.0
SHP01483M,Mumbai,Colombo,Sea,Pharmaceuticals,2131.0,8.36,9070.0,40FT,75.1,Normal,Carrier_E,19.0,55357.0
SHP01484P,Pune,Singapore,Sea,Textiles,3357.0,7.59,5990.0,LCL,78.17,Normal,Carrier_B,14.0,46488.0
SHP01485P,Pune,Colombo,Sea,Electronics,1748.0,4.12,2364.0,40FT,95.97,Normal,Carrier_E,6.0,45956.0
SHP01486M,Mumbai,Dubai,Sea,Pharmaceuticals,7592.0,6.2,1150.0,LCL,100.29,Normal,Carrier_D,19.0,72945.0
SHP01487K,Kolkata,London,Sea,Chemicals,4526.0,11.77,10822.0,40FT_HC,78.72,Normal,Carrier_A,22.0,74287.0
SHP01488H,Hyderabad,Los Angeles,Sea,Electronics,3199.0,6.46,11210.0,20FT,101.61,Off_Peak,Carrier_B,23.0,315090.0
SHP01489H,Hyderabad,New York,Sea,General Merchandise,2917.0,12.65,9080.0,LCL,99.68,Normal,Carrier_C,18.0,81764.0
SHP01490A,Mumbai,Shanghai,Sea,Automotive Parts,2086.0,6.75,3533.0,40FT_HC,112.6,Normal,Carrier_C,8.0,66511.0
SHP01491K,Kolkata,Jebel Ali,Sea,Machinery,3142.0,1.78,10509.0,AIR_CARGO,108.63,Normal,Carrier_A,24.0,108927.0
SHP01492D,Delhi,Jebel Ali,Sea,Furniture,5694.0,12.84,10721.0,LCL,112.73,Normal,Carrier_B,22.0,112634.0
SHP01493K,Kolkata,Jebel Ali,Sea,Chemicals,1603.0,4.02,4723.0,40FT,113.64,Normal,Carrier_B,11.0,76870.0
SHP01494K,Kolkata,Singapore,Sea,Chemicals,3598.0,6.95,2604.0,20FT,92.63,Normal,Carrier_E,7.0,43340.0
SHP01495K,Kolkata,Shanghai,Sea,Textiles,2852.0,5.25,10559.0,40FT_HC,94.52,Normal,Carrier_A,20.0,95544.0
SHP01496D,Delhi,New York,Air,Electronics,2218.0,3.61,10679.0,40FT_HC,86.26,Normal,Carrier_E,19.0,255999.0
SHP01497A,Mumbai,Los Angeles,Sea,Textiles,1660.0,0.5,858.0,20FT,95.34,Normal,Carrier_A,8.0,33133.0
SHP01498D,Delhi,Colombo,Sea,Automotive Parts,2481.0,0.5,11620.0,LCL,81.03,Peak,Carrier_D,25.0,80445.0
SHP01499B,Bengaluru,Shanghai,Sea,Pharmaceuticals,3871.0,6.6,6630.0,40FT,101.86,Off_Peak,Carrier_A,17.0,69792.0
SHP01500A,Mumbai,Shanghai,Road,Automotive Parts,3086.0,5.75,11928.0,AIR_CARGO,76.0,Peak,Carrier_E,22.0,113930.0
SHP01501B,Bengaluru,Dubai,Sea,Pharmaceuticals,1501.0,0.5,5618.0,LCL,84.43,Peak,Carrier_B,15.0,59605.0
SHP01502B,Bengaluru,London,Sea,Textiles,1502.0,9.29,6633.0,20FT,83.32,Normal,Carrier_A,18.0,60088.0
SHP01503B,Bengaluru,Jebel Ali,Sea,Machinery,1503.0,16.36,3560.0,LCL,112.52,Off_Peak,Carrier_B,11.0,68397.0
SHP01504H,Hyderabad,Rotterdam,Sea,Automotive Parts,1504.0,9.67,10838.0,LCL,80.8,Normal,Carrier_D,25.0,71549.0
SHP01505M,Mumbai,New York,Sea,Textiles,1505.0,30.6,5603.0,20FT,110.63,Normal,Carrier_C,14.0,92115.0
SHP01506M,Mumbai,Dubai,Sea,Electronics,1506.0,7.47,9868.0,20FT,79.97,Normal,Carrier_C,18.0,63751.0
SHP01507B,Bengaluru,London,Sea,Textiles,1507.0,0.5,1417.0,AIR_CARGO,101.03,Normal,Carrier_E,6.0,40388.0
SHP01508B,Bengaluru,London,Sea,Textiles,1508.0,2.19,9565.0,20FT,87.8,Normal,Carrier_A,17.0,71038.0
SHP01509C,Chennai,Hamburg,Sea,General Merchandise,1509.0,11.92,6138.0,20FT,87.64,Peak,Carrier_D,12.0,66289.0
SHP01510P,Pune,Jebel Ali,Air,Automotive Parts,1510.0,0.5,562.0,20FT,114.93,Off_Peak,Carrier_D,4.0,81177.0
SHP01511M,Mumbai,Hamburg,Air,Furniture,1511.0,3.03,3102.0,40FT_HC,84.04,Normal,Carrier_B,8.0,118036.0
SHP01512P,Pune,Dubai,Air,Machinery,1512.0,40.98,2728.0,20FT,83.1,Off_Peak,Carrier_E,8.0,261760.0
SHP01513P,Pune,London,Road,Machinery,1513.0,0.5,9145.0,20FT,98.57,Normal,Carrier_D,15.0,122285.0
SHP01514C,Chennai,Rotterdam,Sea,General Merchandise,1514.0,5.89,5988.0,20FT,104.63,Off_Peak,Carrier_A,13.0,53646.0
SHP01515P,Pune,New York,Sea,Pharmaceuticals,1515.0,9.22,2337.0,AIR_CARGO,114.3,Normal,Carrier_D,7.0,61724.0
SHP01516A,Mumbai,Hamburg,Sea,Chemicals,1516.0,9.84,3453.0,LCL,103.06,Normal,Carrier_C,10.0,52504.0
SHP01517C,Chennai,London,Sea,Pharmaceuticals,1517.0,4.04,6297.0,20FT,97.47,Normal,Carrier_E,15.0,67957.0
SHP01518P,Pune,New York,Road,Machinery,1518.0,7.11,726.0,20FT,91.37,Peak,Carrier_B,4.0,36093.0
SHP01519P,Pune,Jebel Ali,Sea,Textiles,1519.0,0.5,5377.0,AIR_CARGO,98.8,Normal,Carrier_A,11.0,63678.0
SHP01520K,Kolkata,Colombo,Road,General Merchandise,1520.0,10.1,8298.0,LCL,99.03,Peak,Carrier_C,18.0,123942.0
SHP01521P,Pune,New York,Sea,Electronics,1521.0,13.43,6454.0,AIR_CARGO,83.71,Peak,Carrier_D,13.0,76078.0
SHP01522H,Hyderabad,London,Road,Automotive Parts,1522.0,4.35,7378.0,40FT,101.85,Normal,Carrier_E,17.0,110303.0
SHP01523A,Mumbai,Dubai,Sea,Automotive Parts,1523.0,6.39,4256.0,40FT,83.18,Off_Peak,Carrier_E,11.0,42530.0
SHP01524D,Delhi,Hamburg,Sea,Furniture,1524.0,9.59,2605.0,40FT,94.6,Normal,Carrier_A,7.0,48012.0
SHP01525M,Mumbai,Hamburg,Sea,Automotive Parts,1525.0,0.5,9812.0,20FT,85.39,Normal,Carrier_B,18.0,69424.0
SHP01526B,Bengaluru,Los Angeles,Sea,Textiles,1526.0,1.47,10915.0,AIR_CARGO,87.51,Normal,Carrier_C,24.0,75695.0
SHP01527P,Pune,London,Sea,Electronics,1527.0,3.26,6374.0,20FT,99.56,Off_Peak,Carrier_B,15.0,69440.0
SHP01528A,Mumbai,Los Angeles,Sea,General Merchandise,1528.0,3.94,4008.0,40FT,77.58,Normal,Carrier_A,13.0,39487.0
SHP01529B,Bengaluru,Rotterdam,Sea,General Merchandise,1529.0,19.14,6379.0,LCL,75.48,Off_Peak,Carrier_A,15.0,177804.0
SHP01530D,Delhi,Rotterdam,Sea,Automotive Parts,1530.0,6.92,10608.0,LCL,80.22,Peak,Carrier_C,23.0,73723.0
SHP01531A,Mumbai,London,Sea,Electronics,1531.0,19.25,8451.0,AIR_CARGO,81.75,Normal,Carrier_E,14.0,63633.0
SHP01532M,Mumbai,Hamburg,Sea,Electronics,1532.0,2.69,10374.0,LCL,82.91,Normal,Carrier_E,21.0,67754.0
SHP01533A,Mumbai,Jebel Ali,Air,Electronics,1533.0,14.33,4276.0,40FT,105.96,Normal,Carrier_C,9.0,198416.0
SHP01534B,Bengaluru,Singapore,Sea,Machinery,1534.0,6.91,8688.0,AIR_CARGO,92.87,Normal,Carrier_B,19.0,77704.0
SHP01535B,Bengaluru,Rotterdam,Sea,Machinery,1535.0,0.5,8010.0,AIR_CARGO,93.8,Normal,Carrier_C,17.0,72476.0
SHP01536K,Kolkata,Hamburg,Sea,Automotive Parts,1536.0,3.25,7074.0,40FT,100.77,Off_Peak,Carrier_E,17.0,73639.0
SHP01537P,Pune,Shanghai,Sea,Electronics,1537.0,2.44,6575.0,40FT,104.16,Peak,Carrier_B,18.0,87778.0
SHP01538C,Chennai,Shanghai,Air,Chemicals,1538.0,4.6,6836.0,40FT,75.14,Peak,Carrier_D,13.0,158950.0
SHP01539A,Mumbai,Los Angeles,Sea,Electronics,1539.0,2.13,10271.0,40FT,109.27,Peak,Carrier_B,23.0,121210.0
SHP01540B,Bengaluru,New York,Sea,General Merchandise,1540.0,6.0,11034.0,AIR_CARGO,114.54,Peak,Carrier_E,23.0,129796.0
SHP01541H,Hyderabad,Jebel Ali,Air,General Merchandise,1541.0,9.49,1798.0,LCL,79.87,Normal,Carrier_A,9.0,72252.0
SHP01542M,Mumbai,Los Angeles,Sea,Automotive Parts,1542.0,3.88,7041.0,40FT,101.04,Normal,Carrier_B,16.0,78150.0
SHP01543H,Hyderabad,Shanghai,Sea,Chemicals,1543.0,11.95,11062.0,40FT_HC,75.1,Normal,Carrier_B,23.0,77269.0
SHP01544D,Delhi,Jebel Ali,Sea,Electronics,1544.0,2.81,2050.0,AIR_CARGO,76.96,Normal,Carrier_A,7.0,27146.0
SHP01545A,Mumbai,Singapore,Road,Pharmaceuticals,1545.0,5.1,5248.0,20FT,86.4,Normal,Carrier_E,13.0,65599.0
SHP01546K,Kolkata,New York,Sea,Chemicals,1546.0,31.17,1524.0,LCL,108.86,Normal,Carrier_D,8.0,78077.0
SHP01547M,Mumbai,Los Angeles,Sea,Furniture,1547.0,5.51,1805.0,AIR_CARGO,101.1,Peak,Carrier_D,4.0,193897.0
SHP01548K,Kolkata,Shanghai,Sea,Automotive Parts,1548.0,9.62,10897.0,40FT,92.83,Normal,Carrier_C,21.0,87082.0
SHP01549C,Chennai,Rotterdam,Sea,General Merchandise,1549.0,2.31,5631.0,40FT_HC,92.54,Normal,Carrier_D,16.0,70147.0
SHP01550B,Bengaluru,Rotterdam,Sea,Pharmaceuticals,1550.0,2.35,8421.0,20FT,93.64,Normal,Carrier_D,13.0,76163.0
SHP01551P,Pune,Los Angeles,Sea,General Merchandise,1551.0,0.5,2098.0,LCL,87.44,Normal,Carrier_B,6.0,34549.0
SHP01552M,Mumbai,Singapore,Sea,Machinery,1552.0,6.48,752.0,40FT,110.11,Normal,Carrier_C,4.0,50929.0
SHP01553D,Delhi,Singapore,Air,Automotive Parts,1553.0,12.9,10741.0,AIR_CARGO,97.71,Normal,Carrier_D,21.0,390921.0
SHP01554P,Pune,London,Road,Automotive Parts,1554.0,0.5,7107.0,AIR_CARGO,94.36,Normal,Carrier_B,18.0,85910.0
SHP01555A,Mumbai,New York,Sea,Electronics,1555.0,0.5,730.0,LCL,93.6,Normal,Carrier_C,4.0,23153.0
SHP01556C,Chennai,Hamburg,Sea,Electronics,1556.0,0.5,11912.0,40FT_HC,112.43,Normal,Carrier_B,23.0,129299.0
SHP01557C,Chennai,Singapore,Sea,Machinery,1557.0,7.76,6160.0,40FT,103.95,Peak,Carrier_A,12.0,85014.0
SHP01558K,Kolkata,New York,Sea,Pharmaceuticals,1558.0,8.1,5973.0,LCL,80.79,Peak,Carrier_E,13.0,55954.0
SHP01559C,Chennai,Singapore,Air,Furniture,1559.0,3.57,7641.0,LCL,92.48,Peak,Carrier_E,18.0,238863.0
SHP01560M,Mumbai,London,Road,Textiles,1560.0,1.91,591.0,AIR_CARGO,86.53,Peak,Carrier_E,3.0,26687.0
SHP01561K,Kolkata,Colombo,Sea,Chemicals,1561.0,0.5,7045.0,LCL,114.47,Peak,Carrier_D,15.0,102772.0
SHP01562P,Pune,Singapore,Sea,Textiles,1562.0,0.5,7739.0,20FT,91.62,Normal,Carrier_E,15.0,73183.0
SHP01563C,Chennai,New York,Air,Textiles,1563.0,5.63,3915.0,20FT,77.71,Normal,Carrier_E,10.0,111698.0
SHP01564A,Mumbai,London,Sea,Automotive Parts,1564.0,7.88,8859.0,40FT,91.45,Normal,Carrier_C,19.0,77565.0
SHP01565P,Pune,London,Air,Chemicals,1565.0,0.5,4840.0,LCL,87.85,Normal,Carrier_C,9.0,122575.0
SHP01566D,Delhi,New York,Sea,Automotive Parts,1566.0,14.68,8754.0,AIR_CARGO,98.98,Normal,Carrier_C,20.0,86966.0
SHP01567A,Mumbai,New York,Air,Furniture,1567.0,3.0,2154.0,40FT,84.04,Normal,Carrier_D,9.0,101639.0
SHP01568H,Hyderabad,Rotterdam,Sea,Chemicals,1568.0,8.82,11008.0,40FT_HC,76.44,Normal,Carrier_E,22.0,66226.0
SHP01569M,Mumbai,Colombo,Sea,General Merchandise,1569.0,3.9,10614.0,AIR_CARGO,78.84,Normal,Carrier_D,22.0,70293.0
SHP01570D,Delhi,London,Sea,Automotive Parts,1570.0,0.5,2232.0,40FT_HC,86.33,Off_Peak,Carrier_D,4.0,32212.0
SHP01571D,Delhi,Rotterdam,Sea,Automotive Parts,1571.0,7.05,11292.0,40FT,88.93,Normal,Carrier_D,24.0,93501.0
SHP01572K,Kolkata,Jebel Ali,Sea,Automotive Parts,1572.0,2.69,6914.0,20FT,108.38,Peak,Carrier_D,15.0,96558.0
SHP01573B,Bengaluru,Los Angeles,Sea,Pharmaceuticals,1573.0,0.5,8569.0,AIR_CARGO,85.8,Off_Peak,Carrier_D,17.0,193164.0
SHP01574K,Kolkata,Los Angeles,Sea,Machinery,1574.0,3.97,10163.0,AIR_CARGO,76.26,Off_Peak,Carrier_D,19.0,82513.0
SHP01575M,Mumbai,London,Sea,Automotive Parts,1575.0,0.5,1461.0,40FT,106.23,Peak,Carrier_E,8.0,54062.0
SHP01576M,Mumbai,Rotterdam,Sea,Furniture,1576.0,2.3,2447.0,AIR_CARGO,109.76,Peak,Carrier_C,7.0,66358.0
SHP01577K,Kolkata,Colombo,Sea,Electronics,1577.0,11.08,3839.0,AIR_CARGO,94.69,Normal,Carrier_B,7.0,47003.0
SHP01578B,Bengaluru,Colombo,Sea,Electronics,1578.0,4.88,5988.0,40FT,86.4,Normal,Carrier_B,15.0,56162.0
SHP01579A,Mumbai,Jebel Ali,Sea,Chemicals,1579.0,0.5,4480.0,LCL,105.89,Off_Peak,Carrier_B,11.0,62086.0
SHP01580K,Kolkata,London,Sea,General Merchandise,1580.0,4.02,6317.0,40FT,75.36,Normal,Carrier_A,14.0,49666.0
SHP01581M,Mumbai,Singapore,Sea,Machinery,1581.0,13.12,2638.0,AIR_CARGO,111.96,Off_Peak,Carrier_C,9.0,46722.0
SHP01582B,Bengaluru,Jebel Ali,Sea,Pharmaceuticals,1582.0,4.48,8345.0,40FT,109.62,Peak,Carrier_E,12.0,106456.0
SHP01583M,Mumbai,Rotterdam,Sea,Chemicals,1583.0,3.1,1141.0,AIR_CARGO,96.79,Normal,Carrier_D,1.0,37273.0
SHP01584B,Bengaluru,Singapore,Sea,Electronics,1584.0,9.22,4657.0,40FT_HC,86.1,Off_Peak,Carrier_B,13.0,54868.0
SHP01585B,Bengaluru,Los Angeles,Sea,Machinery,1585.0,16.75,2559.0,40FT_HC,76.31,Normal,Carrier_C,6.0,42139.0
SHP01586P,Pune,Dubai,Sea,Machinery,1586.0,6.56,8894.0,20FT,114.99,Peak,Carrier_E,17.0,119992.0
SHP01587K,Kolkata,Los Angeles,Sea,General Merchandise,1587.0,7.77,10662.0,40FT,105.48,Off_Peak,Carrier_B,19.0,353469.0
SHP01588K,Kolkata,London,Sea,Furniture,1588.0,15.62,1406.0,40FT,88.55,Peak,Carrier_C,5.0,41984.0
SHP01589K,Kolkata,New York,Sea,Machinery,1589.0,4.4,9528.0,40FT_HC,75.77,Peak,Carrier_E,20.0,67212.0
SHP01590B,Bengaluru,Los Angeles,Sea,Automotive Parts,1590.0,10.52,10801.0,40FT_HC,100.57,Normal,Carrier_C,25.0,310622.0
SHP01591B,Bengaluru,Shanghai,Air,Machinery,1591.0,4.53,11701.0,40FT_HC,114.48,Normal,Carrier_D,24.0,418455.0
SHP01592M,Mumbai,Los Angeles,Sea,General Merchandise,1592.0,9.93,7163.0,20FT,103.28,Normal,Carrier_C,14.0,91594.0
SHP01593D,Delhi,Los Angeles,Sea,Chemicals,1593.0,7.11,4265.0,20FT,78.35,Off_Peak,Carrier_C,11.0,33755.0
SHP01594K,Kolkata,Los Angeles,Sea,General Merchandise,1594.0,2.72,4203.0,LCL,91.09,Normal,Carrier_A,12.0,43944.0
SHP01595P,Pune,Los Angeles,Sea,Pharmaceuticals,1595.0,6.34,4858.0,40FT,79.37,Normal,Carrier_D,13.0,146100.0
SHP01596H,Hyderabad,Singapore,Sea,General Merchandise,1596.0,15.2,7546.0,20FT,111.49,Normal,Carrier_C,17.0,87028.0
SHP01597M,Mumbai,Singapore,Sea,Electronics,1597.0,7.76,6138.0,AIR_CARGO,88.22,Normal,Carrier_D,14.0,56177.0
SHP01598M,Mumbai,Los Angeles,Sea,Automotive Parts,1598.0,11.05,8017.0,40FT,104.34,Normal,Carrier_C,15.0,82213.0
SHP01599C,Chennai,Hamburg,Sea,Furniture,1599.0,0.87,952.0,LCL,78.39,Off_Peak,Carrier_D,2.0,24035.0
SHP01600K,Kolkata,Hamburg,Road,Electronics,1600.0,0.5,1718.0,40FT_HC,80.14,Off_Peak,Carrier_E,3.0,32059.0
SHP01601A,Mumbai,Singapore,Sea,Chemicals,1601.0,0.5,11730.0,LCL,102.18,Normal,Carrier_B,24.0,97046.0
SHP01602M,Mumbai,Dubai,Sea,Textiles,1602.0,11.16,11947.0,40FT,108.74,Normal,Carrier_A,25.0,118452.0
SHP01603C,Chennai,New York,Sea,Chemicals,1603.0,7.83,9087.0,40FT_HC,83.06,Normal,Carrier_B,21.0,75938.0
SHP01604H,Hyderabad,Jebel Ali,Sea,Automotive Parts,1604.0,2.17,3449.0,LCL,91.73,Peak,Carrier_C,9.0,41050.0
SHP01605P,Pune,Shanghai,Sea,Machinery,1605.0,6.29,11464.0,LCL,99.78,Peak,Carrier_C,25.0,108070.0
SHP01606H,Hyderabad,Shanghai,Sea,General Merchandise,1606.0,0.5,2958.0,40FT,106.85,Off_Peak,Carrier_E,7.0,50474.0
SHP01607A,Mumbai,Los Angeles,Sea,Textiles,1607.0,6.3,8911.0,20FT,100.13,Normal,Carrier_C,20.0,71002.0
SHP01608K,Kolkata,Dubai,Air,Automotive Parts,1608.0,5.71,1825.0,AIR_CARGO,78.82,Normal,Carrier_D,3.0,85765.0
SHP01609B,Bengaluru,Hamburg,Sea,Electronics,1609.0,15.03,7962.0,LCL,96.71,Normal,Carrier_B,16.0,78878.0
SHP01610C,Chennai,Hamburg,Sea,General Merchandise,1610.0,5.95,9234.0,AIR_CARGO,110.38,Normal,Carrier_C,15.0,93442.0
SHP01611B,Bengaluru,Dubai,Road,Chemicals,1611.0,6.21,10386.0,40FT,109.72,Peak,Carrier_E,21.0,167857.0
SHP01612H,Hyderabad,New York,Air,Electronics,1612.0,0.5,8945.0,40FT,98.4,Normal,Carrier_A,21.0,253358.0
SHP01613H,Hyderabad,Singapore,Sea,Automotive Parts,1613.0,8.03,11120.0,20FT,114.83,Normal,Carrier_B,22.0,123185.0
SHP01614D,Delhi,New York,Sea,Automotive Parts,1614.0,7.18,6491.0,40FT_HC,79.2,Off_Peak,Carrier_E,15.0,49712.0
SHP01615D,Delhi,London,Sea,Chemicals,1615.0,6.79,8290.0,AIR_CARGO,94.14,Normal,Carrier_E,18.0,72239.0
SHP01616P,Pune,London,Air,Textiles,1616.0,10.28,4750.0,LCL,106.0,Off_Peak,Carrier_B,9.0,218388.0
SHP01617A,Mumbai,Hamburg,Road,Chemicals,1617.0,9.3,619.0,40FT_HC,80.64,Normal,Carrier_E,3.0,34044.0
SHP01618D,Delhi,Jebel Ali,Air,Machinery,1618.0,19.19,9202.0,AIR_CARGO,113.91,Off_Peak,Carrier_A,21.0,387265.0
SHP01619D,Delhi,London,Sea,Electronics,1619.0,7.88,10503.0,AIR_CARGO,89.16,Off_Peak,Carrier_A,23.0,68963.0
SHP01620A,Mumbai,Hamburg,Air,Textiles,1620.0,1.51,2500.0,40FT_HC,89.01,Normal,Carrier_C,5.0,102086.0
SHP01621M,Mumbai,Los Angeles,Sea,General Merchandise,1621.0,2.24,829.0,40FT_HC,83.53,Normal,Carrier_D,1.0,38496.0
SHP01622D,Delhi,Colombo,Sea,Pharmaceuticals,1622.0,16.09,2392.0,20FT,86.52,Normal,Carrier_C,7.0,49601.0
SHP01623M,Mumbai,Colombo,Sea,Machinery,1623.0,4.13,10796.0,LCL,98.1,Normal,Carrier_D,20.0,93065.0
SHP01624M,Mumbai,Rotterdam,Sea,Textiles,1624.0,6.12,3898.0,LCL,92.17,Normal,Carrier_B,9.0,58571.0
SHP01625K,Kolkata,Los Angeles,Sea,Pharmaceuticals,1625.0,16.56,3188.0,LCL,82.74,Normal,Carrier_E,5.0,37380.0
SHP01626M,Mumbai,Colombo,Air,Pharmaceuticals,1626.0,9.47,668.0,40FT_HC,107.37,Normal,Carrier_C,5.0,117690.0
SHP01627M,Mumbai,New York,Sea,Electronics,1627.0,4.01,3916.0,20FT,77.49,Normal,Carrier_E,9.0,39830.0
SHP01628D,Delhi,Rotterdam,Sea,Automotive Parts,1628.0,19.32,8730.0,40FT,108.39,Peak,Carrier_C,18.0,124238.0
SHP01629M,Mumbai,Hamburg,Sea,General Merchandise,1629.0,8.06,11530.0,20FT,86.0,Peak,Carrier_C,21.0,87308.0
SHP01630B,Bengaluru,Dubai,Sea,Chemicals,1630.0,12.48,4097.0,40FT_HC,94.84,Peak,Carrier_A,9.0,64466.0
SHP01631A,Mumbai,Dubai,Air,Electronics,1631.0,9.43,3268.0,20FT,90.24,Normal,Carrier_D,8.0,162046.0
SHP01632D,Delhi,Hamburg,Sea,Machinery,1632.0,8.77,10713.0,40FT_HC,97.82,Normal,Carrier_B,20.0,90967.0
SHP01633A,Mumbai,Jebel Ali,Air,Furniture,1633.0,4.48,10304.0,AIR_CARGO,106.84,Normal,Carrier_E,20.0,321064.0
SHP01634C,Chennai,Hamburg,Air,Pharmaceuticals,1634.0,8.12,4274.0,AIR_CARGO,114.57,Normal,Carrier_C,13.0,214293.0
SHP01635D,Delhi,Singapore,Road,Machinery,1635.0,3.52,1291.0,40FT,87.24,Peak,Carrier_E,1.0,44381.0
SHP01636M,Mumbai,Dubai,Sea,Pharmaceuticals,1636.0,11.7,11908.0,AIR_CARGO,97.15,Normal,Carrier_A,24.0,100442.0
SHP01637B,Bengaluru,Colombo,Sea,Automotive Parts,1637.0,8.63,8328.0,40FT,93.64,Off_Peak,Carrier_B,16.0,70571.0
SHP01638A,Mumbai,Shanghai,Sea,Furniture,1638.0,10.89,11156.0,LCL,114.96,Normal,Carrier_D,25.0,124818.0
SHP01639D,Delhi,Rotterdam,Sea,Automotive Parts,1639.0,7.18,4432.0,40FT_HC,107.36,Off_Peak,Carrier_D,10.0,76918.0
SHP01640B,Bengaluru,Jebel Ali,Road,General Merchandise,1640.0,14.93,7948.0,LCL,90.88,Peak,Carrier_C,14.0,103056.0
SHP01641A,Mumbai,London,Sea,Chemicals,1641.0,6.13,8257.0,LCL,94.08,Peak,Carrier_B,17.0,80709.0
SHP01642C,Chennai,Los Angeles,Sea,General Merchandise,1642.0,0.5,10538.0,40FT,84.84,Normal,Carrier_D,22.0,245732.0
SHP01643H,Hyderabad,Jebel Ali,Sea,Automotive Parts,1643.0,4.69,11920.0,40FT_HC,105.21,Normal,Carrier_B,29.0,126556.0
SHP01644P,Pune,London,Sea,Automotive Parts,1644.0,6.24,1750.0,40FT,108.81,Normal,Carrier_E,1.0,44967.0
SHP01645P,Pune,Jebel Ali,Sea,Machinery,1645.0,4.25,7758.0,20FT,113.6,Off_Peak,Carrier_A,14.0,84617.0
SHP01646C,Chennai,Shanghai,Air,Automotive Parts,1646.0,7.42,4369.0,LCL,97.63,Normal,Carrier_B,13.0,175785.0
SHP01647H,Hyderabad,Jebel Ali,Sea,Furniture,1647.0,10.53,9834.0,40FT_HC,101.83,Normal,Carrier_B,17.0,107457.0
SHP01648K,Kolkata,Colombo,Air,Furniture,1648.0,0.5,9173.0,LCL,92.84,Normal,Carrier_D,19.0,237234.0
SHP01649H,Hyderabad,Hamburg,Air,Textiles,1649.0,14.33,10764.0,20FT,99.37,Off_Peak,Carrier_C,21.0,319802.0
SHP01650K,Kolkata,Singapore,Air,Pharmaceuticals,1650.0,10.88,4453.0,20FT,88.95,Normal,Carrier_C,9.0,179963.0
SHP01651D,Delhi,Rotterdam,Sea,Electronics,1651.0,7.14,2622.0,40FT_HC,104.51,Peak,Carrier_E,6.0,61256.0
SHP01652K,Kolkata,Dubai,Sea,Automotive Parts,1652.0,1.33,751.0,40FT_HC,75.91,Normal,Carrier_D,3.0,28312.0
SHP01653P,Pune,London,Sea,General Merchandise,1653.0,1.96,3438.0,20FT,76.14,Off_Peak,Carrier_D,10.0,39827.0
SHP01654P,Pune,Rotterdam,Sea,Chemicals,1654.0,0.5,4722.0,LCL,103.64,Peak,Carrier_A,13.0,60127.0
SHP01655B,Bengaluru,Jebel Ali,Sea,Pharmaceuticals,1655.0,12.44,11380.0,AIR_CARGO,112.23,Normal,Carrier_C,24.0,113802.0
SHP01656K,Kolkata,Hamburg,Road,Pharmaceuticals,1656.0,10.89,6151.0,LCL,100.29,Normal,Carrier_D,13.0,95570.0
SHP01657B,Bengaluru,Rotterdam,Sea,Chemicals,1657.0,0.5,6899.0,AIR_CARGO,104.06,Normal,Carrier_E,15.0,68873.0
SHP01658P,Pune,Hamburg,Sea,Chemicals,1658.0,0.5,10621.0,40FT,107.96,Normal,Carrier_A,23.0,100638.0
SHP01659A,Mumbai,London,Sea,Pharmaceuticals,1659.0,0.5,10678.0,40FT_HC,89.47,Normal,Carrier_C,23.0,77798.0
SHP01660A,Mumbai,Colombo,Sea,Textiles,1660.0,10.63,6571.0,20FT,79.32,Normal,Carrier_C,15.0,50358.0
SHP01661H,Hyderabad,Colombo,Sea,General Merchandise,1661.0,8.38,1808.0,40FT,112.32,Peak,Carrier_C,8.0,67352.0
SHP01662H,Hyderabad,Hamburg,Sea,Textiles,1662.0,2.13,3611.0,LCL,112.54,Peak,Carrier_A,7.0,60549.0
SHP01663H,Hyderabad,Hamburg,Road,Automotive Parts,1663.0,14.41,5754.0,AIR_CARGO,92.67,Normal,Carrier_E,15.0,79749.0
SHP01664K,Kolkata,Singapore,Sea,Electronics,1664.0,0.5,9138.0,40FT_HC,83.69,Normal,Carrier_E,20.0,70132.0
SHP01665H,Hyderabad,Los Angeles,Sea,Chemicals,1665.0,6.77,8684.0,AIR_CARGO,110.69,Normal,Carrier_D,17.0,148140.0
SHP01666K,Kolkata,Singapore,Road,Furniture,1666.0,5.83,7891.0,LCL,103.34,Peak,Carrier_D,17.0,136865.0
SHP01667K,Kolkata,Rotterdam,Sea,General Merchandise,1667.0,3.35,10623.0,LCL,75.33,Normal,Carrier_C,22.0,55941.0
SHP01668M,Mumbai,New York,Road,Chemicals,1668.0,9.0,9730.0,20FT,79.31,Normal,Carrier_B,19.0,100338.0
SHP01669M,Mumbai,Singapore,Sea,Textiles,1669.0,21.86,11794.0,40FT,114.33,Normal,Carrier_D,23.0,148354.0
SHP01670K,Kolkata,Rotterdam,Sea,Machinery,1670.0,3.76,10725.0,40FT_HC,76.53,Normal,Carrier_E,18.0,194978.0
SHP01671A,Mumbai,Dubai,Sea,Automotive Parts,1671.0,12.12,2750.0,20FT,86.3,Peak,Carrier_C,6.0,46120.0
SHP01672B,Bengaluru,Rotterdam,Sea,Electronics,1672.0,6.07,1163.0,AIR_CARGO,96.94,Peak,Carrier_E,4.0,50755.0
SHP01673P,Pune,Rotterdam,Sea,Automotive Parts,1673.0,2.09,5267.0,40FT,82.37,Off_Peak,Carrier_C,10.0,49530.0
SHP01674P,Pune,Hamburg,Air,Machinery,1674.0,2.38,7601.0,40FT_HC,84.28,Normal,Carrier_A,14.0,172761.0
SHP01675D,Delhi,Shanghai,Air,Electronics,1675.0,0.5,7896.0,AIR_CARGO,89.12,Normal,Carrier_D,18.0,210106.0
SHP01676C,Chennai,Jebel Ali,Sea,Machinery,1676.0,0.5,3576.0,40FT_HC,85.78,Off_Peak,Carrier_A,8.0,44892.0
SHP01677M,Mumbai,Hamburg,Sea,Automotive Parts,1677.0,5.74,10389.0,40FT_HC,107.13,Normal,Carrier_D,25.0,112653.0
SHP01678K,Kolkata,Hamburg,Sea,Textiles,1678.0,4.1,4286.0,40FT,95.01,Normal,Carrier_E,10.0,54383.0
SHP01679C,Chennai,Shanghai,Sea,Pharmaceuticals,1679.0,11.22,11070.0,AIR_CARGO,86.14,Normal,Carrier_E,24.0,81856.0
SHP01680M,Mumbai,Shanghai,Air,Automotive Parts,1680.0,5.39,5923.0,20FT,87.52,Peak,Carrier_B,12.0,233387.0
SHP01681D,Delhi,Jebel Ali,Sea,Automotive Parts,1681.0,25.25,619.0,20FT,76.59,Off_Peak,Carrier_E,2.0,30324.0
SHP01682P,Pune,New York,Road,Automotive Parts,1682.0,3.35,2363.0,20FT,76.98,Off_Peak,Carrier_C,7.0,38300.0
SHP01683B,Bengaluru,Dubai,Sea,General Merchandise,1683.0,15.49,1677.0,40FT_HC,103.72,Normal,Carrier_B,8.0,58144.0
SHP01684K,Kolkata,Singapore,Air,Machinery,1684.0,2.49,1006.0,LCL,79.52,Normal,Carrier_C,4.0,63007.0
SHP01685D,Delhi,Rotterdam,Sea,Furniture,1685.0,2.0,8711.0,40FT,94.03,Normal,Carrier_B,19.0,74581.0
SHP01686P,Pune,Singapore,Road,Machinery,1686.0,3.53,2712.0,20FT,108.69,Normal,Carrier_C,7.0,60950.0
SHP01687A,Mumbai,Colombo,Road,Chemicals,1687.0,8.77,10144.0,40FT,89.74,Peak,Carrier_B,20.0,127851.0
SHP01688M,Mumbai,London,Sea,Machinery,1688.0,0.5,3541.0,40FT_HC,88.83,Normal,Carrier_D,8.0,48868.0
SHP01689K,Kolkata,New York,Sea,Chemicals,1689.0,9.4,872.0,40FT,109.92,Peak,Carrier_D,2.0,66707.0
SHP01690C,Chennai,London,Air,General Merchandise,1690.0,13.42,9938.0,20FT,109.59,Normal,Carrier_B,20.0,436475.0
SHP01691A,Mumbai,Rotterdam,Sea,Textiles,1691.0,15.24,5861.0,20FT,110.21,Normal,Carrier_A,14.0,74559.0
SHP01692P,Pune,Shanghai,Sea,Chemicals,1692.0,7.7,7394.0,40FT_HC,97.88,Normal,Carrier_B,16.0,84367.0
SHP01693A,Mumbai,Rotterdam,Sea,Automotive Parts,1693.0,2.73,4367.0,40FT_HC,113.09,Normal,Carrier_A,10.0,80707.0
SHP01694H,Hyderabad,Dubai,Sea,Textiles,1694.0,9.82,1029.0,AIR_CARGO,107.76,Off_Peak,Carrier_C,5.0,33985.0
SHP01695B,Bengaluru,Singapore,Sea,Pharmaceuticals,1695.0,3.89,4757.0,40FT_HC,91.63,Peak,Carrier_B,11.0,69863.0
SHP01696P,Pune,Jebel Ali,Sea,General Merchandise,1696.0,1.15,6460.0,LCL,100.18,Off_Peak,Carrier_A,14.0,58038.0
SHP01697A,Mumbai,Los Angeles,Sea,Machinery,1697.0,6.21,634.0,LCL,79.87,Normal,Carrier_B,5.0,28889.0
SHP01698M,Mumbai,Los Angeles,Sea,Chemicals,1698.0,0.5,7104.0,20FT,97.05,Normal,Carrier_D,15.0,68368.0
SHP01699B,Bengaluru,Jebel Ali,Road,Furniture,1699.0,7.17,10770.0,40FT_HC,85.53,Normal,Carrier_D,21.0,130867.0
SHP01700K,Kolkata,Shanghai,Sea,Automotive Parts,1700.0,20.47,3005.0,LCL,86.34,Off_Peak,Carrier_B,8.0,46415.0
SHP01701H,Hyderabad,Los Angeles,Sea,Electronics,1701.0,6.0,11158.0,LCL,80.03,Normal,Carrier_B,22.0,100099.0
SHP01702P,Pune,Shanghai,Sea,Pharmaceuticals,1702.0,4.5,1622.0,AIR_CARGO,89.33,Normal,Carrier_E,4.0,35829.0
SHP01703D,Delhi,Hamburg,Sea,Electronics,1703.0,4.27,9993.0,40FT_HC,94.26,Normal,Carrier_D,20.0,96016.0
SHP01704B,Bengaluru,Dubai,Sea,Textiles,1704.0,0.5,10164.0,AIR_CARGO,99.01,Off_Peak,Carrier_C,21.0,76998.0
SHP01705C,Chennai,New York,Sea,Machinery,1705.0,11.01,3464.0,40FT,87.19,Normal,Carrier_B,6.0,50341.0
SHP01706M,Mumbai,Singapore,Sea,Furniture,1706.0,1.2,11515.0,AIR_CARGO,106.69,Normal,Carrier_E,24.0,111919.0
SHP01707P,Pune,Singapore,Sea,Electronics,1707.0,14.1,5291.0,40FT,95.84,Peak,Carrier_B,15.0,74002.0
SHP01708C,Chennai,New York,Sea,Textiles,1708.0,14.09,2124.0,40FT,100.52,Normal,Carrier_D,4.0,51530.0
SHP01709B,Bengaluru,Rotterdam,Sea,General Merchandise,1709.0,6.38,7305.0,40FT_HC,86.13,Off_Peak,Carrier_A,14.0,59290.0
SHP01710P,Pune,Rotterdam,Sea,Textiles,1710.0,21.13,11961.0,40FT,107.57,Normal,Carrier_A,29.0,480905.0
SHP01711H,Hyderabad,London,Sea,Pharmaceuticals,1711.0,1.73,10842.0,40FT,99.97,Off_Peak,Carrier_D,20.0,88593.0
SHP01712D,Delhi,Rotterdam,Sea,Furniture,1712.0,2.45,3704.0,AIR_CARGO,109.49,Peak,Carrier_C,11.0,75146.0
SHP01713D,Delhi,Shanghai,Air,Furniture,1713.0,7.37,7135.0,40FT_HC,81.4,Off_Peak,Carrier_E,15.0,146347.0
SHP01714C,Chennai,Jebel Ali,Sea,Textiles,1714.0,3.93,1827.0,40FT_HC,90.23,Normal,Carrier_B,5.0,37489.0
SHP01715K,Kolkata,Hamburg,Sea,Pharmaceuticals,1715.0,10.25,5811.0,40FT,79.52,Normal,Carrier_B,12.0,55709.0
SHP01716K,Kolkata,New York,Road,Textiles,1716.0,3.85,6515.0,AIR_CARGO,83.62,Normal,Carrier_B,15.0,77414.0
SHP01717H,Hyderabad,Shanghai,Sea,Furniture,1717.0,3.34,4126.0,AIR_CARGO,90.78,Normal,Carrier_E,6.0,49602.0
SHP01718D,Delhi,Shanghai,Air,Furniture,1718.0,0.5,6068.0,AIR_CARGO,110.78,Normal,Carrier_E,13.0,229487.0
SHP01719C,Chennai,London,Road,Automotive Parts,1719.0,8.34,11079.0,AIR_CARGO,97.28,Off_Peak,Carrier_D,21.0,135468.0
SHP01720C,Chennai,Shanghai,Sea,Textiles,1720.0,4.64,6252.0,20FT,88.22,Normal,Carrier_E,10.0,57141.0
SHP01721P,Pune,Dubai,Sea,Chemicals,1721.0,17.07,10056.0,40FT,104.88,Normal,Carrier_B,23.0,116442.0
SHP01722P,Pune,Rotterdam,Sea,Textiles,1722.0,27.33,4150.0,40FT,75.79,Off_Peak,Carrier_B,5.0,40227.0
SHP01723C,Chennai,Singapore,Sea,Furniture,1723.0,0.7,11671.0,40FT,89.8,Normal,Carrier_E,28.0,95566.0
SHP01724P,Pune,Dubai,Sea,Automotive Parts,1724.0,5.57,1575.0,40FT_HC,99.03,Normal,Carrier_E,6.0,58754.0
SHP01725B,Bengaluru,Hamburg,Air,Automotive Parts,1725.0,3.93,7234.0,40FT_HC,98.33,Normal,Carrier_D,12.0,263669.0
SHP01726P,Pune,Hamburg,Sea,General Merchandise,1726.0,2.13,9584.0,AIR_CARGO,99.3,Off_Peak,Carrier_A,22.0,79872.0
SHP01727H,Hyderabad,Hamburg,Sea,Pharmaceuticals,1727.0,6.08,9861.0,40FT_HC,83.46,Peak,Carrier_E,18.0,87105.0
SHP01728K,Kolkata,Rotterdam,Sea,Machinery,1728.0,2.06,2780.0,LCL,88.48,Normal,Carrier_A,6.0,48150.0
SHP01729K,Kolkata,Shanghai,Air,Electronics,1729.0,3.0,5119.0,40FT,112.26,Normal,Carrier_C,8.0,203139.0
SHP01730B,Bengaluru,Hamburg,Sea,Electronics,1730.0,12.16,7678.0,40FT,113.96,Normal,Carrier_A,14.0,95599.0
SHP01731M,Mumbai,New York,Sea,Textiles,1731.0,8.79,4133.0,20FT,87.48,Normal,Carrier_E,8.0,48393.0
SHP01732B,Bengaluru,Singapore,Sea,General Merchandise,1732.0,2.93,8070.0,20FT,100.78,Normal,Carrier_B,18.0,80336.0
SHP01733H,Hyderabad,Shanghai,Sea,Textiles,1733.0,0.5,4856.0,LCL,84.65,Normal,Carrier_B,13.0,50424.0
SHP01734C,Chennai,London,Sea,Electronics,1734.0,16.56,4535.0,20FT,89.74,Normal,Carrier_E,8.0,47705.0
SHP01735B,Bengaluru,Rotterdam,Sea,Pharmaceuticals,1735.0,7.6,1743.0,AIR_CARGO,106.69,Normal,Carrier_D,6.0,46767.0
SHP01736C,Chennai,Jebel Ali,Road,Furniture,1736.0,3.56,951.0,AIR_CARGO,95.05,Normal,Carrier_E,1.0,30808.0
SHP01737H,Hyderabad,Dubai,Sea,Pharmaceuticals,1737.0,4.16,10106.0,40FT,108.98,Normal,Carrier_E,21.0,106002.0
SHP01738A,Mumbai,Colombo,Sea,Pharmaceuticals,1738.0,1.42,6130.0,AIR_CARGO,100.15,Peak,Carrier_D,17.0,82035.0
SHP01739H,Hyderabad,Dubai,Sea,Automotive Parts,1739.0,0.5,6973.0,20FT,100.16,Peak,Carrier_D,11.0,82714.0
SHP01740D,Delhi,Hamburg,Sea,Furniture,1740.0,6.74,4781.0,LCL,76.36,Normal,Carrier_C,9.0,37096.0
SHP01741C,Chennai,Singapore,Air,Machinery,1741.0,4.76,2073.0,AIR_CARGO,104.99,Peak,Carrier_C,7.0,135673.0
SHP01742K,Kolkata,London,Air,Furniture,1742.0,5.33,5670.0,40FT,114.11,Peak,Carrier_C,14.0,276654.0
SHP01743B,Bengaluru,Shanghai,Air,General Merchandise,1743.0,22.32,3133.0,40FT,93.92,Off_Peak,Carrier_D,6.0,186920.0
SHP01744A,Mumbai,New York,Sea,Automotive Parts,1744.0,7.42,10133.0,20FT,81.34,Normal,Carrier_A,23.0,68043.0
SHP01745H,Hyderabad,Los Angeles,Sea,Machinery,1745.0,26.04,11848.0,AIR_CARGO,114.08,Normal,Carrier_E,22.0,140309.0
SHP01746C,Chennai,Dubai,Sea,General Merchandise,1746.0,11.79,10725.0,20FT,86.61,Normal,Carrier_C,25.0,72571.0
SHP01747A,Mumbai,Los Angeles,Sea,General Merchandise,1747.0,3.9,6575.0,40FT,91.37,Off_Peak,Carrier_A,15.0,61476.0
SHP01748M,Mumbai,Shanghai,Sea,Electronics,1748.0,6.19,7724.0,LCL,78.09,Peak,Carrier_E,19.0,56337.0
SHP01749D,Delhi,Singapore,Air,Automotive Parts,1749.0,0.5,11403.0,AIR_CARGO,79.43,Normal,Carrier_A,23.0,218820.0
SHP01750M,Mumbai,Los Angeles,Sea,General Merchandise,1750.0,7.97,6695.0,LCL,83.66,Normal,Carrier_B,15.0,58043.0
SHP01751H,Hyderabad,Dubai,Sea,Chemicals,1751.0,8.49,7844.0,AIR_CARGO,96.94,Normal,Carrier_B,18.0,88768.0
SHP01752M,Mumbai,Jebel Ali,Sea,Pharmaceuticals,1752.0,0.5,7736.0,40FT,97.31,Off_Peak,Carrier_E,18.0,71173.0
SHP01753M,Mumbai,Colombo,Sea,General Merchandise,1753.0,6.55,8643.0,AIR_CARGO,99.25,Normal,Carrier_A,18.0,80687.0
SHP01754D,Delhi,Los Angeles,Sea,Machinery,1754.0,3.22,7863.0,40FT,98.35,Normal,Carrier_A,14.0,82439.0
SHP01755D,Delhi,Jebel Ali,Road,Electronics,1755.0,0.5,8213.0,40FT_HC,94.81,Normal,Carrier_D,17.0,115503.0
SHP01756P,Pune,Jebel Ali,Air,Textiles,1756.0,5.31,8848.0,40FT,107.08,Off_Peak,Carrier_C,17.0,257752.0
SHP01757D,Delhi,Hamburg,Road,Pharmaceuticals,1757.0,7.01,9805.0,40FT,112.36,Off_Peak,Carrier_E,19.0,141257.0
SHP01758A,Mumbai,Colombo,Sea,Electronics,1758.0,15.04,5135.0,AIR_CARGO,85.79,Normal,Carrier_A,15.0,51855.0
SHP01759P,Pune,New York,Sea,Textiles,1759.0,16.65,9077.0,LCL,80.21,Off_Peak,Carrier_C,20.0,46366.0
SHP01760D,Delhi,Dubai,Sea,Automotive Parts,1760.0,10.16,1652.0,40FT,92.0,Peak,Carrier_E,6.0,48499.0
SHP01761M,Mumbai,London,Sea,Automotive Parts,1761.0,0.5,10576.0,AIR_CARGO,76.06,Normal,Carrier_A,23.0,60049.0
SHP01762K,Kolkata,Shanghai,Air,General Merchandise,1762.0,6.26,3836.0,40FT,110.33,Peak,Carrier_B,10.0,196985.0
SHP01763K,Kolkata,London,Sea,Chemicals,1763.0,6.58,5140.0,20FT,84.59,Peak,Carrier_A,15.0,56775.0
SHP01764P,Pune,Los Angeles,Sea,Automotive Parts,1764.0,10.16,9742.0,20FT,96.97,Normal,Carrier_B,16.0,90664.0
SHP01765D,Delhi,Colombo,Sea,Furniture,1765.0,0.5,7825.0,20FT,79.6,Off_Peak,Carrier_B,14.0,47424.0
SHP01766A,Mumbai,Los Angeles,Sea,General Merchandise,1766.0,6.7,4049.0,20FT,97.13,Normal,Carrier_D,8.0,58766.0
SHP01767B,Bengaluru,Colombo,Air,Pharmaceuticals,1767.0,7.04,3092.0,LCL,76.56,Normal,Carrier_D,5.0,132186.0
SHP01768C,Chennai,Dubai,Sea,Electronics,1768.0,6.75,11514.0,40FT,105.75,Peak,Carrier_C,23.0,119359.0
SHP01769H,Hyderabad,Shanghai,Sea,Automotive Parts,1769.0,2.1,1509.0,20FT,113.22,Normal,Carrier_E,5.0,55900.0
SHP01770A,Mumbai,Shanghai,Sea,Furniture,1770.0,8.51,550.0,AIR_CARGO,87.28,Normal,Carrier_C,7.0,31507.0
SHP01771B,Bengaluru,Dubai,Sea,Electronics,1771.0,3.99,8239.0,20FT,85.33,Normal,Carrier_D,19.0,69923.0
SHP01772H,Hyderabad,New York,Air,Electronics,1772.0,0.96,7566.0,40FT_HC,92.92,Normal,Carrier_C,15.0,227655.0
SHP01773B,Bengaluru,Jebel Ali,Road,Chemicals,1773.0,4.7,8983.0,40FT_HC,99.8,Normal,Carrier_E,19.0,130651.0
SHP01774B,Bengaluru,Colombo,Road,Automotive Parts,1774.0,17.03,8914.0,LCL,82.56,Normal,Carrier_E,15.0,96793.0
SHP01775P,Pune,Rotterdam,Sea,Electronics,1775.0,0.5,10427.0,40FT_HC,107.13,Normal,Carrier_A,21.0,338604.0
SHP01776K,Kolkata,Rotterdam,Sea,Chemicals,1776.0,4.02,11104.0,AIR_CARGO,82.94,Peak,Carrier_C,22.0,78821.0
SHP01777C,Chennai,Jebel Ali,Air,Chemicals,1777.0,15.06,9413.0,20FT,75.22,Normal,Carrier_D,17.0,219966.0
SHP01778B,Bengaluru,Los Angeles,Sea,Automotive Parts,1778.0,1.62,3171.0,40FT_HC,95.97,Normal,Carrier_A,7.0,51408.0
SHP01779D,Delhi,Colombo,Sea,Chemicals,1779.0,4.88,5830.0,40FT_HC,79.61,Normal,Carrier_C,11.0,45171.0
SHP01780H,Hyderabad,Singapore,Air,Automotive Parts,1780.0,6.87,7880.0,LCL,102.93,Normal,Carrier_E,14.0,263630.0
SHP01781A,Mumbai,Shanghai,Sea,Furniture,1781.0,1.83,6703.0,40FT_HC,81.7,Off_Peak,Carrier_D,16.0,51209.0
SHP01782K,Kolkata,London,Road,Automotive Parts,1782.0,6.59,2327.0,20FT,107.7,Normal,Carrier_C,8.0,53368.0
SHP01783H,Hyderabad,Singapore,Sea,Textiles,1783.0,0.5,7277.0,40FT,93.81,Normal,Carrier_E,16.0,69482.0
SHP01784P,Pune,London,Sea,Electronics,1784.0,11.02,10695.0,20FT,97.65,Normal,Carrier_E,21.0,97413.0
SHP01785D,Delhi,Shanghai,Air,Furniture,1785.0,4.48,5313.0,40FT_HC,82.46,Normal,Carrier_C,10.0,140354.0
SHP01786D,Delhi,Rotterdam,Sea,Machinery,1786.0,3.01,8193.0,40FT_HC,80.87,Peak,Carrier_C,16.0,81754.0
SHP01787B,Bengaluru,Dubai,Sea,Automotive Parts,1787.0,20.4,7583.0,40FT_HC,100.25,Normal,Carrier_D,15.0,96160.0
SHP01788D,Delhi,New York,Sea,Electronics,1788.0,24.98,4836.0,LCL,85.22,Peak,Carrier_A,9.0,73666.0
SHP01789C,Chennai,Hamburg,Sea,Pharmaceuticals,1789.0,9.2,7001.0,AIR_CARGO,90.44,Peak,Carrier_E,17.0,73963.0
SHP01790P,Pune,Los Angeles,Sea,Chemicals,1790.0,10.1,2917.0,20FT,94.18,Normal,Carrier_A,7.0,43541.0
SHP01791D,Delhi,Jebel Ali,Sea,General Merchandise,1791.0,2.99,6780.0,40FT_HC,84.19,Normal,Carrier_A,16.0,53450.0
SHP01792B,Bengaluru,Rotterdam,Sea,Automotive Parts,1792.0,4.19,9687.0,40FT,106.82,Normal,Carrier_E,17.0,347116.0
SHP01793H,Hyderabad,Dubai,Sea,Chemicals,1793.0,10.6,9228.0,LCL,112.58,Normal,Carrier_C,17.0,91704.0
SHP01794P,Pune,Dubai,Air,Chemicals,1794.0,3.24,4616.0,AIR_CARGO,92.28,Off_Peak,Carrier_E,12.0,148772.0
SHP01795D,Delhi,London,Sea,Chemicals,1795.0,15.45,1789.0,40FT_HC,111.7,Normal,Carrier_A,7.0,64463.0
SHP01796K,Kolkata,Dubai,Sea,Chemicals,1796.0,17.98,9699.0,20FT,110.31,Normal,Carrier_D,17.0,114323.0
SHP01797P,Pune,Colombo,Air,Chemicals,1797.0,0.5,3548.0,40FT,81.64,Normal,Carrier_E,9.0,99590.0
SHP01798P,Pune,Los Angeles,Sea,Automotive Parts,1798.0,2.22,1110.0,LCL,81.94,Normal,Carrier_D,5.0,30474.0
SHP01799A,Mumbai,Hamburg,Sea,Pharmaceuticals,1799.0,2.35,5620.0,20FT,94.1,Peak,Carrier_C,11.0,69517.0
SHP01800K,Kolkata,Rotterdam,Sea,Machinery,1800.0,4.53,9004.0,20FT,96.03,Normal,Carrier_C,19.0,73842.0
SHP01801K,Kolkata,Colombo,Road,Textiles,1801.0,4.53,9798.0,LCL,88.65,Normal,Carrier_D,17.0,112455.0
SHP01802H,Hyderabad,Rotterdam,Sea,Chemicals,1802.0,8.92,11795.0,20FT,87.52,Normal,Carrier_D,22.0,291933.0
SHP01803M,Mumbai,New York,Sea,Chemicals,1803.0,4.75,2678.0,40FT,92.25,Normal,Carrier_E,8.0,45261.0
SHP01804A,Mumbai,Hamburg,Sea,Textiles,1804.0,13.14,3879.0,40FT,102.62,Normal,Carrier_C,9.0,66596.0
SHP01805K,Kolkata,Dubai,Sea,Pharmaceuticals,1805.0,7.21,7509.0,20FT,78.38,Normal,Carrier_D,16.0,52609.0
SHP01806K,Kolkata,New York,Air,Furniture,1806.0,6.39,9830.0,40FT_HC,103.42,Normal,Carrier_B,20.0,364328.0
SHP01807M,Mumbai,London,Air,Pharmaceuticals,1807.0,4.58,3192.0,20FT,112.05,Peak,Carrier_E,9.0,229310.0
SHP01808H,Hyderabad,New York,Sea,Furniture,1808.0,2.43,5214.0,40FT_HC,105.54,Normal,Carrier_E,13.0,65632.0
SHP01809A,Mumbai,Singapore,Sea,Automotive Parts,1809.0,7.93,5197.0,20FT,82.67,Normal,Carrier_B,13.0,53370.0
SHP01810K,Kolkata,London,Sea,Electronics,1810.0,9.33,9389.0,AIR_CARGO,78.5,Normal,Carrier_C,19.0,67110.0
SHP01811B,Bengaluru,Hamburg,Air,General Merchandise,1811.0,9.89,3271.0,40FT,94.62,Peak,Carrier_D,7.0,178656.0
SHP01812H,Hyderabad,Los Angeles,Sea,General Merchandise,1812.0,1.58,11641.0,20FT,113.26,Off_Peak,Carrier_D,22.0,378376.0
SHP01813A,Mumbai,Singapore,Sea,Electronics,1813.0,0.5,6370.0,40FT,107.76,Normal,Carrier_C,11.0,78621.0
SHP01814K,Kolkata,Rotterdam,Sea,Automotive Parts,1814.0,7.95,3744.0,LCL,97.51,Normal,Carrier_B,8.0,50211.0
SHP01815K,Kolkata,Jebel Ali,Sea,General Merchandise,1815.0,0.54,3769.0,AIR_CARGO,80.72,Off_Peak,Carrier_B,8.0,31738.0
SHP01816M,Mumbai,Jebel Ali,Road,Pharmaceuticals,1816.0,9.21,710.0,40FT_HC,103.55,Normal,Carrier_B,6.0,54963.0
SHP01817A,Mumbai,Singapore,Sea,Textiles,1817.0,0.5,8463.0,LCL,107.52,Normal,Carrier_E,15.0,88954.0
SHP01818B,Bengaluru,Los Angeles,Sea,Electronics,1818.0,13.12,9423.0,AIR_CARGO,112.4,Off_Peak,Carrier_D,21.0,408143.0
SHP01819H,Hyderabad,Colombo,Sea,Pharmaceuticals,1819.0,10.02,873.0,LCL,99.48,Off_Peak,Carrier_A,3.0,40448.0
SHP01820D,Delhi,Jebel Ali,Sea,Machinery,1820.0,9.05,7238.0,40FT,95.58,Normal,Carrier_E,15.0,68013.0
SHP01821C,Chennai,Singapore,Sea,Automotive Parts,1821.0,18.85,9489.0,AIR_CARGO,99.77,Normal,Carrier_E,20.0,96512.0
SHP01822B,Bengaluru,Hamburg,Sea,Electronics,1822.0,0.5,4827.0,LCL,112.73,Normal,Carrier_D,8.0,71090.0
SHP01823D,Delhi,Shanghai,Sea,General Merchandise,1823.0,14.24,5477.0,40FT_HC,100.13,Normal,Carrier_C,10.0,72002.0
SHP01824B,Bengaluru,Los Angeles,Sea,Automotive Parts,1824.0,0.5,4659.0,AIR_CARGO,85.3,Off_Peak,Carrier_D,8.0,124879.0
SHP01825A,Mumbai,Los Angeles,Sea,Textiles,1825.0,14.14,4130.0,AIR_CARGO,100.45,Normal,Carrier_C,9.0,62514.0
SHP01826D,Delhi,Colombo,Sea,Automotive Parts,1826.0,0.5,6148.0,LCL,110.19,Normal,Carrier_D,11.0,78332.0
SHP01827A,Mumbai,London,Sea,Automotive Parts,1827.0,16.9,2410.0,20FT,97.68,Normal,Carrier_E,9.0,54155.0
SHP01828D,Delhi,Dubai,Road,Textiles,1828.0,15.8,5568.0,40FT_HC,95.11,Normal,Carrier_B,11.0,95661.0
SHP01829B,Bengaluru,Jebel Ali,Air,Chemicals,1829.0,0.83,11331.0,40FT_HC,104.33,Peak,Carrier_E,18.0,380286.0
SHP01830M,Mumbai,Dubai,Sea,Textiles,1830.0,17.02,815.0,LCL,101.44,Normal,Carrier_E,3.0,54959.0
SHP01831B,Bengaluru,Dubai,Road,Pharmaceuticals,1831.0,12.12,2395.0,40FT,77.27,Normal,Carrier_A,8.0,44502.0
SHP01832A,Mumbai,Hamburg,Sea,Automotive Parts,1832.0,0.5,9444.0,40FT,104.01,Normal,Carrier_E,22.0,92148.0
SHP01833B,Bengaluru,Rotterdam,Sea,Furniture,1833.0,8.83,2019.0,20FT,91.3,Normal,Carrier_E,5.0,32667.0
SHP01834P,Pune,Dubai,Air,Textiles,1834.0,12.91,3620.0,20FT,112.64,Peak,Carrier_E,8.0,275022.0
SHP01835P,Pune,Los Angeles,Sea,Chemicals,1835.0,13.38,5731.0,LCL,113.83,Off_Peak,Carrier_A,12.0,247147.0
SHP01836D,Delhi,Colombo,Air,Pharmaceuticals,1836.0,0.5,11346.0,40FT,92.95,Peak,Carrier_C,23.0,335999.0
SHP01837P,Pune,Colombo,Sea,Furniture,1837.0,10.95,2610.0,40FT_HC,113.75,Off_Peak,Carrier_A,4.0,59548.0
SHP01838C,Chennai,Shanghai,Sea,Furniture,1838.0,4.36,11115.0,40FT,87.43,Normal,Carrier_B,22.0,82234.0
SHP01839D,Delhi,Rotterdam,Sea,Electronics,1839.0,6.12,8763.0,LCL,102.31,Peak,Carrier_C,18.0,123205.0
SHP01840P,Pune,London,Sea,Textiles,1840.0,3.53,8218.0,40FT,78.0,Normal,Carrier_A,17.0,60233.0
SHP01841K,Kolkata,Los Angeles,Sea,Textiles,1841.0,5.21,8821.0,AIR_CARGO,80.8,Off_Peak,Carrier_B,18.0,55411.0
SHP01842B,Bengaluru,Los Angeles,Sea,Automotive Parts,1842.0,20.44,859.0,LCL,109.58,Normal,Carrier_B,2.0,48296.0
SHP01843H,Hyderabad,Shanghai,Sea,Pharmaceuticals,1843.0,10.87,1637.0,AIR_CARGO,110.75,Normal,Carrier_D,6.0,57263.0
SHP01844B,Bengaluru,New York,Sea,Electronics,1844.0,7.37,4351.0,LCL,96.3,Off_Peak,Carrier_D,10.0,50748.0
SHP01845P,Pune,Shanghai,Road,Machinery,1845.0,15.07,1351.0,40FT_HC,88.59,Normal,Carrier_E,4.0,45200.0
SHP01846M,Mumbai,Dubai,Sea,Machinery,1846.0,9.84,11857.0,LCL,93.04,Normal,Carrier_C,21.0,90152.0
SHP01847A,Mumbai,Singapore,Sea,General Merchandise,1847.0,13.99,7175.0,LCL,109.78,Normal,Carrier_A,16.0,90725.0
SHP01848H,Hyderabad,Colombo,Sea,Textiles,1848.0,16.34,6104.0,LCL,83.44,Normal,Carrier_E,11.0,55518.0
SHP01849D,Delhi,Shanghai,Road,Textiles,1849.0,7.79,9533.0,LCL,86.79,Normal,Carrier_C,23.0,98347.0
SHP01850M,Mumbai,Dubai,Sea,Electronics,1850.0,16.37,11735.0,20FT,106.42,Normal,Carrier_D,21.0,121613.0
SHP01851B,Bengaluru,Jebel Ali,Sea,Chemicals,1851.0,12.17,11484.0,AIR_CARGO,112.41,Peak,Carrier_A,24.0,136369.0
SHP01852P,Pune,Rotterdam,Sea,Machinery,1852.0,0.5,9620.0,LCL,78.72,Normal,Carrier_B,16.0,198301.0
SHP01853D,Delhi,Los Angeles,Sea,General Merchandise,1853.0,10.75,4838.0,LCL,107.15,Normal,Carrier_B,6.0,93000.0
SHP01854D,Delhi,New York,Air,Electronics,1854.0,14.04,1259.0,20FT,100.8,Normal,Carrier_E,3.0,137035.0
SHP01855K,Kolkata,Rotterdam,Sea,Textiles,1855.0,0.5,1631.0,40FT,84.23,Normal,Carrier_E,1.0,43258.0
SHP01856K,Kolkata,Dubai,Sea,Machinery,1856.0,6.71,513.0,20FT,105.23,Normal,Carrier_A,4.0,36966.0
SHP01857P,Pune,London,Air,Pharmaceuticals,1857.0,7.69,522.0,20FT,104.12,Normal,Carrier_B,3.0,94446.0
SHP01858P,Pune,Jebel Ali,Sea,General Merchandise,1858.0,4.35,11269.0,20FT,80.68,Off_Peak,Carrier_E,25.0,63331.0
SHP01859C,Chennai,Dubai,Air,Automotive Parts,1859.0,13.27,11161.0,LCL,95.09,Normal,Carrier_B,22.0,358853.0
SHP01860K,Kolkata,Singapore,Air,Machinery,1860.0,17.6,8177.0,20FT,105.33,Normal,Carrier_D,17.0,365121.0
SHP01861A,Mumbai,Hamburg,Air,General Merchandise,1861.0,6.47,8857.0,20FT,82.66,Normal,Carrier_E,18.0,243162.0
SHP01862H,Hyderabad,Dubai,Air,Electronics,1862.0,6.33,6402.0,20FT,93.51,Normal,Carrier_C,12.0,175533.0
SHP01863D,Delhi,Shanghai,Sea,Automotive Parts,1863.0,6.55,3235.0,LCL,79.83,Peak,Carrier_E,7.0,37630.0
SHP01864K,Kolkata,Dubai,Sea,General Merchandise,1864.0,10.24,11015.0,40FT_HC,87.27,Normal,Carrier_D,20.0,90338.0
SHP01865P,Pune,Shanghai,Road,General Merchandise,1865.0,0.5,3693.0,40FT_HC,83.72,Normal,Carrier_A,9.0,49662.0
SHP01866C,Chennai,London,Road,Furniture,1866.0,25.88,9006.0,40FT,95.2,Normal,Carrier_B,18.0,136823.0
SHP01867P,Pune,Los Angeles,Sea,Furniture,1867.0,2.17,3323.0,LCL,80.65,Normal,Carrier_A,8.0,44585.0
SHP01868P,Pune,Colombo,Sea,Furniture,1868.0,6.05,10507.0,20FT,90.33,Off_Peak,Carrier_E,27.0,72949.0
SHP01869P,Pune,Hamburg,Sea,Textiles,1869.0,0.5,7989.0,20FT,86.01,Peak,Carrier_C,16.0,69294.0
SHP01870B,Bengaluru,London,Air,Chemicals,1870.0,13.32,7891.0,20FT,104.84,Normal,Carrier_A,17.0,306418.0
SHP01871H,Hyderabad,Shanghai,Air,Machinery,1871.0,21.69,1620.0,40FT_HC,102.99,Normal,Carrier_C,5.0,257448.0
SHP01872K,Kolkata,Colombo,Sea,Textiles,1872.0,10.81,5324.0,20FT,78.8,Peak,Carrier_E,14.0,50579.0
SHP01873D,Delhi,Singapore,Sea,Pharmaceuticals,1873.0,0.5,6536.0,20FT,113.14,Normal,Carrier_C,14.0,77166.0
SHP01874B,Bengaluru,Rotterdam,Sea,Automotive Parts,1874.0,3.83,3881.0,40FT_HC,104.79,Normal,Carrier_C,9.0,176333.0
SHP01875P,Pune,Hamburg,Air,Chemicals,1875.0,11.97,10631.0,20FT,99.64,Peak,Carrier_D,26.0,375890.0
SHP01876A,Mumbai,New York,Sea,General Merchandise,1876.0,2.9,10133.0,40FT,94.11,Normal,Carrier_A,19.0,76675.0
SHP01877D,Delhi,London,Sea,Textiles,1877.0,8.24,6177.0,AIR_CARGO,82.12,Off_Peak,Carrier_E,13.0,43653.0
SHP01878B,Bengaluru,Rotterdam,Sea,Furniture,1878.0,6.13,4410.0,40FT,113.48,Normal,Carrier_D,12.0,75167.0
SHP01879A,Mumbai,Rotterdam,Sea,Chemicals,1879.0,0.64,9718.0,LCL,75.31,Normal,Carrier_C,18.0,49982.0
SHP01880A,Mumbai,Dubai,Sea,Pharmaceuticals,1880.0,7.12,2764.0,40FT,102.7,Peak,Carrier_D,9.0,67902.0
SHP01881H,Hyderabad,Dubai,Air,Machinery,1881.0,11.1,1322.0,40FT,95.3,Normal,Carrier_D,3.0,103804.0
SHP01882D,Delhi,New York,Road,Pharmaceuticals,1882.0,13.71,1026.0,40FT_HC,111.1,Normal,Carrier_C,6.0,68626.0
SHP01883K,Kolkata,New York,Sea,Automotive Parts,1883.0,5.04,945.0,LCL,90.23,Off_Peak,Carrier_E,6.0,38297.0
SHP01884K,Kolkata,Shanghai,Air,Electronics,1884.0,10.96,6122.0,40FT,95.75,Off_Peak,Carrier_B,13.0,218425.0
SHP01885C,Chennai,New York,Sea,Textiles,1885.0,8.95,3436.0,AIR_CARGO,104.69,Normal,Carrier_D,6.0,66900.0
SHP01886B,Bengaluru,Rotterdam,Sea,Furniture,1886.0,0.5,8439.0,40FT,76.9,Peak,Carrier_A,17.0,70279.0
SHP01887C,Chennai,Shanghai,Sea,Automotive Parts,1887.0,5.97,8020.0,20FT,77.18,Off_Peak,Carrier_C,17.0,47052.0
SHP01888M,Mumbai,Colombo,Sea,Electronics,1888.0,1.46,6733.0,40FT_HC,83.47,Normal,Carrier_B,16.0,58802.0
SHP01889K,Kolkata,Los Angeles,Sea,Furniture,1889.0,8.58,4558.0,20FT,80.86,Normal,Carrier_D,11.0,152331.0
SHP01890B,Bengaluru,Los Angeles,Sea,Furniture,1890.0,0.5,10280.0,LCL,75.26,Normal,Carrier_C,22.0,82755.0
SHP01891H,Hyderabad,Los Angeles,Sea,Furniture,1891.0,5.38,8662.0,LCL,99.92,Normal,Carrier_C,18.0,82523.0
SHP01892C,Chennai,Hamburg,Sea,Textiles,1892.0,7.34,3623.0,40FT_HC,106.84,Off_Peak,Carrier_D,10.0,73329.0
SHP01893H,Hyderabad,Hamburg,Air,Automotive Parts,1893.0,5.49,6269.0,40FT,113.28,Peak,Carrier_A,13.0,276461.0
SHP01894H,Hyderabad,New York,Sea,Furniture,1894.0,22.48,2297.0,LCL,92.64,Normal,Carrier_C,7.0,37719.0
SHP01895P,Pune,Los Angeles,Sea,Pharmaceuticals,1895.0,9.34,4281.0,AIR_CARGO,86.19,Peak,Carrier_C,10.0,68647.0
SHP01896P,Pune,Singapore,Air,Automotive Parts,1896.0,10.33,11967.0,40FT_HC,109.56,Off_Peak,Carrier_D,23.0,379875.0
SHP01897H,Hyderabad,Dubai,Sea,Chemicals,1897.0,18.53,3074.0,20FT,108.78,Normal,Carrier_B,10.0,80591.0
SHP01898C,Chennai,Singapore,Sea,Pharmaceuticals,1898.0,7.65,8530.0,AIR_CARGO,99.99,Normal,Carrier_C,19.0,84479.0
SHP01899P,Pune,Los Angeles,Sea,Textiles,1899.0,15.08,3242.0,40FT_HC,85.93,Peak,Carrier_C,10.0,57092.0
SHP01900M,Mumbai,Los Angeles,Sea,Furniture,1900.0,0.5,11289.0,AIR_CARGO,111.34,Normal,Carrier_D,21.0,414363.0
SHP01901A,Mumbai,Dubai,Sea,Automotive Parts,1901.0,0.5,4067.0,40FT_HC,82.14,Normal,Carrier_C,10.0,42274.0
SHP01902A,Mumbai,Los Angeles,Sea,General Merchandise,1902.0,10.41,4487.0,20FT,76.75,Normal,Carrier_D,12.0,34249.0
SHP01903P,Pune,London,Air,Textiles,1903.0,0.5,7329.0,40FT,106.86,Normal,Carrier_A,18.0,269172.0
SHP01904C,Chennai,Rotterdam,Sea,Automotive Parts,1904.0,11.32,7263.0,40FT_HC,97.55,Peak,Carrier_D,12.0,87038.0
SHP01905A,Mumbai,Shanghai,Air,Chemicals,1905.0,1.34,7159.0,LCL,84.86,Normal,Carrier_B,15.0,179770.0
SHP01906D,Delhi,Dubai,Sea,Furniture,1906.0,1.37,7092.0,20FT,101.84,Normal,Carrier_C,15.0,76953.0
SHP01907A,Mumbai,Los Angeles,Sea,Electronics,1907.0,8.38,4090.0,20FT,105.67,Normal,Carrier_A,13.0,82771.0
SHP01908K,Kolkata,Hamburg,Sea,Furniture,1908.0,16.94,5496.0,AIR_CARGO,108.78,Normal,Carrier_C,8.0,66778.0
SHP01909C,Chennai,Hamburg,Sea,Electronics,1909.0,8.68,7324.0,LCL,86.29,Normal,Carrier_C,13.0,50791.0
SHP01910P,Pune,Rotterdam,Sea,General Merchandise,1910.0,0.67,8220.0,AIR_CARGO,76.02,Normal,Carrier_D,20.0,55435.0
SHP01911P,Pune,Hamburg,Sea,Textiles,1911.0,11.74,3411.0,20FT,95.4,Peak,Carrier_C,7.0,57988.0
SHP01912A,Mumbai,Shanghai,Road,Chemicals,1912.0,0.5,8567.0,40FT_HC,109.24,Peak,Carrier_A,15.0,151223.0
SHP01913C,Chennai,Jebel Ali,Road,Automotive Parts,1913.0,0.5,11118.0,LCL,83.31,Peak,Carrier_E,25.0,116699.0
SHP01914M,Mumbai,Jebel Ali,Sea,Automotive Parts,1914.0,5.28,9216.0,20FT,91.85,Normal,Carrier_C,16.0,67041.0
SHP01915D,Delhi,Jebel Ali,Sea,Electronics,1915.0,11.35,1469.0,LCL,85.26,Normal,Carrier_D,7.0,37940.0
SHP01916P,Pune,Rotterdam,Sea,Chemicals,1916.0,11.65,5895.0,40FT_HC,75.53,Normal,Carrier_B,10.0,140924.0
SHP01917C,Chennai,Rotterdam,Sea,Pharmaceuticals,1917.0,5.78,5506.0,40FT,110.94,Normal,Carrier_C,9.0,94432.0
SHP01918P,Pune,Shanghai,Sea,General Merchandise,1918.0,2.66,4370.0,AIR_CARGO,80.4,Normal,Carrier_D,10.0,52138.0
SHP01919P,Pune,Dubai,Sea,Electronics,1919.0,4.07,6150.0,AIR_CARGO,105.67,Normal,Carrier_C,11.0,73796.0
SHP01920K,Kolkata,New York,Sea,Electronics,1920.0,9.01,5556.0,20FT,88.86,Peak,Carrier_E,13.0,66836.0
SHP01921A,Mumbai,Jebel Ali,Air,General Merchandise,1921.0,0.5,571.0,20FT,86.11,Normal,Carrier_E,7.0,67319.0
SHP01922K,Kolkata,Hamburg,Sea,Textiles,1922.0,2.55,3220.0,40FT_HC,112.64,Normal,Carrier_A,8.0,68808.0
SHP01923A,Mumbai,Singapore,Sea,Automotive Parts,1923.0,0.5,2958.0,20FT,101.29,Normal,Carrier_E,11.0,47958.0
SHP01924P,Pune,New York,Sea,Textiles,1924.0,3.38,4516.0,20FT,102.48,Off_Peak,Carrier_D,11.0,62807.0
SHP01925C,Chennai,Shanghai,Air,Chemicals,1925.0,15.37,2506.0,20FT,105.39,Normal,Carrier_E,8.0,243077.0
SHP01926H,Hyderabad,Dubai,Sea,Pharmaceuticals,1926.0,3.48,1280.0,LCL,88.64,Normal,Carrier_D,1.0,30232.0
SHP01927A,Mumbai,Hamburg,Sea,Furniture,1927.0,0.5,2761.0,LCL,97.55,Normal,Carrier_C,8.0,37801.0
SHP01928H,Hyderabad,Los Angeles,Sea,Machinery,1928.0,8.22,10323.0,40FT,85.81,Normal,Carrier_A,22.0,81008.0
SHP01929D,Delhi,Dubai,Sea,Machinery,1929.0,19.04,9666.0,LCL,108.38,Off_Peak,Carrier_A,19.0,95140.0
SHP01930K,Kolkata,Jebel Ali,Sea,Machinery,1930.0,3.57,5584.0,AIR_CARGO,98.97,Off_Peak,Carrier_E,16.0,62285.0
SHP01931H,Hyderabad,Jebel Ali,Sea,General Merchandise,1931.0,0.72,10595.0,40FT,84.74,Normal,Carrier_B,20.0,77593.0
SHP01932K,Kolkata,Los Angeles,Sea,Electronics,1932.0,8.79,3176.0,20FT,110.99,Normal,Carrier_E,5.0,60546.0
SHP01933A,Mumbai,Shanghai,Sea,Pharmaceuticals,1933.0,6.06,7218.0,AIR_CARGO,98.23,Off_Peak,Carrier_B,17.0,70286.0
SHP01934A,Mumbai,Colombo,Sea,Textiles,1934.0,13.76,2144.0,40FT,94.8,Normal,Carrier_E,3.0,52256.0
SHP01935D,Delhi,Dubai,Air,Furniture,1935.0,5.2,10084.0,40FT,76.38,Peak,Carrier_D,20.0,237988.0
SHP01936A,Mumbai,Los Angeles,Sea,Automotive Parts,1936.0,17.08,2002.0,AIR_CARGO,111.39,Normal,Carrier_D,8.0,193318.0
SHP01937P,Pune,Shanghai,Sea,Machinery,1937.0,16.47,866.0,40FT,113.09,Peak,Carrier_B,5.0,69658.0
SHP01938D,Delhi,Shanghai,Air,Textiles,1938.0,1.14,3645.0,AIR_CARGO,97.5,Normal,Carrier_A,8.0,140925.0
SHP01939H,Hyderabad,Rotterdam,Sea,Machinery,1939.0,6.57,10861.0,40FT,92.7,Normal,Carrier_B,21.0,90718.0
SHP01940A,Mumbai,Dubai,Sea,Pharmaceuticals,1940.0,8.19,1989.0,40FT,89.38,Normal,Carrier_C,8.0,46347.0
SHP01941C,Chennai,Hamburg,Sea,Machinery,1941.0,0.5,4303.0,40FT,85.72,Off_Peak,Carrier_A,7.0,41440.0
SHP01942B,Bengaluru,Colombo,Sea,Automotive Parts,1942.0,13.54,4139.0,AIR_CARGO,97.98,Off_Peak,Carrier_B,11.0,55303.0
SHP01943M,Mumbai,London,Air,Furniture,1943.0,1.12,9719.0,40FT,80.12,Normal,Carrier_C,24.0,215713.0
SHP01944P,Pune,Singapore,Air,Chemicals,1944.0,7.08,5348.0,LCL,111.77,Off_Peak,Carrier_C,13.0,178532.0
SHP01945B,Bengaluru,Dubai,Air,Chemicals,1945.0,7.62,7533.0,LCL,82.04,Normal,Carrier_E,15.0,169791.0
SHP01946B,Bengaluru,New York,Sea,Pharmaceuticals,1946.0,2.21,5150.0,LCL,104.82,Normal,Carrier_B,11.0,65512.0
SHP01947K,Kolkata,Shanghai,Sea,Chemicals,1947.0,7.08,6842.0,LCL,87.28,Normal,Carrier_D,13.0,62014.0
SHP01948P,Pune,Rotterdam,Sea,General Merchandise,1948.0,7.1,1218.0,LCL,84.04,Normal,Carrier_E,3.0,27122.0
SHP01949P,Pune,Los Angeles,Sea,Electronics,1949.0,13.58,4801.0,20FT,97.31,Normal,Carrier_A,11.0,59551.0
SHP01950D,Delhi,Jebel Ali,Sea,General Merchandise,1950.0,0.5,10334.0,40FT,105.6,Normal,Carrier_D,22.0,100977.0
SHP01951K,Kolkata,Los Angeles,Sea,Textiles,1951.0,9.94,8447.0,40FT_HC,104.07,Normal,Carrier_C,21.0,84672.0
SHP01952H,Hyderabad,Los Angeles,Sea,General Merchandise,1952.0,10.38,11791.0,20FT,84.35,Normal,Carrier_A,20.0,73027.0
SHP01953M,Mumbai,Colombo,Sea,Textiles,1953.0,6.68,9561.0,AIR_CARGO,88.22,Normal,Carrier_E,15.0,75173.0
SHP01954H,Hyderabad,Dubai,Air,Textiles,1954.0,15.28,5692.0,20FT,109.75,Normal,Carrier_C,16.0,301455.0
SHP01955C,Chennai,Los Angeles,Sea,Electronics,1955.0,0.5,8277.0,40FT_HC,103.93,Normal,Carrier_C,17.0,107700.0
SHP01956M,Mumbai,Colombo,Road,Automotive Parts,1956.0,7.0,9423.0,20FT,103.51,Normal,Carrier_C,19.0,128797.0
SHP01957K,Kolkata,London,Sea,Furniture,1957.0,4.62,3601.0,40FT,85.76,Peak,Carrier_D,10.0,65795.0
SHP01958A,Mumbai,Hamburg,Sea,Pharmaceuticals,1958.0,11.83,1190.0,LCL,106.68,Normal,Carrier_E,4.0,46323.0
SHP01959A,Mumbai,London,Sea,Electronics,1959.0,7.64,5167.0,40FT,89.34,Peak,Carrier_E,15.0,69975.0
SHP01960K,Kolkata,Dubai,Air,Pharmaceuticals,1960.0,1.09,2164.0,20FT,91.06,Off_Peak,Carrier_D,7.0,103198.0
SHP01961H,Hyderabad,Jebel Ali,Sea,Chemicals,1961.0,3.99,3688.0,40FT_HC,86.5,Normal,Carrier_E,8.0,48724.0
SHP01962K,Kolkata,London,Sea,Chemicals,1962.0,9.27,11389.0,AIR_CARGO,79.86,Normal,Carrier_C,22.0,70042.0
SHP01963K,Kolkata,Colombo,Air,General Merchandise,1963.0,6.13,10241.0,40FT,91.82,Off_Peak,Carrier_C,20.0,261740.0
SHP01964B,Bengaluru,Colombo,Sea,Textiles,1964.0,33.95,7313.0,40FT_HC,75.68,Normal,Carrier_C,14.0,57732.0
SHP01965C,Chennai,Singapore,Sea,Machinery,1965.0,13.55,5114.0,AIR_CARGO,93.24,Peak,Carrier_E,15.0,65472.0
SHP01966P,Pune,Shanghai,Sea,Machinery,1966.0,12.98,3540.0,LCL,104.0,Normal,Carrier_B,9.0,52804.0
SHP01967A,Mumbai,New York,Sea,Pharmaceuticals,1967.0,7.75,7072.0,40FT,113.43,Normal,Carrier_A,13.0,91568.0
SHP01968B,Bengaluru,New York,Sea,Textiles,1968.0,15.07,6631.0,40FT,78.14,Normal,Carrier_B,15.0,52094.0
SHP01969K,Kolkata,Dubai,Sea,Pharmaceuticals,1969.0,10.93,9479.0,LCL,86.25,Normal,Carrier_D,22.0,74777.0
SHP01970D,Delhi,Shanghai,Sea,Electronics,1970.0,4.5,11172.0,LCL,94.77,Normal,Carrier_B,24.0,92279.0
SHP01971B,Bengaluru,Singapore,Sea,Automotive Parts,1971.0,3.57,4283.0,20FT,81.82,Normal,Carrier_B,8.0,41387.0
SHP01972K,Kolkata,Rotterdam,Sea,Furniture,1972.0,10.38,2872.0,AIR_CARGO,79.67,Normal,Carrier_D,5.0,105309.0
SHP01973A,Mumbai,Los Angeles,Sea,Electronics,1973.0,7.96,5132.0,40FT_HC,93.09,Normal,Carrier_B,14.0,63620.0
SHP01974P,Pune,London,Sea,Textiles,1974.0,10.58,5532.0,LCL,98.23,Normal,Carrier_A,9.0,52493.0
SHP01975K,Kolkata,Shanghai,Sea,Textiles,1975.0,4.68,959.0,20FT,107.81,Normal,Carrier_E,4.0,40318.0
SHP01976C,Chennai,Los Angeles,Sea,Automotive Parts,1976.0,0.5,10410.0,AIR_CARGO,114.91,Normal,Carrier_D,20.0,160550.0
SHP01977H,Hyderabad,Rotterdam,Sea,Pharmaceuticals,1977.0,1.83,11949.0,AIR_CARGO,105.97,Normal,Carrier_B,26.0,115397.0
SHP01978M,Mumbai,Jebel Ali,Sea,General Merchandise,1978.0,16.8,11117.0,40FT,83.85,Normal,Carrier_C,20.0,81324.0
SHP01979B,Bengaluru,Singapore,Road,General Merchandise,1979.0,4.16,10398.0,20FT,104.92,Peak,Carrier_C,19.0,147340.0
SHP01980B,Bengaluru,Los Angeles,Sea,Automotive Parts,1980.0,29.86,11915.0,20FT,96.49,Normal,Carrier_D,25.0,515874.0
SHP01981B,Bengaluru,Singapore,Sea,General Merchandise,1981.0,4.61,10940.0,40FT,93.03,Normal,Carrier_C,23.0,88327.0
SHP01982K,Kolkata,Singapore,Air,Machinery,1982.0,15.39,8416.0,40FT_HC,112.43,Normal,Carrier_A,20.0,334201.0
SHP01983P,Pune,Shanghai,Sea,General Merchandise,1983.0,10.39,2418.0,LCL,103.08,Off_Peak,Carrier_B,7.0,43210.0
SHP01984C,Chennai,Colombo,Sea,General Merchandise,1984.0,11.82,2298.0,40FT,102.27,Normal,Carrier_A,7.0,53895.0
SHP01985P,Pune,Hamburg,Sea,General Merchandise,1985.0,4.65,1061.0,LCL,75.47,Normal,Carrier_A,6.0,27120.0
SHP01986K,Kolkata,Dubai,Sea,Machinery,1986.0,1.36,5236.0,20FT,109.6,Normal,Carrier_E,9.0,71754.0
SHP01987K,Kolkata,New York,Air,Pharmaceuticals,1987.0,8.73,9801.0,40FT,106.73,Peak,Carrier_B,18.0,410458.0
SHP01988H,Hyderabad,Singapore,Sea,General Merchandise,1988.0,12.99,6138.0,40FT_HC,86.96,Normal,Carrier_D,11.0,63478.0
SHP01989D,Delhi,Shanghai,Sea,Chemicals,1989.0,3.93,4713.0,LCL,86.68,Normal,Carrier_C,5.0,39329.0
SHP01990C,Chennai,Shanghai,Air,Machinery,1990.0,11.75,1756.0,LCL,77.14,Normal,Carrier_E,7.0,121982.0
SHP01991B,Bengaluru,Los Angeles,Sea,Automotive Parts,1991.0,8.93,1095.0,LCL,77.03,Normal,Carrier_A,7.0,87144.0
SHP01992M,Mumbai,Los Angeles,Sea,Electronics,1992.0,10.21,5091.0,20FT,101.74,Normal,Carrier_C,12.0,50431.0
SHP01993B,Bengaluru,London,Sea,Automotive Parts,1993.0,4.73,1649.0,LCL,82.45,Normal,Carrier_B,6.0,25745.0
SHP01994P,Pune,Singapore,Sea,Electronics,1994.0,10.65,1691.0,AIR_CARGO,111.94,Normal,Carrier_A,5.0,56830.0
SHP01995K,Kolkata,Hamburg,Air,Furniture,1995.0,9.69,5047.0,LCL,108.7,Peak,Carrier_A,11.0,319647.0
SHP01996C,Chennai,Dubai,Air,Automotive Parts,1996.0,5.26,6283.0,20FT,88.96,Normal,Carrier_B,17.0,191385.0
SHP01997A,Mumbai,Dubai,Road,Chemicals,1997.0,5.96,2647.0,40FT,90.2,Peak,Carrier_D,10.0,60517.0
SHP01998C,Chennai,Jebel Ali,Sea,Electronics,1998.0,14.23,8373.0,LCL,88.09,Normal,Carrier_E,16.0,76458.0
SHP01999C,Chennai,Jebel Ali,Sea,Electronics,1999.0,6.43,5315.0,LCL,78.7,Peak,Carrier_B,14.0,52547.0
SHP02000D,Delhi,London,Sea,Textiles,2000.0,0.8,1557.0,40FT,76.26,Peak,Carrier_C,7.0,35283.0
SHP02001B,Bengaluru,New York,Sea,Electronics,2001.0,4.83,7826.0,AIR_CARGO,93.09,Peak,Carrier_C,18.0,76013.0
SHP02002D,Delhi,Jebel Ali,Sea,Electronics,2002.0,21.14,4605.0,20FT,112.72,Normal,Carrier_A,11.0,74374.0
SHP02003A,Mumbai,Rotterdam,Sea,Textiles,2003.0,5.27,1102.0,40FT,111.69,Normal,Carrier_E,5.0,55352.0
SHP02004A,Mumbai,London,Sea,General Merchandise,2004.0,12.75,11402.0,20FT,107.39,Normal,Carrier_D,20.0,119341.0
SHP02005H,Hyderabad,Dubai,Sea,General Merchandise,2005.0,1.99,7069.0,40FT,100.14,Normal,Carrier_D,12.0,81732.0
SHP02006P,Pune,Dubai,Air,Textiles,2006.0,9.05,5994.0,40FT_HC,109.25,Peak,Carrier_C,14.0,303529.0
SHP02007M,Mumbai,Hamburg,Sea,Machinery,2007.0,2.13,10380.0,AIR_CARGO,95.6,Normal,Carrier_D,19.0,90917.0
SHP02008H,Hyderabad,Shanghai,Air,Furniture,2008.0,16.33,11273.0,40FT_HC,82.21,Normal,Carrier_C,20.0,271546.0
SHP02009K,Kolkata,Rotterdam,Sea,Electronics,2009.0,8.05,3034.0,40FT,102.37,Normal,Carrier_E,3.0,50922.0
SHP02010D,Delhi,New York,Sea,Electronics,2010.0,12.66,9817.0,40FT,111.83,Normal,Carrier_A,19.0,105413.0
SHP02011D,Delhi,Los Angeles,Sea,Textiles,2011.0,2.59,10057.0,20FT,75.78,Normal,Carrier_C,21.0,49424.0
SHP02012H,Hyderabad,London,Sea,Textiles,2012.0,14.21,1126.0,40FT,85.06,Normal,Carrier_E,5.0,36941.0
SHP02013K,Kolkata,Jebel Ali,Road,Machinery,2013.0,9.94,8687.0,20FT,85.62,Normal,Carrier_C,19.0,86138.0
SHP02014C,Chennai,Colombo,Sea,Chemicals,2014.0,0.5,1224.0,20FT,78.96,Peak,Carrier_B,3.0,35064.0
SHP02015K,Kolkata,Hamburg,Sea,General Merchandise,2015.0,11.71,7339.0,40FT,84.02,Peak,Carrier_C,16.0,66971.0
SHP02016B,Bengaluru,Dubai,Sea,Automotive Parts,2016.0,7.03,8196.0,20FT,90.36,Off_Peak,Carrier_E,19.0,63176.0
SHP02017H,Hyderabad,Colombo,Sea,Chemicals,2017.0,13.14,4721.0,AIR_CARGO,112.59,Normal,Carrier_D,12.0,77160.0
SHP02018P,Pune,London,Road,Pharmaceuticals,2018.0,2.14,10629.0,40FT_HC,109.41,Normal,Carrier_C,20.0,153621.0
SHP02019K,Kolkata,Singapore,Sea,General Merchandise,2019.0,13.87,9706.0,40FT,112.84,Off_Peak,Carrier_A,20.0,104437.0
SHP02020C,Chennai,New York,Air,Electronics,2020.0,15.64,11149.0,20FT,79.82,Normal,Carrier_E,18.0,263826.0
SHP02021K,Kolkata,Singapore,Road,Pharmaceuticals,2021.0,6.81,4121.0,20FT,76.12,Normal,Carrier_D,9.0,50433.0
SHP02022D,Delhi,London,Sea,Chemicals,2022.0,1.91,748.0,20FT,79.4,Normal,Carrier_E,2.0,24685.0
SHP02023M,Mumbai,Singapore,Road,Textiles,2023.0,0.5,9832.0,20FT,111.57,Normal,Carrier_C,23.0,135119.0
SHP02024D,Delhi,New York,Sea,Machinery,2024.0,0.5,3064.0,AIR_CARGO,81.3,Normal,Carrier_B,6.0,37577.0
SHP02025P,Pune,Shanghai,Sea,General Merchandise,2025.0,1.37,5872.0,40FT,97.91,Peak,Carrier_B,13.0,81794.0
SHP02026A,Mumbai,London,Sea,Machinery,2026.0,7.36,9899.0,40FT,84.1,Normal,Carrier_A,19.0,77758.0
SHP02027M,Mumbai,Colombo,Air,Pharmaceuticals,2027.0,7.12,2986.0,AIR_CARGO,75.83,Normal,Carrier_A,6.0,113657.0
SHP02028A,Mumbai,Singapore,Road,General Merchandise,2028.0,13.72,4087.0,AIR_CARGO,78.38,Peak,Carrier_D,10.0,62613.0
SHP02029K,Kolkata,New York,Sea,Furniture,2029.0,8.34,5549.0,AIR_CARGO,103.39,Normal,Carrier_B,11.0,67583.0
SHP02030B,Bengaluru,Jebel Ali,Air,Furniture,2030.0,3.1,3626.0,40FT,82.29,Normal,Carrier_C,12.0,118940.0
SHP02031P,Pune,Los Angeles,Sea,Chemicals,2031.0,21.43,5805.0,LCL,84.17,Peak,Carrier_E,9.0,76945.0
SHP02032K,Kolkata,New York,Sea,Electronics,2032.0,13.31,610.0,40FT_HC,90.09,Normal,Carrier_E,4.0,48173.0
SHP02033C,Chennai,Hamburg,Sea,Furniture,2033.0,8.42,2940.0,AIR_CARGO,101.29,Normal,Carrier_B,7.0,53214.0
SHP02034K,Kolkata,Los Angeles,Sea,Furniture,2034.0,3.89,10074.0,AIR_CARGO,93.77,Normal,Carrier_B,20.0,117235.0
SHP02035M,Mumbai,Jebel Ali,Sea,Automotive Parts,2035.0,22.16,5255.0,40FT,112.78,Off_Peak,Carrier_E,12.0,86252.0
SHP02036D,Delhi,Rotterdam,Sea,Machinery,2036.0,1.32,7819.0,40FT,92.37,Normal,Carrier_D,18.0,73442.0
SHP02037B,Bengaluru,Colombo,Sea,Machinery,2037.0,12.73,3171.0,40FT_HC,82.97,Off_Peak,Carrier_E,8.0,35974.0
SHP02038A,Mumbai,Dubai,Sea,Furniture,2038.0,8.26,7974.0,20FT,96.45,Normal,Carrier_A,19.0,72422.0
SHP02039K,Kolkata,Jebel Ali,Sea,Automotive Parts,2039.0,1.24,12000.0,40FT,93.04,Normal,Carrier_C,24.0,91128.0
SHP02040K,Kolkata,Shanghai,Sea,Machinery,2040.0,1.69,7346.0,40FT_HC,106.49,Off_Peak,Carrier_B,13.0,81041.0
SHP02041D,Delhi,Los Angeles,Sea,Machinery,2041.0,3.31,7726.0,40FT,112.4,Normal,Carrier_B,16.0,124092.0
SHP02042B,Bengaluru,Shanghai,Sea,General Merchandise,2042.0,2.51,1782.0,40FT,108.45,Normal,Carrier_D,8.0,58059.0
SHP02043H,Hyderabad,Los Angeles,Sea,General Merchandise,2043.0,12.64,5139.0,40FT,90.56,Normal,Carrier_A,11.0,60052.0
SHP02044A,Mumbai,Hamburg,Sea,Automotive Parts,2044.0,4.98,10398.0,LCL,83.64,Normal,Carrier_E,19.0,77729.0
SHP02045K,Kolkata,Rotterdam,Sea,Pharmaceuticals,2045.0,42.33,10094.0,LCL,111.58,Off_Peak,Carrier_A,22.0,185781.0
SHP02046K,Kolkata,Dubai,Air,Electronics,2046.0,17.24,6508.0,AIR_CARGO,90.44,Normal,Carrier_A,15.0,237033.0
SHP02047H,Hyderabad,Hamburg,Sea,Chemicals,2047.0,9.87,10890.0,LCL,105.81,Normal,Carrier_D,20.0,115703.0
SHP02048A,Mumbai,Jebel Ali,Air,Furniture,2048.0,8.52,2144.0,40FT_HC,114.58,Peak,Carrier_D,5.0,221921.0
SHP02049M,Mumbai,Shanghai,Sea,Furniture,2049.0,3.22,8069.0,40FT,98.1,Normal,Carrier_E,16.0,82562.0
SHP02050M,Mumbai,Los Angeles,Sea,Chemicals,2050.0,11.33,3362.0,LCL,94.2,Normal,Carrier_E,8.0,59845.0
SHP02051P,Pune,Jebel Ali,Sea,Furniture,2051.0,4.75,7924.0,40FT,102.99,Normal,Carrier_C,18.0,80104.0
SHP02052P,Pune,New York,Sea,Furniture,2052.0,4.95,1505.0,20FT,82.76,Off_Peak,Carrier_A,4.0,23693.0
SHP02053C,Chennai,Rotterdam,Sea,Pharmaceuticals,2053.0,10.91,11352.0,AIR_CARGO,94.53,Normal,Carrier_E,24.0,91136.0
SHP02054D,Delhi,Colombo,Road,Machinery,2054.0,0.5,9543.0,LCL,87.49,Normal,Carrier_D,18.0,95051.0
SHP02055B,Bengaluru,New York,Air,Electronics,2055.0,3.48,2811.0,40FT,81.57,Peak,Carrier_C,10.0,102541.0
SHP02056K,Kolkata,Shanghai,Air,Furniture,2056.0,0.8,7829.0,20FT,99.41,Normal,Carrier_C,20.0,224559.0
SHP02057A,Mumbai,Rotterdam,Sea,Automotive Parts,2057.0,11.67,9230.0,AIR_CARGO,98.03,Normal,Carrier_D,17.0,98158.0
SHP02058K,Kolkata,Rotterdam,Sea,Pharmaceuticals,2058.0,6.48,2909.0,AIR_CARGO,105.45,Normal,Carrier_E,5.0,52705.0
SHP02059P,Pune,Jebel Ali,Air,Furniture,2059.0,0.5,1573.0,20FT,109.92,Off_Peak,Carrier_D,7.0,93974.0
SHP02060C,Chennai,New York,Sea,Automotive Parts,2060.0,11.13,4545.0,LCL,83.82,Normal,Carrier_E,11.0,40378.0
SHP02061A,Mumbai,Jebel Ali,Sea,General Merchandise,2061.0,10.09,2061.0,LCL,106.19,Normal,Carrier_D,7.0,47128.0
SHP02062A,Mumbai,Jebel Ali,Sea,Machinery,2062.0,0.5,7006.0,40FT,89.7,Normal,Carrier_D,13.0,62028.0
SHP02063K,Kolkata,Jebel Ali,Air,Textiles,2063.0,13.26,5377.0,40FT_HC,100.15,Normal,Carrier_B,12.0,223930.0
SHP02064D,Delhi,Shanghai,Sea,Furniture,2064.0,13.72,5818.0,40FT,109.01,Off_Peak,Carrier_E,12.0,69837.0
SHP02065C,Chennai,Los Angeles,Sea,Automotive Parts,2065.0,7.61,6743.0,40FT,85.25,Off_Peak,Carrier_A,15.0,47842.0
SHP02066D,Delhi,Los Angeles,Sea,Pharmaceuticals,2066.0,5.29,11794.0,40FT,99.04,Normal,Carrier_B,21.0,359036.0
SHP02067C,Chennai,Shanghai,Sea,Machinery,2067.0,3.06,9615.0,20FT,94.21,Normal,Carrier_B,19.0,81627.0
SHP02068K,Kolkata,Dubai,Sea,Electronics,2068.0,2.5,7739.0,AIR_CARGO,106.62,Normal,Carrier_B,14.0,84828.0
SHP02069C,Chennai,Colombo,Sea,Pharmaceuticals,2069.0,7.69,4683.0,AIR_CARGO,102.89,Normal,Carrier_B,9.0,64673.0
SHP02070M,Mumbai,Hamburg,Sea,General Merchandise,2070.0,3.73,811.0,40FT_HC,105.79,Normal,Carrier_A,3.0,46733.0
SHP02071A,Mumbai,Colombo,Air,Chemicals,2071.0,6.99,1840.0,LCL,86.52,Peak,Carrier_B,6.0,116893.0
SHP02072B,Bengaluru,Shanghai,Sea,Furniture,2072.0,1.19,8905.0,40FT,103.17,Off_Peak,Carrier_A,19.0,83704.0
SHP02073K,Kolkata,Singapore,Sea,Electronics,2073.0,0.92,4746.0,20FT,99.23,Normal,Carrier_A,12.0,55434.0
SHP02074H,Hyderabad,Hamburg,Road,Automotive Parts,2074.0,3.68,4346.0,20FT,93.27,Off_Peak,Carrier_B,7.0,56621.0
SHP02075B,Bengaluru,Dubai,Road,Furniture,2075.0,7.22,10723.0,40FT,90.13,Peak,Carrier_C,24.0,125216.0
SHP02076K,Kolkata,London,Road,Automotive Parts,2076.0,0.89,6072.0,20FT,88.26,Normal,Carrier_A,12.0,72586.0
SHP02077B,Bengaluru,Hamburg,Sea,Electronics,2077.0,4.22,10845.0,20FT,75.39,Normal,Carrier_B,21.0,64716.0
SHP02078M,Mumbai,Rotterdam,Sea,Automotive Parts,2078.0,3.48,10696.0,40FT,81.78,Peak,Carrier_D,22.0,86527.0
SHP02079B,Bengaluru,Shanghai,Road,Pharmaceuticals,2079.0,4.93,1422.0,40FT_HC,77.36,Normal,Carrier_D,4.0,33536.0
SHP02080C,Chennai,London,Air,Machinery,2080.0,10.08,11372.0,20FT,108.93,Off_Peak,Carrier_E,23.0,331900.0
SHP02081P,Pune,Colombo,Sea,Automotive Parts,2081.0,11.58,1385.0,AIR_CARGO,109.4,Normal,Carrier_A,6.0,54333.0
SHP02082B,Bengaluru,London,Sea,General Merchandise,2082.0,0.5,11580.0,AIR_CARGO,108.85,Normal,Carrier_A,22.0,104849.0
SHP02083K,Kolkata,Shanghai,Sea,Machinery,2083.0,6.84,5705.0,AIR_CARGO,107.72,Off_Peak,Carrier_D,12.0,72092.0
SHP02084H,Hyderabad,Colombo,Road,Pharmaceuticals,2084.0,0.5,9250.0,40FT,83.85,Peak,Carrier_A,19.0,99947.0
SHP02085H,Hyderabad,Shanghai,Sea,Furniture,2085.0,6.85,8621.0,AIR_CARGO,94.67,Normal,Carrier_A,20.0,76449.0
SHP02086P,Pune,New York,Sea,Textiles,2086.0,3.02,6463.0,LCL,111.31,Normal,Carrier_D,13.0,84361.0
SHP02087D,Delhi,Singapore,Sea,Furniture,2087.0,1.4,7624.0,20FT,105.39,Normal,Carrier_B,15.0,76112.0
SHP02088P,Pune,Dubai,Air,Automotive Parts,2088.0,2.59,11424.0,40FT_HC,75.07,Normal,Carrier_D,21.0,233000.0
SHP02089A,Mumbai,Dubai,Air,Automotive Parts,2089.0,0.5,11165.0,AIR_CARGO,93.38,Normal,Carrier_C,20.0,258632.0
SHP02090B,Bengaluru,Rotterdam,Sea,General Merchandise,2090.0,4.38,8025.0,40FT,75.43,Normal,Carrier_D,14.0,52080.0
SHP02091H,Hyderabad,Singapore,Air,Pharmaceuticals,2091.0,7.69,8064.0,40FT_HC,86.23,Normal,Carrier_D,15.0,237285.0
SHP02092P,Pune,Singapore,Road,General Merchandise,2092.0,7.54,3340.0,40FT,92.43,Normal,Carrier_B,11.0,67627.0
SHP02093B,Bengaluru,Rotterdam,Sea,Chemicals,2093.0,4.54,10029.0,40FT_HC,110.72,Normal,Carrier_D,22.0,117243.0
SHP02094A,Mumbai,Colombo,Sea,Pharmaceuticals,2094.0,7.01,7775.0,40FT_HC,101.18,Normal,Carrier_D,19.0,86527.0
SHP02095H,Hyderabad,Rotterdam,Sea,Electronics,2095.0,24.57,10002.0,20FT,89.5,Normal,Carrier_B,18.0,94257.0
SHP02096A,Mumbai,Colombo,Air,Electronics,2096.0,4.61,8065.0,40FT_HC,94.63,Off_Peak,Carrier_D,13.0,244275.0
SHP02097B,Bengaluru,Rotterdam,Sea,Electronics,2097.0,0.73,3942.0,LCL,107.7,Peak,Carrier_B,10.0,64145.0
SHP02098K,Kolkata,Hamburg,Sea,General Merchandise,2098.0,7.7,2679.0,LCL,86.99,Normal,Carrier_C,11.0,41258.0
SHP02099B,Bengaluru,Hamburg,Air,Electronics,2099.0,4.33,1385.0,LCL,99.6,Peak,Carrier_B,4.0,112833.0
SHP02100P,Pune,New York,Sea,Pharmaceuticals,2100.0,2.53,7239.0,40FT,85.49,Normal,Carrier_A,15.0,63936.0
SHP02101A,Mumbai,Los Angeles,Sea,Electronics,2101.0,8.04,3767.0,20FT,94.2,Normal,Carrier_A,6.0,57540.0
SHP02102K,Kolkata,Rotterdam,Sea,Textiles,2102.0,0.5,7751.0,40FT,75.99,Normal,Carrier_B,16.0,55597.0
SHP02103K,Kolkata,Singapore,Sea,Electronics,2103.0,7.28,1175.0,AIR_CARGO,109.09,Off_Peak,Carrier_D,4.0,41825.0
SHP02104D,Delhi,Hamburg,Air,Automotive Parts,2104.0,9.5,4820.0,LCL,76.93,Normal,Carrier_E,7.0,132509.0
SHP02105H,Hyderabad,Jebel Ali,Air,Chemicals,2105.0,11.45,3496.0,20FT,83.97,Peak,Carrier_E,6.0,136047.0
SHP02106C,Chennai,Colombo,Sea,General Merchandise,2106.0,7.88,4759.0,LCL,88.34,Off_Peak,Carrier_C,8.0,37475.0
SHP02107K,Kolkata,Hamburg,Road,Machinery,2107.0,3.94,1124.0,20FT,100.01,Normal,Carrier_C,1.0,35698.0
SHP02108A,Mumbai,Hamburg,Road,Chemicals,2108.0,5.72,8828.0,40FT,103.8,Normal,Carrier_E,17.0,134888.0
SHP02109H,Hyderabad,Shanghai,Sea,Textiles,2109.0,16.5,1842.0,40FT,78.22,Normal,Carrier_E,6.0,35945.0
SHP02110M,Mumbai,Colombo,Road,General Merchandise,2110.0,0.5,666.0,LCL,76.74,Normal,Carrier_B,2.0,16047.0
SHP02111B,Bengaluru,Dubai,Sea,Pharmaceuticals,2111.0,6.23,11382.0,40FT_HC,106.96,Normal,Carrier_E,25.0,115762.0
SHP02112P,Pune,London,Sea,Furniture,2112.0,3.18,2718.0,20FT,103.49,Normal,Carrier_A,6.0,42327.0
SHP02113A,Mumbai,Colombo,Sea,General Merchandise,2113.0,5.09,10023.0,AIR_CARGO,108.26,Normal,Carrier_C,21.0,96435.0
SHP02114M,Mumbai,New York,Road,Automotive Parts,2114.0,0.58,11591.0,40FT_HC,102.06,Normal,Carrier_C,24.0,144646.0
SHP02115A,Mumbai,Shanghai,Air,Pharmaceuticals,2115.0,7.76,6642.0,40FT,105.04,Normal,Carrier_A,17.0,290787.0
SHP02116B,Bengaluru,Colombo,Sea,Chemicals,2116.0,12.89,6550.0,20FT,90.16,Normal,Carrier_C,12.0,67193.0
SHP02117D,Delhi,Colombo,Sea,Chemicals,2117.0,6.16,4725.0,40FT_HC,98.61,Normal,Carrier_E,11.0,64062.0
SHP02118A,Mumbai,Los Angeles,Sea,Electronics,2118.0,3.58,5394.0,AIR_CARGO,107.22,Off_Peak,Carrier_C,10.0,60733.0
SHP02119K,Kolkata,Shanghai,Sea,Pharmaceuticals,2119.0,5.3,6044.0,40FT_HC,81.88,Normal,Carrier_A,16.0,55828.0
SHP02120C,Chennai,Colombo,Road,Furniture,2120.0,7.02,2249.0,AIR_CARGO,91.91,Peak,Carrier_C,4.0,45898.0
SHP02121K,Kolkata,London,Air,Automotive Parts,2121.0,13.99,4694.0,40FT,104.62,Normal,Carrier_E,11.0,257435.0
SHP02122B,Bengaluru,London,Sea,Electronics,2122.0,0.78,9885.0,20FT,96.31,Peak,Carrier_B,23.0,94487.0
SHP02123A,Mumbai,Jebel Ali,Road,Electronics,2123.0,9.43,2598.0,40FT,102.27,Peak,Carrier_E,4.0,74451.0
SHP02124C,Chennai,Shanghai,Sea,Furniture,2124.0,3.79,8893.0,20FT,86.71,Normal,Carrier_C,19.0,61465.0
SHP02125K,Kolkata,Dubai,Road,General Merchandise,2125.0,5.04,7993.0,40FT_HC,76.29,Normal,Carrier_D,15.0,81680.0
SHP02126C,Chennai,Colombo,Air,Chemicals,2126.0,5.5,1159.0,40FT,76.17,Off_Peak,Carrier_C,9.0,78525.0
SHP02127P,Pune,Los Angeles,Sea,Electronics,2127.0,0.5,758.0,20FT,112.71,Peak,Carrier_C,1.0,51333.0
SHP02128B,Bengaluru,Los Angeles,Sea,Textiles,2128.0,6.0,4554.0,AIR_CARGO,112.78,Normal,Carrier_A,7.0,73095.0
SHP02129D,Delhi,Singapore,Road,Textiles,2129.0,7.42,8460.0,20FT,83.45,Normal,Carrier_D,15.0,91830.0
SHP02130D,Delhi,Dubai,Sea,Chemicals,2130.0,3.33,4300.0,40FT,80.9,Normal,Carrier_A,8.0,39769.0
SHP02131A,Mumbai,Los Angeles,Sea,Textiles,2131.0,10.26,8179.0,40FT,75.73,Off_Peak,Carrier_A,18.0,49617.0
SHP02132K,Kolkata,London,Sea,Furniture,2132.0,17.4,8153.0,40FT_HC,84.25,Normal,Carrier_E,20.0,67932.0
SHP02133M,Mumbai,Singapore,Sea,General Merchandise,2133.0,11.45,9775.0,AIR_CARGO,88.37,Normal,Carrier_B,22.0,77168.0
SHP02134B,Bengaluru,Rotterdam,Sea,Automotive Parts,2134.0,6.48,1644.0,20FT,84.65,Normal,Carrier_C,5.0,33205.0
SHP02135K,Kolkata,Los Angeles,Sea,Machinery,2135.0,5.64,7137.0,40FT,106.9,Off_Peak,Carrier_D,15.0,265570.0
SHP02136K,Kolkata,New York,Road,Electronics,2136.0,10.32,1219.0,20FT,104.98,Normal,Carrier_C,3.0,44564.0
SHP02137D,Delhi,Shanghai,Sea,Machinery,2137.0,11.1,2523.0,LCL,78.24,Peak,Carrier_A,7.0,36640.0
SHP02138A,Mumbai,Los Angeles,Sea,Automotive Parts,2138.0,2.7,4243.0,AIR_CARGO,102.89,Peak,Carrier_B,9.0,224935.0
SHP02139C,Chennai,Hamburg,Sea,Automotive Parts,2139.0,4.65,8635.0,AIR_CARGO,95.82,Normal,Carrier_A,18.0,80663.0
SHP02140B,Bengaluru,Dubai,Road,Furniture,2140.0,5.26,11700.0,LCL,80.29,Normal,Carrier_C,22.0,93934.0
SHP02141P,Pune,Hamburg,Air,General Merchandise,2141.0,10.8,4439.0,AIR_CARGO,104.58,Normal,Carrier_E,8.0,261848.0
SHP02142C,Chennai,Jebel Ali,Sea,Textiles,2142.0,14.93,6493.0,LCL,78.44,Peak,Carrier_C,14.0,60985.0
SHP02143H,Hyderabad,Los Angeles,Sea,Textiles,2143.0,2.34,3479.0,20FT,82.09,Off_Peak,Carrier_A,8.0,91994.0
SHP02144H,Hyderabad,Rotterdam,Sea,Furniture,2144.0,6.41,8268.0,LCL,80.97,Normal,Carrier_D,16.0,58708.0
SHP02145B,Bengaluru,Hamburg,Sea,Automotive Parts,2145.0,0.5,4716.0,40FT_HC,112.56,Normal,Carrier_D,9.0,85296.0
SHP02146A,Mumbai,Hamburg,Air,General Merchandise,2146.0,6.5,6038.0,LCL,102.93,Peak,Carrier_D,14.0,255824.0
SHP02147M,Mumbai,Dubai,Sea,General Merchandise,2147.0,3.23,7030.0,20FT,91.45,Off_Peak,Carrier_D,16.0,56707.0
SHP02148H,Hyderabad,Singapore,Sea,Chemicals,2148.0,37.73,8392.0,AIR_CARGO,107.89,Normal,Carrier_D,21.0,131934.0
SHP02149D,Delhi,Rotterdam,Sea,Pharmaceuticals,2149.0,17.17,1191.0,40FT_HC,83.64,Normal,Carrier_B,7.0,40512.0
SHP02150M,Mumbai,Hamburg,Air,Electronics,2150.0,11.18,6881.0,LCL,112.24,Off_Peak,Carrier_B,12.0,317874.0
SHP02151K,Kolkata,Colombo,Sea,Furniture,2151.0,1.28,5458.0,20FT,102.88,Off_Peak,Carrier_E,12.0,68666.0
SHP02152H,Hyderabad,Rotterdam,Sea,Pharmaceuticals,2152.0,3.64,2038.0,40FT_HC,97.38,Normal,Carrier_D,3.0,48295.0
SHP02153D,Delhi,Colombo,Air,Furniture,2153.0,9.94,2892.0,40FT_HC,106.79,Off_Peak,Carrier_A,4.0,187600.0
SHP02154K,Kolkata,Los Angeles,Sea,Textiles,2154.0,2.76,10665.0,40FT_HC,100.79,Normal,Carrier_A,26.0,285326.0
SHP02155M,Mumbai,Hamburg,Sea,Automotive Parts,2155.0,10.92,10525.0,LCL,110.48,Peak,Carrier_C,24.0,113042.0
SHP02156B,Bengaluru,Hamburg,Sea,Furniture,2156.0,4.0,883.0,20FT,108.17,Normal,Carrier_D,2.0,45842.0
SHP02157K,Kolkata,London,Sea,Furniture,2157.0,5.64,8428.0,20FT,82.91,Normal,Carrier_A,20.0,66996.0
SHP02158C,Chennai,London,Sea,Chemicals,2158.0,21.67,6873.0,20FT,84.59,Normal,Carrier_E,17.0,59456.0
SHP02159B,Bengaluru,Dubai,Sea,Machinery,2159.0,8.11,11308.0,40FT,77.6,Normal,Carrier_A,19.0,70706.0
SHP02160B,Bengaluru,Shanghai,Air,Textiles,2160.0,9.52,10942.0,AIR_CARGO,83.81,Normal,Carrier_E,24.0,304514.0
SHP02161M,Mumbai,Shanghai,Air,Electronics,2161.0,9.98,7165.0,20FT,88.74,Normal,Carrier_D,14.0,204900.0
SHP02162M,Mumbai,Singapore,Sea,General Merchandise,2162.0,11.25,2098.0,40FT,76.15,Normal,Carrier_C,7.0,35551.0
SHP02163D,Delhi,Dubai,Sea,Automotive Parts,2163.0,14.38,5788.0,40FT,87.6,Normal,Carrier_C,19.0,58603.0
SHP02164D,Delhi,Shanghai,Air,Textiles,2164.0,13.73,8839.0,40FT_HC,105.86,Off_Peak,Carrier_B,21.0,356920.0
SHP02165C,Chennai,Dubai,Sea,Machinery,2165.0,14.21,11445.0,AIR_CARGO,108.61,Normal,Carrier_D,23.0,121160.0
SHP02166B,Bengaluru,Hamburg,Road,Furniture,2166.0,7.89,4684.0,40FT_HC,75.35,Normal,Carrier_A,13.0,54386.0
SHP02167P,Pune,London,Sea,Electronics,2167.0,8.71,9524.0,AIR_CARGO,75.29,Normal,Carrier_C,15.0,55962.0
SHP02168A,Mumbai,London,Sea,Furniture,2168.0,3.85,8358.0,40FT_HC,80.85,Off_Peak,Carrier_E,18.0,60698.0
SHP02169C,Chennai,London,Air,Electronics,2169.0,10.97,1400.0,LCL,109.9,Peak,Carrier_E,6.0,176708.0
SHP02170C,Chennai,Shanghai,Sea,Chemicals,2170.0,4.25,6917.0,AIR_CARGO,93.77,Off_Peak,Carrier_A,16.0,62009.0
SHP02171A,Mumbai,Rotterdam,Sea,Furniture,2171.0,0.5,2610.0,40FT,114.32,Peak,Carrier_A,6.0,180048.0
SHP02172A,Mumbai,New York,Sea,Textiles,2172.0,3.3,8361.0,40FT,110.49,Normal,Carrier_D,18.0,106420.0
SHP02173A,Mumbai,Hamburg,Sea,Machinery,2173.0,3.53,7516.0,AIR_CARGO,110.61,Normal,Carrier_A,17.0,90064.0
SHP02174M,Mumbai,Los Angeles,Sea,Electronics,2174.0,10.2,11690.0,40FT_HC,80.14,Normal,Carrier_A,19.0,110924.0
SHP02175C,Chennai,Dubai,Sea,Automotive Parts,2175.0,7.55,11257.0,LCL,94.01,Normal,Carrier_A,22.0,82958.0
SHP02176C,Chennai,London,Air,Electronics,2176.0,2.05,608.0,LCL,114.74,Normal,Carrier_C,1.0,87288.0
SHP02177K,Kolkata,London,Sea,Machinery,2177.0,12.16,1420.0,20FT,80.96,Normal,Carrier_D,6.0,37427.0
SHP02178A,Mumbai,London,Sea,General Merchandise,2178.0,5.48,9345.0,AIR_CARGO,97.97,Normal,Carrier_A,22.0,89221.0
SHP02179A,Mumbai,Hamburg,Air,General Merchandise,2179.0,5.72,8385.0,LCL,88.77,Normal,Carrier_A,16.0,206454.0
SHP02180D,Delhi,London,Sea,Chemicals,2180.0,17.23,9711.0,40FT_HC,90.51,Normal,Carrier_E,17.0,89009.0
SHP02181D,Delhi,Singapore,Sea,Textiles,2181.0,8.76,3568.0,40FT_HC,110.63,Normal,Carrier_C,9.0,66118.0
SHP02182B,Bengaluru,Dubai,Sea,Machinery,2182.0,18.74,10267.0,40FT,98.52,Normal,Carrier_A,18.0,104155.0
SHP02183D,Delhi,Hamburg,Sea,Chemicals,2183.0,7.34,5588.0,LCL,105.35,Normal,Carrier_C,12.0,62691.0
SHP02184H,Hyderabad,Dubai,Sea,Pharmaceuticals,2184.0,1.57,3512.0,LCL,101.93,Peak,Carrier_D,8.0,62797.0
SHP02185B,Bengaluru,Colombo,Air,Electronics,2185.0,0.75,622.0,40FT_HC,96.16,Normal,Carrier_D,4.0,82482.0
SHP02186P,Pune,Jebel Ali,Road,Pharmaceuticals,2186.0,6.68,10521.0,40FT,106.67,Peak,Carrier_B,22.0,166045.0
SHP02187A,Mumbai,Singapore,Road,Electronics,2187.0,2.34,6656.0,LCL,113.83,Normal,Carrier_E,14.0,109873.0
SHP02188K,Kolkata,Rotterdam,Sea,General Merchandise,2188.0,10.27,11717.0,40FT_HC,113.67,Normal,Carrier_B,27.0,459604.0
SHP02189D,Delhi,Rotterdam,Sea,Chemicals,2189.0,0.5,8719.0,40FT,106.58,Peak,Carrier_C,18.0,316954.0
SHP02190K,Kolkata,New York,Air,General Merchandise,2190.0,6.2,1425.0,40FT,94.49,Normal,Carrier_E,4.0,92621.0
SHP02191D,Delhi,Singapore,Sea,Automotive Parts,2191.0,17.13,7264.0,40FT_HC,81.53,Normal,Carrier_A,15.0,65053.0
SHP02192D,Delhi,Dubai,Road,Pharmaceuticals,2192.0,2.51,697.0,40FT,76.78,Normal,Carrier_E,2.0,21829.0
SHP02193K,Kolkata,Rotterdam,Sea,Pharmaceuticals,2193.0,12.61,6914.0,40FT,84.26,Normal,Carrier_E,13.0,193233.0
SHP02194C,Chennai,Jebel Ali,Sea,General Merchandise,2194.0,1.24,4527.0,20FT,88.61,Off_Peak,Carrier_D,7.0,42134.0
SHP02195C,Chennai,Rotterdam,Sea,Automotive Parts,2195.0,0.5,7898.0,40FT,80.19,Peak,Carrier_B,19.0,65395.0
SHP02196C,Chennai,London,Sea,Electronics,2196.0,13.57,6728.0,LCL,83.99,Off_Peak,Carrier_D,13.0,56528.0
SHP02197H,Hyderabad,New York,Sea,Chemicals,2197.0,11.09,3506.0,40FT,78.34,Normal,Carrier_D,9.0,47816.0
SHP02198C,Chennai,Hamburg,Road,Automotive Parts,2198.0,34.16,2367.0,LCL,95.95,Peak,Carrier_B,6.0,105385.0
SHP02199D,Delhi,Los Angeles,Sea,Chemicals,2199.0,4.69,5154.0,40FT_HC,80.05,Normal,Carrier_D,11.0,54791.0
SHP02200A,Mumbai,Los Angeles,Sea,Pharmaceuticals,2200.0,2.7,11849.0,40FT,104.71,Off_Peak,Carrier_E,26.0,100058.0
SHP02201M,Mumbai,Rotterdam,Sea,Chemicals,2201.0,10.5,5511.0,40FT_HC,88.31,Normal,Carrier_C,12.0,73028.0
SHP02202K,Kolkata,Dubai,Sea,Pharmaceuticals,2202.0,11.91,9111.0,AIR_CARGO,101.88,Peak,Carrier_A,17.0,105848.0
SHP02203A,Mumbai,Dubai,Sea,Automotive Parts,2203.0,7.75,1155.0,40FT,110.3,Normal,Carrier_A,3.0,54014.0
SHP02204M,Mumbai,London,Sea,Pharmaceuticals,2204.0,2.32,4857.0,40FT_HC,78.44,Normal,Carrier_D,13.0,48489.0
SHP02205A,Mumbai,Rotterdam,Sea,Furniture,2205.0,0.5,7174.0,AIR_CARGO,114.56,Normal,Carrier_B,16.0,267936.0
SHP02206H,Hyderabad,Rotterdam,Sea,Textiles,2206.0,5.72,9139.0,LCL,100.81,Off_Peak,Carrier_E,20.0,105454.0
SHP02207M,Mumbai,Los Angeles,Sea,Pharmaceuticals,2207.0,19.57,6576.0,LCL,77.13,Peak,Carrier_D,13.0,59936.0
SHP02208P,Pune,Colombo,Road,General Merchandise,2208.0,2.85,6426.0,LCL,87.56,Normal,Carrier_E,11.0,74252.0
SHP02209B,Bengaluru,Rotterdam,Sea,Automotive Parts,2209.0,2.58,9285.0,LCL,110.45,Normal,Carrier_E,20.0,94395.0
SHP02210C,Chennai,Hamburg,Road,Furniture,2210.0,14.38,4103.0,LCL,98.85,Off_Peak,Carrier_A,10.0,72842.0
SHP02211P,Pune,New York,Air,Electronics,2211.0,7.21,1542.0,20FT,86.49,Normal,Carrier_C,5.0,105397.0
SHP02212H,Hyderabad,New York,Air,Chemicals,2212.0,3.7,4492.0,40FT_HC,112.62,Off_Peak,Carrier_C,7.0,171116.0
SHP02213A,Mumbai,Hamburg,Sea,Furniture,2213.0,7.68,2328.0,AIR_CARGO,106.49,Normal,Carrier_B,5.0,52622.0
SHP02214D,Delhi,Colombo,Road,Machinery,2214.0,9.8,11608.0,AIR_CARGO,104.42,Normal,Carrier_C,21.0,158147.0
SHP02215C,Chennai,Dubai,Air,Furniture,2215.0,6.61,7141.0,40FT,110.54,Normal,Carrier_D,16.0,305318.0
SHP02216P,Pune,Los Angeles,Sea,Automotive Parts,2216.0,4.3,5636.0,40FT_HC,105.79,Off_Peak,Carrier_A,13.0,74183.0
SHP02217C,Chennai,New York,Air,Furniture,2217.0,15.25,10989.0,20FT,86.47,Normal,Carrier_A,22.0,314537.0
SHP02218M,Mumbai,Singapore,Sea,Furniture,2218.0,5.58,10854.0,20FT,98.36,Normal,Carrier_E,24.0,93640.0
SHP02219B,Bengaluru,Jebel Ali,Road,General Merchandise,2219.0,6.26,5281.0,40FT_HC,108.69,Normal,Carrier_D,15.0,108107.0
SHP02220C,Chennai,Los Angeles,Sea,Pharmaceuticals,2220.0,12.33,10559.0,LCL,82.23,Normal,Carrier_D,22.0,71505.0
SHP02221A,Mumbai,Colombo,Air,Chemicals,2221.0,3.59,1236.0,LCL,81.52,Normal,Carrier_E,6.0,63035.0
SHP02222A,Mumbai,Singapore,Sea,Textiles,2222.0,2.98,10686.0,40FT_HC,81.36,Peak,Carrier_E,20.0,79742.0
SHP02223K,Kolkata,Rotterdam,Sea,Electronics,2223.0,2.33,4072.0,AIR_CARGO,82.77,Normal,Carrier_A,8.0,35874.0
SHP02224K,Kolkata,Hamburg,Sea,Textiles,2224.0,4.42,6999.0,LCL,79.13,Normal,Carrier_D,17.0,55761.0
SHP02225C,Chennai,Rotterdam,Sea,Furniture,2225.0,10.64,3601.0,40FT,108.51,Peak,Carrier_C,7.0,72849.0
SHP02226M,Mumbai,London,Sea,Machinery,2226.0,0.5,11825.0,20FT,107.73,Peak,Carrier_C,25.0,123278.0
SHP02227M,Mumbai,Shanghai,Sea,Automotive Parts,2227.0,5.62,1325.0,LCL,81.05,Normal,Carrier_A,8.0,28223.0
SHP02228D,Delhi,Hamburg,Sea,Chemicals,2228.0,10.01,5640.0,AIR_CARGO,103.22,Normal,Carrier_C,14.0,71118.0
SHP02229H,Hyderabad,Singapore,Sea,Automotive Parts,2229.0,13.02,7641.0,LCL,100.08,Normal,Carrier_C,16.0,84109.0
SHP02230H,Hyderabad,Jebel Ali,Sea,General Merchandise,2230.0,5.51,7580.0,LCL,86.05,Normal,Carrier_D,13.0,61157.0
SHP02231P,Pune,Shanghai,Air,Automotive Parts,2231.0,1.61,8996.0,20FT,84.09,Peak,Carrier_D,19.0,239014.0
SHP02232H,Hyderabad,London,Sea,Electronics,2232.0,4.45,8831.0,40FT,85.02,Peak,Carrier_B,20.0,79899.0
SHP02233B,Bengaluru,Dubai,Road,Machinery,2233.0,2.98,9621.0,40FT,104.23,Normal,Carrier_D,19.0,146925.0
SHP02234M,Mumbai,London,Road,Textiles,2234.0,5.35,3194.0,AIR_CARGO,87.77,Peak,Carrier_B,10.0,48031.0
SHP02235D,Delhi,Shanghai,Air,Furniture,2235.0,12.29,4761.0,40FT_HC,86.12,Normal,Carrier_D,11.0,232813.0
SHP02236K,Kolkata,New York,Sea,Furniture,2236.0,2.67,4893.0,40FT_HC,75.9,Normal,Carrier_E,11.0,48118.0
SHP02237A,Mumbai,Los Angeles,Sea,Machinery,2237.0,5.53,11492.0,40FT_HC,111.33,Off_Peak,Carrier_D,22.0,159090.0
SHP02238H,Hyderabad,Colombo,Sea,Chemicals,2238.0,20.22,5207.0,AIR_CARGO,105.11,Peak,Carrier_B,9.0,94912.0
SHP02239K,Kolkata,Rotterdam,Sea,Automotive Parts,2239.0,20.4,3051.0,LCL,93.91,Normal,Carrier_C,7.0,49487.0
SHP02240K,Kolkata,Dubai,Sea,Chemicals,2240.0,6.08,7772.0,40FT,112.72,Normal,Carrier_D,15.0,104618.0
SHP02241C,Chennai,Colombo,Air,Textiles,2241.0,14.91,5414.0,40FT,86.74,Peak,Carrier_C,13.0,219855.0
SHP02242B,Bengaluru,London,Sea,Chemicals,2242.0,7.3,3376.0,LCL,101.99,Normal,Carrier_C,8.0,48900.0
SHP02243D,Delhi,Jebel Ali,Sea,General Merchandise,2243.0,8.84,8724.0,40FT,87.21,Normal,Carrier_D,20.0,77067.0
SHP02244B,Bengaluru,Rotterdam,Sea,Machinery,2244.0,16.77,2707.0,40FT,87.58,Normal,Carrier_D,7.0,66573.0
SHP02245C,Chennai,Dubai,Road,Textiles,2245.0,0.5,7784.0,40FT_HC,108.79,Normal,Carrier_E,15.0,119342.0
SHP02246D,Delhi,Colombo,Sea,Textiles,2246.0,0.5,5451.0,40FT_HC,106.48,Off_Peak,Carrier_B,10.0,68444.0
SHP02247D,Delhi,Rotterdam,Sea,Pharmaceuticals,2247.0,8.85,4170.0,20FT,86.76,Normal,Carrier_D,8.0,40332.0
SHP02248M,Mumbai,Rotterdam,Sea,Textiles,2248.0,4.58,11379.0,20FT,78.26,Normal,Carrier_C,23.0,219265.0
SHP02249B,Bengaluru,Dubai,Sea,Pharmaceuticals,2249.0,11.67,4231.0,40FT,89.3,Normal,Carrier_C,9.0,54666.0
SHP02250B,Bengaluru,Singapore,Sea,Electronics,2250.0,0.5,4496.0,40FT_HC,105.4,Normal,Carrier_D,8.0,71408.0
SHP02251M,Mumbai,Los Angeles,Sea,Furniture,2251.0,1.26,10512.0,20FT,79.02,Peak,Carrier_B,23.0,65261.0
SHP02252P,Pune,Singapore,Road,Pharmaceuticals,2252.0,7.74,1984.0,20FT,101.88,Normal,Carrier_C,6.0,49472.0
SHP02253K,Kolkata,Rotterdam,Sea,Machinery,2253.0,4.42,1743.0,40FT_HC,110.59,Normal,Carrier_E,6.0,122826.0
SHP02254C,Chennai,Shanghai,Air,Chemicals,2254.0,9.73,3751.0,20FT,82.17,Peak,Carrier_C,7.0,145386.0
SHP02255B,Bengaluru,Hamburg,Road,Pharmaceuticals,2255.0,0.5,7304.0,LCL,109.49,Normal,Carrier_B,13.0,111541.0
SHP02256M,Mumbai,Shanghai,Sea,Textiles,2256.0,0.5,4919.0,LCL,77.05,Peak,Carrier_A,11.0,40504.0
SHP02257A,Mumbai,Dubai,Sea,Machinery,2257.0,2.67,7498.0,40FT_HC,101.68,Normal,Carrier_E,12.0,72639.0
SHP02258P,Pune,Rotterdam,Sea,Pharmaceuticals,2258.0,2.93,2337.0,40FT_HC,106.64,Normal,Carrier_E,8.0,60056.0
SHP02259D,Delhi,Rotterdam,Sea,Pharmaceuticals,2259.0,11.99,3507.0,20FT,92.79,Normal,Carrier_A,7.0,54177.0
SHP02260H,Hyderabad,Jebel Ali,Sea,Textiles,2260.0,10.5,6999.0,40FT,83.15,Normal,Carrier_E,14.0,56995.0
SHP02261A,Mumbai,Los Angeles,Sea,General Merchandise,2261.0,16.68,2997.0,AIR_CARGO,111.99,Normal,Carrier_E,8.0,310375.0
SHP02262M,Mumbai,Jebel Ali,Sea,General Merchandise,2262.0,9.15,5362.0,LCL,75.8,Normal,Carrier_E,11.0,36711.0
SHP02263H,Hyderabad,Dubai,Road,Pharmaceuticals,2263.0,9.58,7085.0,LCL,97.2,Normal,Carrier_C,13.0,84520.0
SHP02264K,Kolkata,New York,Sea,General Merchandise,2264.0,2.54,11697.0,40FT_HC,89.91,Off_Peak,Carrier_C,26.0,76987.0
SHP02265C,Chennai,Singapore,Sea,Automotive Parts,2265.0,6.93,1419.0,40FT,93.44,Off_Peak,Carrier_D,2.0,40965.0
SHP02266H,Hyderabad,Jebel Ali,Sea,Textiles,2266.0,1.56,5795.0,40FT_HC,96.46,Off_Peak,Carrier_D,8.0,62084.0
SHP02267P,Pune,Dubai,Sea,Automotive Parts,2267.0,1.91,5057.0,20FT,96.39,Peak,Carrier_C,13.0,65943.0
SHP02268K,Kolkata,Singapore,Air,Machinery,2268.0,6.37,9979.0,40FT,83.14,Normal,Carrier_E,17.0,220774.0
SHP02269H,Hyderabad,Dubai,Sea,Automotive Parts,2269.0,8.05,10853.0,20FT,102.19,Normal,Carrier_B,24.0,103138.0
SHP02270D,Delhi,New York,Sea,Machinery,2270.0,5.87,10931.0,LCL,75.77,Normal,Carrier_A,23.0,54913.0
SHP02271D,Delhi,Los Angeles,Sea,Pharmaceuticals,2271.0,35.86,4814.0,40FT_HC,75.85,Peak,Carrier_D,11.0,69120.0
SHP02272P,Pune,Los Angeles,Sea,Machinery,2272.0,7.62,4004.0,40FT_HC,94.14,Normal,Carrier_E,8.0,59777.0
SHP02273D,Delhi,Dubai,Sea,Machinery,2273.0,1.84,5665.0,AIR_CARGO,96.68,Off_Peak,Carrier_D,11.0,61263.0
SHP02274D,Delhi,Jebel Ali,Air,Chemicals,2274.0,8.41,4456.0,40FT,86.0,Normal,Carrier_B,9.0,133228.0
SHP02275M,Mumbai,Los Angeles,Sea,Automotive Parts,2275.0,40.08,8767.0,LCL,97.07,Normal,Carrier_E,16.0,164558.0
SHP02276D,Delhi,Hamburg,Sea,Chemicals,2276.0,2.86,2956.0,AIR_CARGO,95.64,Peak,Carrier_C,10.0,43770.0
SHP02277A,Mumbai,Jebel Ali,Air,Pharmaceuticals,2277.0,7.79,8075.0,AIR_CARGO,88.97,Normal,Carrier_B,15.0,214106.0
SHP02278D,Delhi,Colombo,Sea,Textiles,2278.0,5.79,11160.0,40FT_HC,101.07,Normal,Carrier_D,23.0,112517.0
SHP02279A,Mumbai,London,Sea,Automotive Parts,2279.0,9.29,3719.0,40FT,113.32,Peak,Carrier_E,11.0,79972.0
SHP02280M,Mumbai,Dubai,Sea,Textiles,2280.0,0.5,8284.0,40FT_HC,94.63,Off_Peak,Carrier_E,15.0,73184.0
SHP02281D,Delhi,Dubai,Sea,Textiles,2281.0,8.44,2151.0,40FT,106.44,Normal,Carrier_A,7.0,48798.0
SHP02282P,Pune,Dubai,Sea,Machinery,2282.0,14.07,1896.0,AIR_CARGO,84.9,Normal,Carrier_A,4.0,34374.0
SHP02283K,Kolkata,New York,Sea,Furniture,2283.0,5.35,1830.0,20FT,105.48,Off_Peak,Carrier_A,5.0,39888.0
SHP02284P,Pune,Dubai,Sea,Automotive Parts,2284.0,5.68,2093.0,LCL,100.96,Normal,Carrier_C,5.0,48263.0
SHP02285K,Kolkata,Los Angeles,Sea,Textiles,2285.0,24.95,2986.0,AIR_CARGO,100.59,Normal,Carrier_E,6.0,72411.0
SHP02286B,Bengaluru,Los Angeles,Sea,Furniture,2286.0,3.51,6973.0,40FT_HC,110.72,Normal,Carrier_E,15.0,93137.0
SHP02287K,Kolkata,London,Road,General Merchandise,2287.0,1.27,9320.0,LCL,84.33,Normal,Carrier_D,17.0,102860.0
SHP02288C,Chennai,London,Sea,Textiles,2288.0,1.13,1959.0,AIR_CARGO,89.74,Peak,Carrier_C,7.0,35562.0
SHP02289C,Chennai,Shanghai,Sea,General Merchandise,2289.0,21.35,10505.0,40FT,78.32,Peak,Carrier_A,19.0,84011.0
SHP02290C,Chennai,Jebel Ali,Sea,Automotive Parts,2290.0,4.9,10191.0,40FT_HC,104.04,Normal,Carrier_E,18.0,97869.0
SHP02291M,Mumbai,Los Angeles,Sea,Pharmaceuticals,2291.0,3.84,8865.0,AIR_CARGO,108.75,Peak,Carrier_A,18.0,105116.0
SHP02292P,Pune,Los Angeles,Sea,Chemicals,2292.0,9.44,5399.0,40FT,91.23,Normal,Carrier_B,11.0,58371.0
SHP02293K,Kolkata,New York,Sea,Automotive Parts,2293.0,7.73,518.0,40FT,89.27,Normal,Carrier_C,4.0,32550.0
SHP02294P,Pune,Los Angeles,Sea,Chemicals,2294.0,10.76,8950.0,40FT,101.35,Normal,Carrier_A,18.0,93008.0
SHP02295A,Mumbai,Los Angeles,Sea,Chemicals,2295.0,5.52,10608.0,LCL,78.02,Peak,Carrier_C,18.0,69960.0
SHP02296C,Chennai,Shanghai,Sea,Automotive Parts,2296.0,7.54,4356.0,40FT_HC,86.75,Peak,Carrier_E,12.0,67928.0
SHP02297B,Bengaluru,Hamburg,Sea,Textiles,2297.0,3.76,8757.0,40FT,89.65,Normal,Carrier_B,17.0,76459.0
SHP02298M,Mumbai,Shanghai,Sea,Electronics,2298.0,15.03,1214.0,AIR_CARGO,95.74,Normal,Carrier_D,5.0,51963.0
SHP02299B,Bengaluru,Hamburg,Sea,Textiles,2299.0,7.31,8659.0,40FT,94.06,Peak,Carrier_B,22.0,94684.0
SHP02300K,Kolkata,Shanghai,Sea,Textiles,2300.0,6.05,1286.0,40FT_HC,83.35,Normal,Carrier_C,7.0,41201.0
SHP02301D,Delhi,Los Angeles,Sea,Pharmaceuticals,2301.0,10.4,7253.0,LCL,96.63,Normal,Carrier_B,16.0,229053.0
SHP02302B,Bengaluru,Shanghai,Sea,Machinery,2302.0,12.08,7372.0,40FT,112.03,Peak,Carrier_E,13.0,107752.0
SHP02303D,Delhi,Los Angeles,Sea,Machinery,2303.0,5.98,3975.0,AIR_CARGO,76.08,Normal,Carrier_C,7.0,33614.0
SHP02304M,Mumbai,Los Angeles,Sea,Textiles,2304.0,4.32,1410.0,40FT_HC,102.21,Normal,Carrier_C,7.0,48748.0
SHP02305B,Bengaluru,London,Road,General Merchandise,2305.0,14.87,11417.0,40FT,99.99,Off_Peak,Carrier_E,22.0,129349.0
SHP02306B,Bengaluru,Rotterdam,Sea,Pharmaceuticals,2306.0,0.5,6659.0,LCL,111.98,Peak,Carrier_A,14.0,82911.0
SHP02307H,Hyderabad,Hamburg,Sea,Chemicals,2307.0,0.5,7167.0,20FT,100.81,Normal,Carrier_D,13.0,78974.0
SHP02308M,Mumbai,Colombo,Sea,Furniture,2308.0,6.73,7573.0,AIR_CARGO,99.99,Off_Peak,Carrier_B,17.0,67036.0
SHP02309M,Mumbai,Jebel Ali,Sea,Machinery,2309.0,2.79,10747.0,40FT,105.79,Normal,Carrier_D,24.0,113699.0
SHP02310C,Chennai,Jebel Ali,Sea,Textiles,2310.0,0.5,1193.0,40FT,85.71,Normal,Carrier_D,7.0,40932.0
SHP02311K,Kolkata,Shanghai,Sea,Pharmaceuticals,2311.0,5.71,10773.0,20FT,98.83,Peak,Carrier_E,21.0,111186.0
SHP02312B,Bengaluru,Rotterdam,Sea,Electronics,2312.0,11.83,3256.0,40FT_HC,95.78,Off_Peak,Carrier_A,9.0,61131.0
SHP02313P,Pune,New York,Sea,General Merchandise,2313.0,4.96,1396.0,20FT,92.54,Normal,Carrier_D,4.0,35085.0
SHP02314B,Bengaluru,Colombo,Air,Automotive Parts,2314.0,7.9,8059.0,40FT_HC,78.18,Normal,Carrier_C,18.0,179646.0
SHP02315A,Mumbai,Jebel Ali,Road,Textiles,2315.0,18.14,11735.0,40FT,86.71,Peak,Carrier_A,23.0,150256.0
SHP02316M,Mumbai,Singapore,Sea,Pharmaceuticals,2316.0,3.92,1158.0,20FT,86.2,Peak,Carrier_E,2.0,30535.0
SHP02317P,Pune,Dubai,Sea,Textiles,2317.0,10.18,5400.0,40FT,103.97,Normal,Carrier_D,14.0,76197.0
SHP02318M,Mumbai,Singapore,Sea,Furniture,2318.0,16.85,6593.0,20FT,111.83,Normal,Carrier_E,14.0,89960.0
SHP02319K,Kolkata,New York,Sea,Chemicals,2319.0,2.36,3399.0,40FT,84.23,Normal,Carrier_B,7.0,42656.0
SHP02320M,Mumbai,Colombo,Sea,General Merchandise,2320.0,16.19,11803.0,40FT,77.98,Normal,Carrier_E,24.0,78675.0
SHP02321D,Delhi,Jebel Ali,Road,Machinery,2321.0,8.6,7871.0,40FT,115.0,Normal,Carrier_C,15.0,127956.0
SHP02322D,Delhi,Shanghai,Air,Machinery,2322.0,0.5,10210.0,LCL,102.65,Normal,Carrier_E,21.0,302154.0
SHP02323H,Hyderabad,Dubai,Sea,Machinery,2323.0,12.04,5281.0,20FT,110.46,Normal,Carrier_A,11.0,76312.0
SHP02324D,Delhi,Hamburg,Sea,Furniture,2324.0,5.68,4570.0,LCL,80.76,Normal,Carrier_B,9.0,41328.0
SHP02325D,Delhi,Jebel Ali,Air,Automotive Parts,2325.0,22.11,6861.0,40FT,107.03,Normal,Carrier_C,19.0,354102.0
SHP02326K,Kolkata,Jebel Ali,Road,Pharmaceuticals,2326.0,2.5,5506.0,AIR_CARGO,107.53,Normal,Carrier_B,10.0,91989.0
SHP02327B,Bengaluru,New York,Air,General Merchandise,2327.0,6.11,8722.0,40FT_HC,81.06,Peak,Carrier_C,19.0,225716.0
SHP02328D,Delhi,Jebel Ali,Sea,General Merchandise,2328.0,1.05,3557.0,20FT,81.46,Normal,Carrier_B,9.0,42769.0
SHP02329P,Pune,Colombo,Sea,Machinery,2329.0,6.74,5670.0,20FT,86.82,Off_Peak,Carrier_D,10.0,52171.0
SHP02330H,Hyderabad,Rotterdam,Sea,Machinery,2330.0,1.68,10794.0,40FT_HC,83.67,Normal,Carrier_E,21.0,78356.0
SHP02331M,Mumbai,Colombo,Sea,Chemicals,2331.0,11.96,9195.0,LCL,114.02,Normal,Carrier_A,16.0,102709.0
SHP02332D,Delhi,Hamburg,Sea,Furniture,2332.0,7.68,2433.0,40FT_HC,89.52,Peak,Carrier_A,11.0,47747.0
SHP02333H,Hyderabad,Rotterdam,Sea,Electronics,2333.0,5.66,10699.0,AIR_CARGO,105.45,Normal,Carrier_D,21.0,115384.0
SHP02334K,Kolkata,Jebel Ali,Air,Electronics,2334.0,0.5,7274.0,40FT,107.2,Normal,Carrier_B,15.0,283524.0
SHP02335A,Mumbai,Jebel Ali,Sea,Textiles,2335.0,8.71,8312.0,40FT_HC,90.44,Peak,Carrier_E,21.0,85578.0
SHP02336A,Mumbai,Dubai,Sea,Textiles,2336.0,5.0,3884.0,40FT_HC,102.3,Normal,Carrier_D,7.0,68130.0
SHP02337A,Mumbai,Jebel Ali,Sea,General Merchandise,2337.0,11.14,5578.0,40FT,79.31,Normal,Carrier_B,15.0,57702.0
SHP02338M,Mumbai,Los Angeles,Sea,General Merchandise,2338.0,0.5,9778.0,20FT,90.88,Off_Peak,Carrier_E,21.0,71364.0
SHP02339H,Hyderabad,Hamburg,Sea,Automotive Parts,2339.0,7.42,4303.0,AIR_CARGO,113.69,Normal,Carrier_B,6.0,73203.0
SHP02340D,Delhi,London,Sea,Automotive Parts,2340.0,22.05,2398.0,40FT_HC,81.74,Normal,Carrier_A,6.0,36988.0
SHP02341B,Bengaluru,Shanghai,Air,Electronics,2341.0,2.95,4851.0,40FT_HC,90.43,Off_Peak,Carrier_E,12.0,141144.0
SHP02342M,Mumbai,Dubai,Sea,Furniture,2342.0,13.17,1296.0,20FT,106.62,Normal,Carrier_A,4.0,50427.0
SHP02343M,Mumbai,Singapore,Sea,Textiles,2343.0,9.31,8755.0,AIR_CARGO,101.62,Normal,Carrier_A,18.0,85220.0
SHP02344A,Mumbai,Rotterdam,Sea,Electronics,2344.0,3.31,2199.0,40FT,100.26,Normal,Carrier_E,5.0,42461.0
SHP02345B,Bengaluru,London,Road,Furniture,2345.0,11.42,3779.0,40FT,109.13,Normal,Carrier_D,7.0,99632.0
SHP02346A,Mumbai,Shanghai,Air,Electronics,2346.0,6.33,10632.0,LCL,76.16,Peak,Carrier_B,21.0,232782.0
SHP02347M,Mumbai,Jebel Ali,Air,Textiles,2347.0,2.99,6716.0,AIR_CARGO,105.85,Peak,Carrier_E,18.0,297884.0
SHP02348D,Delhi,Colombo,Sea,Pharmaceuticals,2348.0,11.88,4195.0,AIR_CARGO,110.3,Normal,Carrier_A,8.0,73145.0
SHP02349A,Mumbai,Los Angeles,Sea,Automotive Parts,2349.0,13.6,6798.0,40FT_HC,75.65,Normal,Carrier_B,13.0,54166.0
SHP02350A,Mumbai,Rotterdam,Sea,Chemicals,2350.0,3.78,3010.0,LCL,97.36,Normal,Carrier_E,8.0,44307.0
SHP02351P,Pune,Rotterdam,Sea,Chemicals,2351.0,13.65,789.0,40FT,88.94,Normal,Carrier_D,1.0,46265.0
SHP02352A,Mumbai,Rotterdam,Sea,Chemicals,2352.0,13.06,7443.0,AIR_CARGO,77.03,Normal,Carrier_E,16.0,76766.0
SHP02353M,Mumbai,Hamburg,Sea,Textiles,2353.0,14.2,8712.0,AIR_CARGO,91.71,Normal,Carrier_E,15.0,80617.0
SHP02354D,Delhi,Rotterdam,Sea,Machinery,2354.0,8.43,10617.0,20FT,100.76,Normal,Carrier_C,19.0,127839.0
SHP02355B,Bengaluru,Dubai,Air,Machinery,2355.0,11.42,9377.0,40FT,111.76,Peak,Carrier_B,17.0,393299.0
SHP02356C,Chennai,Shanghai,Sea,Machinery,2356.0,0.83,11157.0,20FT,99.82,Peak,Carrier_E,19.0,109372.0
SHP02357B,Bengaluru,Colombo,Road,General Merchandise,2357.0,0.5,11838.0,LCL,109.27,Normal,Carrier_A,26.0,150254.0
SHP02358D,Delhi,Dubai,Sea,Automotive Parts,2358.0,7.18,9067.0,AIR_CARGO,79.86,Peak,Carrier_A,20.0,68941.0
SHP02359K,Kolkata,Dubai,Sea,Automotive Parts,2359.0,1.14,10481.0,LCL,83.42,Normal,Carrier_C,23.0,71674.0
SHP02360A,Mumbai,Los Angeles,Sea,Pharmaceuticals,2360.0,8.44,8248.0,20FT,113.81,Normal,Carrier_A,19.0,100004.0
SHP02361B,Bengaluru,Colombo,Sea,Pharmaceuticals,2361.0,4.4,2466.0,40FT,110.5,Normal,Carrier_E,6.0,55193.0
SHP02362K,Kolkata,Los Angeles,Sea,General Merchandise,2362.0,7.82,2590.0,AIR_CARGO,84.41,Peak,Carrier_B,7.0,43877.0
SHP02363K,Kolkata,Rotterdam,Sea,Electronics,2363.0,6.16,1768.0,40FT,99.84,Off_Peak,Carrier_C,7.0,40804.0
SHP02364D,Delhi,Rotterdam,Sea,Furniture,2364.0,10.2,11344.0,LCL,89.51,Normal,Carrier_C,26.0,82021.0
SHP02365D,Delhi,Dubai,Sea,Pharmaceuticals,2365.0,0.5,8237.0,40FT_HC,93.74,Peak,Carrier_D,14.0,92637.0
SHP02366P,Pune,Dubai,Sea,Chemicals,2366.0,0.69,9584.0,40FT,109.44,Peak,Carrier_D,24.0,130198.0
SHP02367A,Mumbai,Rotterdam,Sea,Machinery,2367.0,10.34,4308.0,40FT,104.43,Normal,Carrier_B,7.0,71646.0
SHP02368C,Chennai,New York,Sea,Chemicals,2368.0,7.07,5795.0,40FT,84.54,Normal,Carrier_B,12.0,58115.0
SHP02369H,Hyderabad,Shanghai,Sea,Machinery,2369.0,6.45,957.0,AIR_CARGO,87.64,Peak,Carrier_C,4.0,24969.0
SHP02370M,Mumbai,Hamburg,Air,Chemicals,2370.0,11.82,10724.0,LCL,86.59,Normal,Carrier_E,22.0,292941.0
SHP02371B,Bengaluru,London,Air,Electronics,2371.0,6.73,10310.0,LCL,106.23,Off_Peak,Carrier_E,25.0,307628.0
SHP02372D,Delhi,Jebel Ali,Air,Furniture,2372.0,4.84,9525.0,AIR_CARGO,94.6,Normal,Carrier_D,21.0,325091.0
SHP02373B,Bengaluru,Singapore,Air,Chemicals,2373.0,0.76,1170.0,40FT,113.03,Normal,Carrier_B,5.0,127085.0
SHP02374H,Hyderabad,Colombo,Sea,Chemicals,2374.0,2.99,2504.0,40FT,107.67,Normal,Carrier_B,9.0,54802.0
SHP02375H,Hyderabad,Los Angeles,Sea,Textiles,2375.0,2.53,4343.0,40FT_HC,83.45,Peak,Carrier_E,11.0,150750.0
SHP02376A,Mumbai,Colombo,Sea,Furniture,2376.0,2.4,3525.0,40FT,106.44,Normal,Carrier_D,7.0,66544.0
SHP02377K,Kolkata,Rotterdam,Sea,Chemicals,2377.0,12.28,10142.0,20FT,95.24,Off_Peak,Carrier_E,21.0,82890.0
SHP02378A,Mumbai,London,Air,Textiles,2378.0,0.5,2741.0,40FT,85.15,Peak,Carrier_E,7.0,117335.0
SHP02379M,Mumbai,Singapore,Sea,Automotive Parts,2379.0,0.5,6619.0,40FT_HC,89.53,Off_Peak,Carrier_C,12.0,49946.0
SHP02380C,Chennai,Dubai,Air,Furniture,2380.0,6.56,7071.0,20FT,113.89,Normal,Carrier_B,17.0,278316.0
SHP02381B,Bengaluru,Dubai,Air,General Merchandise,2381.0,3.59,5388.0,40FT_HC,94.36,Normal,Carrier_C,12.0,157832.0
SHP02382M,Mumbai,Los Angeles,Sea,Furniture,2382.0,2.79,3268.0,40FT_HC,103.78,Peak,Carrier_C,6.0,77984.0
SHP02383P,Pune,Shanghai,Road,Furniture,2383.0,22.01,11543.0,LCL,94.08,Normal,Carrier_E,21.0,150288.0
SHP02384C,Chennai,Jebel Ali,Sea,Chemicals,2384.0,1.44,5254.0,AIR_CARGO,89.86,Normal,Carrier_D,13.0,51495.0
SHP02385B,Bengaluru,Shanghai,Sea,Automotive Parts,2385.0,7.65,8864.0,40FT_HC,106.86,Normal,Carrier_E,20.0,101313.0
SHP02386M,Mumbai,London,Sea,Furniture,2386.0,3.63,2617.0,40FT,108.93,Normal,Carrier_D,8.0,64216.0
SHP02387D,Delhi,Shanghai,Sea,Pharmaceuticals,2387.0,6.13,9962.0,LCL,77.88,Normal,Carrier_B,21.0,63391.0
SHP02388B,Bengaluru,Los Angeles,Sea,Pharmaceuticals,2388.0,5.46,2983.0,20FT,86.16,Normal,Carrier_A,6.0,40136.0
SHP02389M,Mumbai,Singapore,Air,Textiles,2389.0,13.76,8266.0,AIR_CARGO,95.31,Peak,Carrier_B,17.0,347713.0
SHP02390H,Hyderabad,Singapore,Air,Chemicals,2390.0,2.6,6325.0,LCL,87.66,Normal,Carrier_E,13.0,193687.0
SHP02391C,Chennai,Singapore,Sea,Chemicals,2391.0,15.17,2185.0,40FT_HC,106.34,Peak,Carrier_D,6.0,69693.0
SHP02392M,Mumbai,Dubai,Sea,Furniture,2392.0,4.17,787.0,LCL,79.59,Normal,Carrier_A,3.0,22985.0
SHP02393D,Delhi,New York,Sea,Electronics,2393.0,15.34,11204.0,40FT,106.91,Normal,Carrier_D,21.0,126510.0
SHP02394A,Mumbai,London,Sea,Automotive Parts,2394.0,4.28,1945.0,40FT,99.72,Peak,Carrier_D,7.0,62202.0
SHP02395B,Bengaluru,Jebel Ali,Road,Machinery,2395.0,13.43,8607.0,40FT,86.57,Off_Peak,Carrier_A,16.0,82585.0
SHP02396P,Pune,London,Sea,Machinery,2396.0,11.25,8006.0,AIR_CARGO,88.78,Off_Peak,Carrier_A,14.0,66339.0
SHP02397B,Bengaluru,London,Sea,Electronics,2397.0,3.43,4430.0,LCL,82.32,Normal,Carrier_B,8.0,40875.0
SHP02398B,Bengaluru,Shanghai,Sea,Textiles,2398.0,6.01,2632.0,LCL,85.1,Peak,Carrier_C,9.0,43431.0
SHP02399D,Delhi,Hamburg,Sea,Machinery,2399.0,0.5,2551.0,40FT_HC,103.69,Normal,Carrier_A,7.0,53790.0
SHP02400C,Chennai,London,Sea,Furniture,2400.0,19.37,7231.0,20FT,90.04,Off_Peak,Carrier_C,12.0,62718.0
SHP02401B,Bengaluru,Los Angeles,Sea,Machinery,2401.0,7.19,6790.0,40FT,102.5,Peak,Carrier_C,16.0,78231.0
SHP02402C,Chennai,Hamburg,Sea,Pharmaceuticals,2402.0,5.5,10573.0,20FT,95.56,Off_Peak,Carrier_C,21.0,82601.0
SHP02403M,Mumbai,New York,Sea,Pharmaceuticals,2403.0,22.7,7860.0,20FT,80.81,Off_Peak,Carrier_C,15.0,50087.0
SHP02404H,Hyderabad,Los Angeles,Sea,General Merchandise,2404.0,0.61,9922.0,40FT,94.96,Normal,Carrier_A,20.0,80450.0
SHP02405P,Pune,London,Air,Automotive Parts,2405.0,0.5,873.0,40FT,105.26,Normal,Carrier_D,1.0,92718.0
SHP02406H,Hyderabad,Colombo,Sea,Textiles,2406.0,24.52,8216.0,40FT_HC,86.91,Normal,Carrier_A,17.0,79140.0
SHP02407C,Chennai,Dubai,Sea,Chemicals,2407.0,0.55,3188.0,AIR_CARGO,100.92,Normal,Carrier_A,5.0,49132.0
SHP02408C,Chennai,Shanghai,Sea,Automotive Parts,2408.0,1.1,3408.0,40FT,82.96,Normal,Carrier_E,7.0,38426.0
SHP02409H,Hyderabad,Rotterdam,Sea,Textiles,2409.0,2.9,8787.0,20FT,80.43,Peak,Carrier_E,17.0,87757.0
SHP02410B,Bengaluru,Jebel Ali,Sea,Machinery,2410.0,4.8,9624.0,40FT_HC,89.41,Normal,Carrier_B,21.0,85365.0
SHP02411K,Kolkata,Jebel Ali,Air,General Merchandise,2411.0,13.52,4775.0,LCL,90.57,Peak,Carrier_C,11.0,227737.0
SHP02412K,Kolkata,Los Angeles,Sea,Automotive Parts,2412.0,14.27,9586.0,40FT_HC,105.44,Normal,Carrier_C,21.0,110985.0
SHP02413D,Delhi,Jebel Ali,Sea,Machinery,2413.0,10.06,5603.0,40FT,93.4,Off_Peak,Carrier_E,10.0,56216.0
SHP02414P,Pune,Hamburg,Sea,Textiles,2414.0,2.73,10363.0,40FT,78.25,Normal,Carrier_D,21.0,67002.0
SHP02415A,Mumbai,Singapore,Sea,Automotive Parts,2415.0,6.22,786.0,AIR_CARGO,100.36,Normal,Carrier_B,4.0,42036.0
SHP02416H,Hyderabad,Colombo,Road,Chemicals,2416.0,0.5,1460.0,40FT_HC,93.77,Normal,Carrier_D,7.0,42891.0
SHP02417H,Hyderabad,Rotterdam,Sea,Automotive Parts,2417.0,8.23,9428.0,40FT,88.27,Normal,Carrier_E,17.0,65883.0
SHP02418D,Delhi,Jebel Ali,Sea,Machinery,2418.0,19.92,7677.0,20FT,107.09,Normal,Carrier_D,14.0,91406.0
SHP02419P,Pune,Jebel Ali,Sea,Furniture,2419.0,3.0,6929.0,20FT,81.18,Normal,Carrier_C,16.0,48386.0
SHP02420K,Kolkata,Los Angeles,Sea,Furniture,2420.0,4.97,7561.0,40FT_HC,111.53,Normal,Carrier_E,19.0,94799.0
SHP02421M,Mumbai,London,Sea,Automotive Parts,2421.0,3.91,11197.0,AIR_CARGO,88.36,Normal,Carrier_D,23.0,77312.0
SHP02422B,Bengaluru,Dubai,Sea,Chemicals,2422.0,9.07,8039.0,40FT_HC,93.44,Peak,Carrier_B,14.0,89529.0
SHP02423B,Bengaluru,Shanghai,Air,General Merchandise,2423.0,10.87,7946.0,AIR_CARGO,112.17,Peak,Carrier_B,14.0,344636.0
SHP02424M,Mumbai,Shanghai,Sea,General Merchandise,2424.0,13.22,9234.0,20FT,105.45,Peak,Carrier_A,19.0,102381.0
SHP02425M,Mumbai,Shanghai,Sea,Furniture,2425.0,14.03,10466.0,40FT,77.97,Normal,Carrier_E,22.0,64211.0
SHP02426P,Pune,Shanghai,Road,Machinery,2426.0,4.01,3512.0,LCL,98.13,Normal,Carrier_E,8.0,73590.0
SHP02427K,Kolkata,New York,Sea,Textiles,2427.0,5.63,7593.0,40FT,87.41,Peak,Carrier_E,14.0,72259.0
SHP02428D,Delhi,Rotterdam,Sea,Machinery,2428.0,0.5,7216.0,20FT,95.34,Peak,Carrier_C,17.0,95673.0
SHP02429M,Mumbai,London,Sea,General Merchandise,2429.0,5.83,2051.0,20FT,104.72,Normal,Carrier_C,5.0,48291.0
SHP02430D,Delhi,Dubai,Road,Electronics,2430.0,0.58,6484.0,40FT,94.85,Normal,Carrier_E,15.0,90503.0
SHP02431P,Pune,Dubai,Sea,Electronics,2431.0,16.46,1300.0,40FT,77.84,Normal,Carrier_D,1.0,27383.0
SHP02432A,Mumbai,Los Angeles,Sea,Automotive Parts,2432.0,10.47,2627.0,20FT,96.2,Peak,Carrier_C,9.0,132174.0
SHP02433C,Chennai,Colombo,Road,Chemicals,2433.0,12.42,10999.0,40FT,75.97,Off_Peak,Carrier_E,21.0,84213.0
SHP02434B,Bengaluru,Jebel Ali,Sea,Furniture,2434.0,9.72,1871.0,LCL,88.94,Off_Peak,Carrier_C,8.0,31761.0
SHP02435K,Kolkata,Jebel Ali,Road,Pharmaceuticals,2435.0,0.5,7158.0,LCL,94.12,Normal,Carrier_A,16.0,86554.0
SHP02436B,Bengaluru,London,Sea,Pharmaceuticals,2436.0,4.88,4220.0,40FT_HC,100.79,Normal,Carrier_B,7.0,67271.0
SHP02437K,Kolkata,New York,Sea,Pharmaceuticals,2437.0,22.6,6886.0,LCL,95.25,Normal,Carrier_A,15.0,75083.0
SHP02438P,Pune,Hamburg,Sea,Automotive Parts,2438.0,29.59,3202.0,20FT,81.08,Off_Peak,Carrier_E,11.0,42378.0
SHP02439C,Chennai,Singapore,Sea,Electronics,2439.0,6.03,5610.0,20FT,112.29,Normal,Carrier_B,11.0,69944.0
SHP02440B,Bengaluru,London,Sea,General Merchandise,2440.0,5.29,10474.0,40FT_HC,101.01,Off_Peak,Carrier_D,24.0,98617.0
SHP02441C,Chennai,Hamburg,Sea,Automotive Parts,2441.0,10.1,4826.0,AIR_CARGO,87.68,Peak,Carrier_E,12.0,63033.0
SHP02442P,Pune,Singapore,Sea,Pharmaceuticals,2442.0,18.82,4560.0,40FT_HC,113.64,Normal,Carrier_D,13.0,103824.0
SHP02443K,Kolkata,Dubai,Air,Pharmaceuticals,2443.0,3.26,5630.0,AIR_CARGO,110.3,Normal,Carrier_D,13.0,245181.0
SHP02444M,Mumbai,New York,Air,Furniture,2444.0,16.36,1656.0,AIR_CARGO,80.74,Normal,Carrier_C,5.0,106405.0
SHP02445A,Mumbai,London,Sea,Machinery,2445.0,6.28,4954.0,40FT,101.22,Normal,Carrier_C,15.0,61697.0
SHP02446B,Bengaluru,Shanghai,Sea,Pharmaceuticals,2446.0,16.95,579.0,LCL,97.4,Off_Peak,Carrier_B,4.0,36463.0
SHP02447C,Chennai,Dubai,Sea,Chemicals,2447.0,26.0,6289.0,AIR_CARGO,82.71,Normal,Carrier_B,13.0,62687.0
SHP02448H,Hyderabad,Hamburg,Sea,Pharmaceuticals,2448.0,0.5,10251.0,40FT,84.34,Normal,Carrier_C,21.0,73959.0
SHP02449B,Bengaluru,London,Sea,Machinery,2449.0,0.5,6849.0,40FT_HC,97.55,Normal,Carrier_B,13.0,71221.0
SHP02450B,Bengaluru,London,Sea,Pharmaceuticals,2450.0,17.64,7489.0,40FT_HC,87.85,Normal,Carrier_A,16.0,76799.0
SHP02451B,Bengaluru,Los Angeles,Sea,Chemicals,2451.0,9.94,851.0,AIR_CARGO,108.39,Normal,Carrier_E,6.0,50650.0
SHP02452D,Delhi,Rotterdam,Sea,General Merchandise,2452.0,14.26,10384.0,40FT,78.91,Normal,Carrier_A,21.0,100660.0
SHP02453C,Chennai,Dubai,Sea,Automotive Parts,2453.0,17.16,4928.0,20FT,111.56,Normal,Carrier_E,9.0,83327.0
SHP02454C,Chennai,London,Sea,Chemicals,2454.0,0.5,11711.0,LCL,108.62,Peak,Carrier_C,21.0,117052.0
SHP02455B,Bengaluru,Jebel Ali,Sea,Machinery,2455.0,3.63,1885.0,AIR_CARGO,104.54,Peak,Carrier_A,6.0,52370.0
SHP02456P,Pune,Jebel Ali,Sea,Automotive Parts,2456.0,12.75,11364.0,20FT,85.5,Off_Peak,Carrier_D,21.0,74771.0
SHP02457P,Pune,Rotterdam,Sea,Automotive Parts,2457.0,0.5,7794.0,LCL,103.6,Peak,Carrier_A,13.0,85048.0
SHP02458M,Mumbai,London,Sea,Machinery,2458.0,6.23,1102.0,20FT,92.55,Peak,Carrier_B,2.0,43087.0
SHP02459B,Bengaluru,Shanghai,Sea,Furniture,2459.0,8.59,11675.0,40FT,100.35,Normal,Carrier_A,26.0,104940.0
SHP02460D,Delhi,Rotterdam,Sea,Electronics,2460.0,8.54,660.0,AIR_CARGO,87.5,Normal,Carrier_C,3.0,31752.0
SHP02461K,Kolkata,Rotterdam,Sea,Pharmaceuticals,2461.0,5.67,8903.0,20FT,108.43,Normal,Carrier_C,18.0,113488.0
SHP02462D,Delhi,Hamburg,Road,Chemicals,2462.0,9.97,10730.0,20FT,76.62,Peak,Carrier_B,20.0,106277.0
SHP02463P,Pune,Hamburg,Sea,Machinery,2463.0,18.68,2522.0,20FT,102.66,Peak,Carrier_E,5.0,62225.0
SHP02464M,Mumbai,Colombo,Sea,General Merchandise,2464.0,7.66,4449.0,AIR_CARGO,108.15,Normal,Carrier_B,9.0,71055.0
SHP02465P,Pune,Dubai,Sea,Textiles,2465.0,12.54,6954.0,40FT,100.86,Normal,Carrier_E,14.0,78753.0
SHP02466P,Pune,Singapore,Sea,Machinery,2466.0,6.45,8318.0,40FT,82.68,Peak,Carrier_C,14.0,65959.0
SHP02467P,Pune,Rotterdam,Sea,Pharmaceuticals,2467.0,3.17,10527.0,20FT,86.4,Normal,Carrier_C,23.0,75800.0
SHP02468B,Bengaluru,Hamburg,Sea,Pharmaceuticals,2468.0,1.63,9252.0,40FT,95.6,Normal,Carrier_E,19.0,81627.0
SHP02469P,Pune,New York,Sea,Automotive Parts,2469.0,0.5,4678.0,LCL,88.18,Normal,Carrier_A,11.0,55240.0
SHP02470C,Chennai,Colombo,Sea,Automotive Parts,2470.0,9.03,9950.0,40FT,75.2,Normal,Carrier_A,22.0,59685.0
SHP02471A,Mumbai,London,Sea,Machinery,2471.0,0.5,11610.0,20FT,76.63,Normal,Carrier_B,25.0,64885.0
SHP02472H,Hyderabad,Dubai,Road,Textiles,2472.0,19.39,3110.0,LCL,105.71,Normal,Carrier_C,7.0,81838.0
SHP02473B,Bengaluru,London,Road,Furniture,2473.0,15.24,1352.0,AIR_CARGO,78.35,Normal,Carrier_A,6.0,32614.0
SHP02474M,Mumbai,Colombo,Air,Machinery,2474.0,5.79,5406.0,40FT_HC,112.12,Normal,Carrier_C,13.0,216198.0
SHP02475C,Chennai,Los Angeles,Sea,Textiles,2475.0,11.73,10636.0,40FT,92.71,Normal,Carrier_B,22.0,93226.0
SHP02476D,Delhi,Jebel Ali,Road,Furniture,2476.0,7.96,2228.0,LCL,105.33,Normal,Carrier_D,8.0,52424.0
SHP02477P,Pune,Dubai,Sea,Textiles,2477.0,1.69,10687.0,40FT_HC,80.02,Normal,Carrier_C,23.0,66511.0
SHP02478K,Kolkata,Jebel Ali,Air,Pharmaceuticals,2478.0,0.5,11910.0,AIR_CARGO,112.06,Normal,Carrier_D,25.0,409793.0
SHP02479K,Kolkata,New York,Sea,Pharmaceuticals,2479.0,2.75,1121.0,40FT_HC,76.35,Normal,Carrier_C,7.0,32398.0
SHP02480A,Mumbai,London,Air,Pharmaceuticals,2480.0,4.86,6195.0,AIR_CARGO,76.69,Off_Peak,Carrier_E,13.0,138423.0
SHP02481B,Bengaluru,Los Angeles,Sea,General Merchandise,2481.0,6.64,4282.0,20FT,77.18,Normal,Carrier_D,10.0,39335.0
SHP02482D,Delhi,New York,Road,Pharmaceuticals,2482.0,10.7,5027.0,20FT,79.14,Normal,Carrier_E,13.0,59077.0
SHP02483A,Mumbai,Singapore,Road,Chemicals,2483.0,0.5,5694.0,AIR_CARGO,94.47,Normal,Carrier_E,12.0,74305.0
SHP02484H,Hyderabad,London,Sea,Automotive Parts,2484.0,1.76,9007.0,40FT_HC,106.53,Peak,Carrier_B,19.0,118259.0
SHP02485H,Hyderabad,Colombo,Sea,Automotive Parts,2485.0,0.5,7300.0,40FT,86.4,Normal,Carrier_B,14.0,62650.0
SHP02486A,Mumbai,Los Angeles,Sea,Textiles,2486.0,5.48,11554.0,40FT_HC,104.83,Normal,Carrier_A,18.0,150794.0
SHP02487M,Mumbai,Dubai,Sea,Automotive Parts,2487.0,4.31,4327.0,40FT_HC,105.96,Normal,Carrier_D,11.0,80077.0
SHP02488K,Kolkata,Los Angeles,Sea,Electronics,2488.0,5.44,6727.0,40FT,111.33,Peak,Carrier_A,11.0,131221.0
SHP02489D,Delhi,London,Sea,Furniture,2489.0,9.23,9853.0,40FT_HC,80.97,Peak,Carrier_D,19.0,82610.0
SHP02490B,Bengaluru,Hamburg,Sea,Textiles,2490.0,12.28,4790.0,40FT_HC,80.42,Normal,Carrier_B,12.0,48149.0
SHP02491P,Pune,New York,Sea,Automotive Parts,2491.0,3.16,5851.0,LCL,79.88,Normal,Carrier_B,14.0,42517.0
SHP02492C,Chennai,Los Angeles,Sea,Electronics,2492.0,7.3,8377.0,AIR_CARGO,89.37,Normal,Carrier_B,20.0,72431.0
SHP02493B,Bengaluru,Jebel Ali,Air,Furniture,2493.0,9.28,10399.0,20FT,94.58,Normal,Carrier_D,17.0,322817.0
SHP02494B,Bengaluru,New York,Sea,General Merchandise,2494.0,10.83,5280.0,AIR_CARGO,93.46,Peak,Carrier_B,12.0,73478.0
SHP02495D,Delhi,Jebel Ali,Sea,Automotive Parts,2495.0,0.5,6617.0,40FT_HC,85.28,Normal,Carrier_A,14.0,56575.0
SHP02496K,Kolkata,Los Angeles,Sea,Electronics,2496.0,0.5,11714.0,40FT,99.88,Normal,Carrier_E,25.0,102713.0
SHP02497D,Delhi,Hamburg,Sea,Machinery,2497.0,4.99,988.0,40FT,88.53,Normal,Carrier_D,7.0,44707.0
SHP02498C,Chennai,New York,Road,Chemicals,2498.0,0.67,5655.0,20FT,89.64,Normal,Carrier_E,10.0,77103.0
SHP02499A,Mumbai,Colombo,Road,Machinery,2499.0,11.76,7814.0,20FT,79.22,Normal,Carrier_A,16.0,81987.0
SHP02500D,Delhi,New York,Sea,Electronics,2500.0,0.5,597.0,20FT,98.69,Normal,Carrier_C,5.0,35312.0
SHP02501M,Mumbai,Dubai,Air,Textiles,2501.0,2.76,7363.0,40FT,101.21,Normal,Carrier_B,15.0,226481.0
SHP02502B,Bengaluru,Los Angeles,Sea,Pharmaceuticals,2502.0,0.5,1146.0,40FT_HC,105.32,Normal,Carrier_A,8.0,130976.0
SHP02503K,Kolkata,Singapore,Sea,Pharmaceuticals,2503.0,3.51,10362.0,20FT,111.16,Peak,Carrier_C,20.0,117285.0
SHP02504P,Pune,London,Road,Pharmaceuticals,2504.0,4.54,9781.0,20FT,105.64,Normal,Carrier_D,19.0,132702.0
SHP02505H,Hyderabad,Rotterdam,Sea,Furniture,2505.0,4.37,871.0,40FT,84.43,Normal,Carrier_A,1.0,28905.0
SHP02506C,Chennai,Shanghai,Sea,Textiles,2506.0,12.52,1061.0,40FT_HC,84.43,Off_Peak,Carrier_D,4.0,29791.0
SHP02507H,Hyderabad,Singapore,Road,Furniture,2507.0,7.42,9167.0,20FT,111.6,Off_Peak,Carrier_E,13.0,135818.0
SHP02508B,Bengaluru,Jebel Ali,Sea,Automotive Parts,2508.0,13.95,4750.0,40FT_HC,106.61,Normal,Carrier_E,10.0,83190.0
SHP02509D,Delhi,Colombo,Air,Pharmaceuticals,2509.0,11.5,7113.0,LCL,106.29,Peak,Carrier_D,17.0,392168.0
SHP02510H,Hyderabad,Colombo,Road,Machinery,2510.0,13.01,3609.0,20FT,103.79,Normal,Carrier_E,6.0,78782.0
SHP02511M,Mumbai,Shanghai,Sea,Textiles,2511.0,1.44,2489.0,20FT,85.69,Off_Peak,Carrier_E,3.0,35399.0
SHP02512D,Delhi,Hamburg,Road,Textiles,2512.0,6.71,3905.0,40FT,108.9,Peak,Carrier_B,11.0,92169.0
SHP02513B,Bengaluru,Dubai,Sea,Pharmaceuticals,2513.0,17.31,3337.0,LCL,80.72,Normal,Carrier_D,11.0,50599.0
SHP02514H,Hyderabad,London,Sea,Machinery,2514.0,11.14,5656.0,LCL,89.0,Normal,Carrier_D,10.0,54215.0
SHP02515P,Pune,Singapore,Sea,General Merchandise,2515.0,25.11,9087.0,LCL,88.86,Normal,Carrier_C,22.0,80058.0
SHP02516A,Mumbai,Rotterdam,Sea,Textiles,2516.0,0.5,6872.0,AIR_CARGO,97.41,Normal,Carrier_B,15.0,96799.0
SHP02517C,Chennai,New York,Sea,Pharmaceuticals,2517.0,28.54,7506.0,40FT,93.54,Off_Peak,Carrier_A,18.0,77246.0
SHP02518H,Hyderabad,Shanghai,Sea,Chemicals,2518.0,7.06,5906.0,40FT,93.39,Off_Peak,Carrier_B,11.0,54028.0
SHP02519P,Pune,Hamburg,Air,Electronics,2519.0,0.5,4234.0,20FT,97.14,Off_Peak,Carrier_A,13.0,139250.0
SHP02520A,Mumbai,Colombo,Air,Furniture,2520.0,0.5,2150.0,40FT,91.62,Normal,Carrier_D,5.0,108583.0
SHP02521A,Mumbai,Rotterdam,Sea,Automotive Parts,2521.0,11.96,4578.0,20FT,85.0,Normal,Carrier_B,10.0,165226.0
SHP02522H,Hyderabad,Colombo,Sea,Textiles,2522.0,8.06,8150.0,20FT,101.56,Normal,Carrier_C,18.0,74170.0
SHP02523K,Kolkata,Los Angeles,Sea,Chemicals,2523.0,3.83,8938.0,AIR_CARGO,106.63,Normal,Carrier_E,17.0,86374.0
SHP02524H,Hyderabad,Shanghai,Sea,Chemicals,2524.0,8.99,5896.0,40FT,94.16,Peak,Carrier_A,10.0,72972.0
SHP02525B,Bengaluru,Hamburg,Air,Textiles,2525.0,1.81,7917.0,40FT,100.98,Normal,Carrier_E,17.0,238319.0
SHP02526A,Mumbai,New York,Sea,General Merchandise,2526.0,5.73,2921.0,AIR_CARGO,96.41,Normal,Carrier_D,7.0,49238.0
SHP02527C,Chennai,Jebel Ali,Sea,Electronics,2527.0,17.64,10391.0,AIR_CARGO,77.36,Peak,Carrier_D,19.0,90322.0
SHP02528B,Bengaluru,Hamburg,Road,Automotive Parts,2528.0,8.2,10458.0,40FT,91.92,Peak,Carrier_D,23.0,151182.0
SHP02529M,Mumbai,London,Sea,Textiles,2529.0,5.43,4184.0,40FT,75.39,Off_Peak,Carrier_E,14.0,32566.0
SHP02530D,Delhi,New York,Road,Furniture,2530.0,2.76,6799.0,20FT,101.48,Normal,Carrier_D,13.0,98528.0
SHP02531H,Hyderabad,Singapore,Air,Automotive Parts,2531.0,12.4,7477.0,40FT_HC,95.33,Normal,Carrier_D,16.0,259772.0
SHP02532K,Kolkata,Hamburg,Air,Machinery,2532.0,0.5,5933.0,20FT,80.07,Off_Peak,Carrier_E,12.0,127880.0
SHP02533C,Chennai,New York,Sea,Chemicals,2533.0,14.88,10978.0,LCL,96.69,Normal,Carrier_D,27.0,89698.0
SHP02534K,Kolkata,Singapore,Sea,Chemicals,2534.0,3.33,9007.0,LCL,110.94,Peak,Carrier_A,19.0,102700.0
SHP02535K,Kolkata,Hamburg,Air,Textiles,2535.0,2.85,8234.0,40FT_HC,88.62,Normal,Carrier_B,19.0,211300.0
SHP02536K,Kolkata,Rotterdam,Sea,Textiles,2536.0,10.31,6481.0,AIR_CARGO,114.29,Peak,Carrier_A,16.0,386679.0
SHP02537H,Hyderabad,Jebel Ali,Air,Furniture,2537.0,11.08,1476.0,LCL,113.38,Peak,Carrier_D,5.0,202949.0
SHP02538C,Chennai,Rotterdam,Sea,Machinery,2538.0,0.5,1740.0,AIR_CARGO,106.41,Off_Peak,Carrier_D,5.0,40576.0
SHP02539C,Chennai,London,Air,General Merchandise,2539.0,2.88,3939.0,AIR_CARGO,107.55,Normal,Carrier_D,12.0,192412.0
SHP02540A,Mumbai,New York,Air,Textiles,2540.0,14.18,2933.0,20FT,91.42,Normal,Carrier_D,9.0,176017.0
SHP02541K,Kolkata,Singapore,Air,Chemicals,2541.0,9.99,11454.0,AIR_CARGO,91.1,Normal,Carrier_E,21.0,289052.0
SHP02542A,Mumbai,Los Angeles,Sea,Automotive Parts,2542.0,0.5,5213.0,40FT_HC,113.18,Normal,Carrier_B,10.0,230397.0
SHP02543A,Mumbai,Hamburg,Air,Electronics,2543.0,8.35,10581.0,20FT,89.65,Normal,Carrier_E,20.0,261666.0
SHP02544D,Delhi,Los Angeles,Sea,Pharmaceuticals,2544.0,11.39,9908.0,40FT_HC,78.87,Peak,Carrier_E,22.0,78492.0
SHP02545H,Hyderabad,Hamburg,Sea,Automotive Parts,2545.0,0.5,9845.0,AIR_CARGO,81.11,Normal,Carrier_D,23.0,66381.0
SHP02546H,Hyderabad,London,Sea,General Merchandise,2546.0,2.26,2981.0,LCL,103.42,Normal,Carrier_A,12.0,47634.0
SHP02547B,Bengaluru,Los Angeles,Sea,Electronics,2547.0,10.3,5644.0,AIR_CARGO,90.32,Normal,Carrier_A,11.0,52964.0
SHP02548P,Pune,Singapore,Sea,Automotive Parts,2548.0,4.65,4156.0,40FT_HC,82.97,Normal,Carrier_C,10.0,39637.0
SHP02549A,Mumbai,Dubai,Sea,Automotive Parts,2549.0,9.89,11660.0,40FT,107.55,Peak,Carrier_B,22.0,126245.0
SHP02550H,Hyderabad,Rotterdam,Sea,Machinery,2550.0,2.22,10583.0,40FT,94.55,Normal,Carrier_C,21.0,86617.0
SHP02551K,Kolkata,Singapore,Sea,Pharmaceuticals,2551.0,4.21,3374.0,LCL,97.71,Normal,Carrier_E,10.0,53800.0
SHP02552P,Pune,Colombo,Sea,Furniture,2552.0,14.14,4105.0,40FT_HC,81.16,Normal,Carrier_C,9.0,45657.0
SHP02553M,Mumbai,Shanghai,Air,General Merchandise,2553.0,0.5,6582.0,LCL,82.71,Off_Peak,Carrier_C,17.0,134849.0
SHP02554K,Kolkata,London,Road,Chemicals,2554.0,1.27,3704.0,20FT,80.03,Normal,Carrier_C,8.0,38498.0
SHP02555C,Chennai,Jebel Ali,Sea,Machinery,2555.0,5.62,9982.0,AIR_CARGO,95.58,Off_Peak,Carrier_B,22.0,71319.0
SHP02556H,Hyderabad,Hamburg,Road,Electronics,2556.0,17.45,9921.0,20FT,106.03,Normal,Carrier_A,19.0,150587.0
SHP02557P,Pune,Singapore,Sea,Pharmaceuticals,2557.0,1.67,8830.0,40FT,104.29,Off_Peak,Carrier_A,14.0,81248.0
SHP02558H,Hyderabad,Los Angeles,Sea,Chemicals,2558.0,6.22,8427.0,AIR_CARGO,85.45,Normal,Carrier_C,15.0,59523.0
SHP02559B,Bengaluru,Shanghai,Sea,Machinery,2559.0,2.38,6794.0,20FT,109.06,Normal,Carrier_B,15.0,77003.0
SHP02560A,Mumbai,Dubai,Sea,Pharmaceuticals,2560.0,1.9,4492.0,40FT,79.23,Off_Peak,Carrier_A,14.0,37466.0
SHP02561M,Mumbai,Colombo,Air,Furniture,2561.0,3.65,10125.0,20FT,79.56,Normal,Carrier_D,19.0,224348.0
SHP02562H,Hyderabad,Los Angeles,Sea,General Merchandise,2562.0,0.5,10377.0,AIR_CARGO,108.97,Off_Peak,Carrier_A,21.0,301149.0
SHP02563B,Bengaluru,Rotterdam,Sea,Textiles,2563.0,0.5,1069.0,20FT,84.78,Normal,Carrier_A,5.0,32808.0
SHP02564B,Bengaluru,Dubai,Sea,Furniture,2564.0,2.8,5084.0,AIR_CARGO,103.32,Normal,Carrier_B,10.0,66807.0
SHP02565M,Mumbai,Shanghai,Sea,Textiles,2565.0,10.16,806.0,20FT,75.36,Normal,Carrier_B,2.0,23766.0
SHP02566K,Kolkata,New York,Sea,Electronics,2566.0,3.86,10154.0,LCL,78.74,Peak,Carrier_A,21.0,67970.0
SHP02567K,Kolkata,New York,Sea,Textiles,2567.0,19.37,2537.0,20FT,99.37,Normal,Carrier_D,6.0,54566.0
SHP02568K,Kolkata,Shanghai,Sea,Machinery,2568.0,0.5,8249.0,20FT,82.3,Off_Peak,Carrier_D,13.0,58097.0
SHP02569D,Delhi,New York,Air,Electronics,2569.0,1.9,4610.0,LCL,76.13,Normal,Carrier_C,9.0,96807.0
SHP02570A,Mumbai,London,Road,Chemicals,2570.0,11.66,9885.0,40FT,93.68,Normal,Carrier_C,21.0,123189.0
SHP02571P,Pune,Singapore,Sea,Furniture,2571.0,3.04,6361.0,AIR_CARGO,88.22,Normal,Carrier_A,15.0,57071.0
SHP02572A,Mumbai,Hamburg,Road,Furniture,2572.0,6.3,4231.0,40FT_HC,107.09,Normal,Carrier_A,12.0,92319.0
SHP02573K,Kolkata,Singapore,Sea,General Merchandise,2573.0,25.54,4225.0,40FT,107.75,Peak,Carrier_A,12.0,90834.0
SHP02574M,Mumbai,Colombo,Sea,Electronics,2574.0,4.56,4260.0,AIR_CARGO,99.58,Normal,Carrier_D,8.0,59693.0
SHP02575D,Delhi,Singapore,Sea,Chemicals,2575.0,7.62,9569.0,20FT,86.72,Peak,Carrier_E,18.0,83646.0
SHP02576A,Mumbai,Singapore,Sea,Furniture,2576.0,17.09,8678.0,40FT,93.47,Normal,Carrier_C,16.0,81656.0
SHP02577K,Kolkata,Rotterdam,Sea,Electronics,2577.0,5.93,4171.0,20FT,103.09,Normal,Carrier_C,9.0,67605.0
SHP02578D,Delhi,Hamburg,Sea,Automotive Parts,2578.0,15.16,6137.0,40FT,77.77,Normal,Carrier_E,12.0,54870.0
SHP02579P,Pune,Singapore,Sea,Automotive Parts,2579.0,5.08,1376.0,40FT,88.3,Peak,Carrier_A,4.0,38756.0
SHP02580M,Mumbai,Hamburg,Sea,Electronics,2580.0,4.37,10016.0,40FT_HC,107.89,Normal,Carrier_C,18.0,105352.0
SHP02581K,Kolkata,Jebel Ali,Sea,Furniture,2581.0,14.9,3558.0,LCL,91.24,Normal,Carrier_D,10.0,45139.0
SHP02582P,Pune,New York,Road,Pharmaceuticals,2582.0,14.24,10726.0,40FT,99.99,Normal,Carrier_E,20.0,143016.0
SHP02583C,Chennai,Los Angeles,Sea,Textiles,2583.0,1.55,7363.0,20FT,78.85,Normal,Carrier_D,13.0,58491.0
SHP02584P,Pune,Rotterdam,Sea,Automotive Parts,2584.0,7.02,7030.0,40FT_HC,106.08,Normal,Carrier_A,16.0,83941.0
SHP02585H,Hyderabad,New York,Sea,Pharmaceuticals,2585.0,5.56,2371.0,40FT,79.02,Off_Peak,Carrier_C,8.0,29436.0
SHP02586M,Mumbai,Hamburg,Sea,Pharmaceuticals,2586.0,3.86,1300.0,LCL,109.46,Normal,Carrier_D,4.0,45762.0
SHP02587P,Pune,New York,Sea,General Merchandise,2587.0,5.68,6855.0,20FT,79.26,Normal,Carrier_E,16.0,51135.0
SHP02588P,Pune,Singapore,Air,Chemicals,2588.0,2.53,5882.0,40FT_HC,110.64,Normal,Carrier_A,14.0,245558.0
SHP02589B,Bengaluru,Los Angeles,Sea,Machinery,2589.0,3.84,1876.0,AIR_CARGO,89.55,Normal,Carrier_C,9.0,38992.0
SHP02590B,Bengaluru,Singapore,Air,Automotive Parts,2590.0,11.81,10109.0,LCL,99.98,Normal,Carrier_C,22.0,283918.0
SHP02591P,Pune,Colombo,Air,Electronics,2591.0,4.68,5298.0,AIR_CARGO,108.86,Normal,Carrier_A,15.0,215992.0
SHP02592P,Pune,Singapore,Air,Textiles,2592.0,1.92,3495.0,AIR_CARGO,75.41,Peak,Carrier_A,8.0,109792.0
SHP02593M,Mumbai,Los Angeles,Sea,Machinery,2593.0,1.56,9565.0,40FT_HC,85.63,Peak,Carrier_A,22.0,77725.0
SHP02594B,Bengaluru,Dubai,Sea,Chemicals,2594.0,1.64,11000.0,40FT_HC,111.33,Normal,Carrier_D,25.0,121564.0
SHP02595A,Mumbai,Jebel Ali,Sea,Pharmaceuticals,2595.0,8.74,4019.0,40FT_HC,90.53,Normal,Carrier_B,9.0,56266.0
SHP02596M,Mumbai,Hamburg,Air,Chemicals,2596.0,4.96,9423.0,AIR_CARGO,103.26,Normal,Carrier_C,18.0,298646.0
SHP02597C,Chennai,Jebel Ali,Sea,Furniture,2597.0,6.83,8004.0,20FT,80.6,Peak,Carrier_D,16.0,78446.0
SHP02598M,Mumbai,Colombo,Sea,Automotive Parts,2598.0,0.5,11882.0,40FT_HC,102.13,Peak,Carrier_E,24.0,116659.0
SHP02599K,Kolkata,Jebel Ali,Sea,Chemicals,2599.0,16.69,2846.0,LCL,77.93,Normal,Carrier_C,5.0,34650.0
SHP02600K,Kolkata,New York,Sea,Chemicals,2600.0,8.96,11548.0,40FT_HC,103.69,Normal,Carrier_B,22.0,110481.0
SHP02601D,Delhi,Shanghai,Sea,Textiles,2601.0,17.54,4126.0,40FT_HC,87.95,Normal,Carrier_E,12.0,56054.0
SHP02602B,Bengaluru,Rotterdam,Sea,Furniture,2602.0,5.04,5237.0,40FT_HC,93.63,Normal,Carrier_C,13.0,59241.0
SHP02603P,Pune,Los Angeles,Sea,Furniture,2603.0,3.87,4626.0,AIR_CARGO,81.65,Off_Peak,Carrier_B,6.0,119650.0
SHP02604H,Hyderabad,Rotterdam,Sea,Pharmaceuticals,2604.0,17.72,3587.0,20FT,100.11,Normal,Carrier_A,6.0,62483.0
SHP02605B,Bengaluru,Los Angeles,Sea,Textiles,2605.0,4.64,8472.0,40FT_HC,88.5,Normal,Carrier_B,22.0,70177.0
SHP02606A,Mumbai,Hamburg,Sea,Textiles,2606.0,10.38,7275.0,AIR_CARGO,90.34,Peak,Carrier_C,18.0,72693.0
SHP02607M,Mumbai,Jebel Ali,Sea,Electronics,2607.0,2.2,4015.0,LCL,101.09,Normal,Carrier_B,8.0,52818.0
SHP02608H,Hyderabad,Hamburg,Sea,Chemicals,2608.0,12.78,2020.0,20FT,82.15,Off_Peak,Carrier_C,3.0,30995.0
SHP02609H,Hyderabad,Singapore,Air,Chemicals,2609.0,2.84,4150.0,AIR_CARGO,109.08,Normal,Carrier_C,7.0,163227.0
SHP02610P,Pune,Singapore,Sea,Furniture,2610.0,5.86,4884.0,40FT,104.57,Normal,Carrier_B,12.0,63691.0
SHP02611P,Pune,Rotterdam,Sea,Chemicals,2611.0,0.5,4878.0,LCL,98.11,Normal,Carrier_B,15.0,171868.0
SHP02612B,Bengaluru,London,Sea,General Merchandise,2612.0,0.5,4608.0,LCL,80.13,Peak,Carrier_E,14.0,50554.0
SHP02613H,Hyderabad,London,Sea,Textiles,2613.0,13.97,1060.0,40FT,102.48,Normal,Carrier_E,1.0,47094.0
SHP02614H,Hyderabad,Shanghai,Air,Machinery,2614.0,0.5,5836.0,AIR_CARGO,75.72,Peak,Carrier_D,12.0,156663.0
SHP02615K,Kolkata,London,Sea,Furniture,2615.0,10.49,10116.0,AIR_CARGO,107.18,Normal,Carrier_C,19.0,93053.0
SHP02616C,Chennai,Colombo,Sea,Automotive Parts,2616.0,13.05,2574.0,LCL,87.15,Off_Peak,Carrier_E,7.0,34018.0
SHP02617P,Pune,New York,Sea,Furniture,2617.0,12.42,2175.0,AIR_CARGO,79.69,Off_Peak,Carrier_D,3.0,40013.0
SHP02618M,Mumbai,New York,Sea,Pharmaceuticals,2618.0,15.34,5926.0,40FT,81.58,Normal,Carrier_C,12.0,52414.0
SHP02619B,Bengaluru,Singapore,Air,Machinery,2619.0,16.08,4762.0,AIR_CARGO,113.53,Normal,Carrier_D,9.0,312344.0
SHP02620P,Pune,London,Sea,Pharmaceuticals,2620.0,5.62,6955.0,LCL,105.95,Normal,Carrier_E,16.0,79724.0
SHP02621K,Kolkata,Shanghai,Air,Electronics,2621.0,9.47,11391.0,AIR_CARGO,84.51,Normal,Carrier_D,22.0,285080.0
SHP02622A,Mumbai,Los Angeles,Sea,Electronics,2622.0,9.2,9250.0,20FT,113.54,Peak,Carrier_B,18.0,176361.0
SHP02623P,Pune,Singapore,Sea,Pharmaceuticals,2623.0,7.04,8401.0,40FT,80.6,Peak,Carrier_D,18.0,78375.0
SHP02624A,Mumbai,Hamburg,Road,Chemicals,2624.0,15.84,5283.0,40FT,104.34,Normal,Carrier_A,15.0,105077.0
SHP02625D,Delhi,London,Sea,Machinery,2625.0,3.71,3805.0,40FT_HC,101.27,Peak,Carrier_A,13.0,68972.0
SHP02626H,Hyderabad,Singapore,Road,Chemicals,2626.0,15.47,6713.0,AIR_CARGO,107.86,Off_Peak,Carrier_D,15.0,109602.0
SHP02627H,Hyderabad,London,Sea,Furniture,2627.0,10.27,10683.0,40FT,90.27,Normal,Carrier_A,21.0,81663.0
SHP02628B,Bengaluru,Colombo,Air,General Merchandise,2628.0,5.18,10583.0,AIR_CARGO,91.07,Normal,Carrier_D,24.0,287171.0
SHP02629C,Chennai,Shanghai,Sea,Electronics,2629.0,18.17,5623.0,20FT,99.98,Normal,Carrier_D,15.0,76994.0
SHP02630C,Chennai,Rotterdam,Sea,Electronics,2630.0,3.64,3332.0,LCL,90.93,Off_Peak,Carrier_D,10.0,41519.0
SHP02631B,Bengaluru,Dubai,Sea,Machinery,2631.0,16.05,3091.0,LCL,76.65,Off_Peak,Carrier_A,4.0,29079.0
SHP02632B,Bengaluru,Shanghai,Air,Electronics,2632.0,0.5,891.0,40FT_HC,104.19,Peak,Carrier_C,6.0,103389.0
SHP02633K,Kolkata,London,Sea,General Merchandise,2633.0,19.27,10191.0,40FT_HC,100.64,Normal,Carrier_D,21.0,108062.0
SHP02634A,Mumbai,Hamburg,Sea,General Merchandise,2634.0,3.69,3546.0,40FT,91.95,Normal,Carrier_D,7.0,46981.0
SHP02635B,Bengaluru,Hamburg,Air,General Merchandise,2635.0,3.42,4628.0,40FT,87.11,Normal,Carrier_B,9.0,146968.0
SHP02636A,Mumbai,Rotterdam,Sea,Automotive Parts,2636.0,0.5,9806.0,40FT,87.83,Normal,Carrier_B,21.0,239410.0
SHP02637P,Pune,Jebel Ali,Road,General Merchandise,2637.0,5.58,1880.0,20FT,104.64,Normal,Carrier_E,1.0,51008.0
SHP02638P,Pune,Hamburg,Air,General Merchandise,2638.0,1.09,5804.0,40FT_HC,104.17,Normal,Carrier_A,12.0,203154.0
SHP02639D,Delhi,Singapore,Road,Automotive Parts,2639.0,23.19,1907.0,40FT_HC,107.76,Normal,Carrier_C,4.0,83351.0
SHP02640A,Mumbai,Hamburg,Air,Chemicals,2640.0,8.86,5581.0,LCL,105.49,Peak,Carrier_D,11.0,266884.0
SHP02641K,Kolkata,Dubai,Sea,Furniture,2641.0,1.27,1042.0,40FT_HC,105.32,Peak,Carrier_D,3.0,59256.0
SHP02642P,Pune,Rotterdam,Sea,Textiles,2642.0,0.5,6453.0,40FT_HC,85.07,Peak,Carrier_A,11.0,68533.0
SHP02643H,Hyderabad,Singapore,Air,Electronics,2643.0,0.5,9651.0,20FT,79.06,Normal,Carrier_E,22.0,189234.0
SHP02644H,Hyderabad,London,Sea,General Merchandise,2644.0,12.23,8277.0,40FT,105.47,Peak,Carrier_E,13.0,109328.0
SHP02645P,Pune,Shanghai,Sea,Electronics,2645.0,12.35,6355.0,20FT,78.94,Normal,Carrier_B,14.0,51798.0
SHP02646P,Pune,Rotterdam,Sea,Machinery,2646.0,2.34,10031.0,AIR_CARGO,114.28,Normal,Carrier_A,19.0,110451.0
SHP02647P,Pune,Dubai,Road,Electronics,2647.0,29.21,3120.0,LCL,110.0,Off_Peak,Carrier_E,12.0,89970.0
SHP02648A,Mumbai,New York,Sea,Pharmaceuticals,2648.0,3.91,10054.0,LCL,96.34,Normal,Carrier_E,20.0,82172.0
SHP02649H,Hyderabad,Dubai,Sea,Chemicals,2649.0,14.44,3678.0,LCL,89.09,Off_Peak,Carrier_C,4.0,42366.0
SHP02650H,Hyderabad,Los Angeles,Sea,Furniture,2650.0,10.94,4669.0,40FT,96.07,Peak,Carrier_B,12.0,70577.0
SHP02651M,Mumbai,Los Angeles,Sea,Automotive Parts,2651.0,0.5,1977.0,40FT,104.37,Normal,Carrier_B,3.0,54756.0
SHP02652P,Pune,New York,Sea,Electronics,2652.0,9.56,1670.0,40FT,105.25,Peak,Carrier_B,7.0,56435.0
SHP02653D,Delhi,Colombo,Sea,Electronics,2653.0,0.76,11219.0,LCL,77.95,Normal,Carrier_E,24.0,56027.0
SHP02654P,Pune,Hamburg,Sea,Electronics,2654.0,0.5,2685.0,LCL,107.19,Normal,Carrier_D,10.0,49703.0
SHP02655K,Kolkata,Shanghai,Air,Textiles,2655.0,9.85,4333.0,LCL,100.66,Normal,Carrier_E,10.0,189015.0
SHP02656K,Kolkata,Jebel Ali,Sea,Textiles,2656.0,12.99,6585.0,AIR_CARGO,76.62,Normal,Carrier_E,16.0,55917.0
SHP02657H,Hyderabad,Jebel Ali,Air,Machinery,2657.0,2.44,4500.0,AIR_CARGO,87.53,Peak,Carrier_A,10.0,153528.0
SHP02658P,Pune,Shanghai,Road,Automotive Parts,2658.0,0.5,10507.0,LCL,95.43,Normal,Carrier_B,20.0,121654.0
SHP02659C,Chennai,Dubai,Sea,Electronics,2659.0,6.75,10858.0,40FT,82.54,Off_Peak,Carrier_B,24.0,67987.0
SHP02660K,Kolkata,New York,Air,Electronics,2660.0,6.09,4249.0,40FT,81.21,Peak,Carrier_C,7.0,138186.0
SHP02661P,Pune,New York,Sea,Electronics,2661.0,1.15,1558.0,AIR_CARGO,75.57,Off_Peak,Carrier_B,5.0,26848.0
SHP02662D,Delhi,London,Road,Electronics,2662.0,12.76,2917.0,AIR_CARGO,111.46,Peak,Carrier_E,6.0,102318.0
SHP02663B,Bengaluru,Rotterdam,Sea,Textiles,2663.0,8.95,5956.0,LCL,77.24,Normal,Carrier_A,15.0,50926.0
SHP02664P,Pune,Singapore,Air,Chemicals,2664.0,5.42,3818.0,LCL,89.64,Off_Peak,Carrier_C,7.0,110923.0
SHP02665D,Delhi,Los Angeles,Sea,Chemicals,2665.0,0.5,5715.0,40FT,83.23,Peak,Carrier_E,12.0,52561.0
SHP02666H,Hyderabad,Jebel Ali,Sea,Machinery,2666.0,0.5,9225.0,40FT_HC,104.64,Normal,Carrier_E,19.0,88977.0
SHP02667H,Hyderabad,Hamburg,Sea,Pharmaceuticals,2667.0,9.11,5337.0,40FT,103.29,Normal,Carrier_C,15.0,66505.0
SHP02668M,Mumbai,Singapore,Air,General Merchandise,2668.0,6.43,2765.0,40FT,107.25,Normal,Carrier_E,6.0,129580.0
SHP02669A,Mumbai,Dubai,Air,Automotive Parts,2669.0,7.35,4617.0,LCL,99.67,Normal,Carrier_E,10.0,194227.0
SHP02670K,Kolkata,London,Sea,Chemicals,2670.0,6.03,9044.0,40FT_HC,98.67,Normal,Carrier_A,16.0,83480.0
SHP02671A,Mumbai,Singapore,Sea,Pharmaceuticals,2671.0,1.77,5377.0,40FT_HC,91.28,Off_Peak,Carrier_A,10.0,60620.0
SHP02672P,Pune,London,Sea,Furniture,2672.0,7.44,3370.0,LCL,100.45,Peak,Carrier_A,9.0,54613.0
SHP02673A,Mumbai,Jebel Ali,Air,Furniture,2673.0,3.41,5415.0,20FT,79.61,Normal,Carrier_B,12.0,134694.0
SHP02674K,Kolkata,Jebel Ali,Sea,Electronics,2674.0,0.5,5730.0,LCL,102.38,Normal,Carrier_C,13.0,63589.0
SHP02675K,Kolkata,Hamburg,Road,Furniture,2675.0,10.08,3908.0,AIR_CARGO,79.16,Off_Peak,Carrier_A,13.0,50850.0
SHP02676P,Pune,New York,Sea,Chemicals,2676.0,0.5,11950.0,40FT_HC,109.47,Peak,Carrier_E,20.0,128349.0
SHP02677H,Hyderabad,Dubai,Sea,Machinery,2677.0,0.5,9328.0,LCL,95.23,Off_Peak,Carrier_B,24.0,71446.0
SHP02678K,Kolkata,Colombo,Sea,General Merchandise,2678.0,8.45,8463.0,40FT,96.21,Normal,Carrier_C,20.0,80371.0
SHP02679C,Chennai,Shanghai,Sea,Chemicals,2679.0,0.5,10331.0,40FT,98.39,Normal,Carrier_A,20.0,93050.0
SHP02680C,Chennai,Hamburg,Sea,Machinery,2680.0,1.13,8164.0,40FT,106.04,Normal,Carrier_A,18.0,93491.0
SHP02681B,Bengaluru,Jebel Ali,Sea,Furniture,2681.0,18.81,9596.0,LCL,94.14,Off_Peak,Carrier_C,18.0,79140.0
SHP02682K,Kolkata,Rotterdam,Sea,Textiles,2682.0,3.2,5244.0,20FT,92.1,Normal,Carrier_A,12.0,171093.0
SHP02683M,Mumbai,New York,Sea,General Merchandise,2683.0,1.0,6254.0,AIR_CARGO,86.53,Normal,Carrier_C,18.0,53893.0
SHP02684B,Bengaluru,Shanghai,Sea,Machinery,2684.0,15.97,1040.0,40FT,80.12,Normal,Carrier_C,3.0,32170.0
SHP02685H,Hyderabad,Rotterdam,Sea,Pharmaceuticals,2685.0,16.26,3727.0,LCL,82.61,Normal,Carrier_E,8.0,39983.0
SHP02686K,Kolkata,Hamburg,Sea,Chemicals,2686.0,1.22,4732.0,20FT,75.02,Peak,Carrier_C,9.0,39096.0
SHP02687C,Chennai,Singapore,Sea,Textiles,2687.0,13.78,7693.0,40FT_HC,109.78,Normal,Carrier_D,15.0,110254.0
SHP02688M,Mumbai,Colombo,Sea,Pharmaceuticals,2688.0,1.52,5838.0,40FT_HC,105.6,Normal,Carrier_A,12.0,72152.0
SHP02689P,Pune,London,Sea,Machinery,2689.0,6.55,7490.0,AIR_CARGO,83.75,Normal,Carrier_E,13.0,50544.0
SHP02690B,Bengaluru,Shanghai,Sea,Machinery,2690.0,7.97,8703.0,LCL,75.1,Normal,Carrier_B,17.0,52306.0
SHP02691M,Mumbai,Shanghai,Sea,Furniture,2691.0,22.79,991.0,LCL,94.68,Normal,Carrier_D,4.0,48532.0
SHP02692K,Kolkata,Hamburg,Sea,Pharmaceuticals,2692.0,0.94,3470.0,40FT,91.5,Normal,Carrier_C,8.0,44672.0
SHP02693D,Delhi,Shanghai,Sea,Chemicals,2693.0,22.28,2465.0,20FT,106.04,Normal,Carrier_B,2.0,70942.0
SHP02694M,Mumbai,London,Sea,General Merchandise,2694.0,10.41,2656.0,AIR_CARGO,91.12,Normal,Carrier_B,7.0,47278.0
SHP02695M,Mumbai,London,Road,Textiles,2695.0,9.46,6286.0,20FT,109.56,Normal,Carrier_B,13.0,110979.0
SHP02696H,Hyderabad,Rotterdam,Sea,Furniture,2696.0,2.51,9010.0,AIR_CARGO,78.83,Peak,Carrier_B,22.0,75491.0
SHP02697C,Chennai,Singapore,Air,Electronics,2697.0,4.61,3637.0,LCL,89.63,Off_Peak,Carrier_E,9.0,114450.0
SHP02698P,Pune,London,Sea,Automotive Parts,2698.0,6.2,9981.0,LCL,112.36,Normal,Carrier_E,22.0,107035.0
SHP02699K,Kolkata,Colombo,Air,General Merchandise,2699.0,11.1,10763.0,AIR_CARGO,75.47,Off_Peak,Carrier_B,21.0,195463.0
SHP02700M,Mumbai,Shanghai,Air,Furniture,2700.0,7.19,4531.0,20FT,90.63,Normal,Carrier_D,13.0,184319.0
SHP02701K,Kolkata,Rotterdam,Sea,Textiles,2701.0,1.74,8336.0,40FT_HC,85.39,Peak,Carrier_A,15.0,79853.0
SHP02702C,Chennai,Jebel Ali,Road,Pharmaceuticals,2702.0,6.49,1846.0,40FT_HC,96.27,Normal,Carrier_A,6.0,48038.0
SHP02703H,Hyderabad,Rotterdam,Sea,Machinery,2703.0,10.28,9056.0,40FT,86.15,Normal,Carrier_E,20.0,62615.0
SHP02704K,Kolkata,Colombo,Sea,Pharmaceuticals,2704.0,9.95,2398.0,40FT,109.8,Off_Peak,Carrier_D,8.0,50082.0
SHP02705A,Mumbai,New York,Air,Furniture,2705.0,0.5,8405.0,20FT,112.49,Peak,Carrier_D,22.0,352361.0
SHP02706C,Chennai,Rotterdam,Sea,Textiles,2706.0,12.91,5352.0,LCL,108.97,Peak,Carrier_C,11.0,249312.0
SHP02707C,Chennai,Jebel Ali,Sea,Pharmaceuticals,2707.0,14.46,11177.0,20FT,90.94,Peak,Carrier_E,25.0,107105.0
SHP02708P,Pune,London,Sea,Pharmaceuticals,2708.0,1.34,5841.0,AIR_CARGO,114.6,Normal,Carrier_D,15.0,86515.0
SHP02709B,Bengaluru,Los Angeles,Sea,Automotive Parts,2709.0,2.63,855.0,40FT_HC,104.4,Normal,Carrier_D,4.0,46836.0
SHP02710H,Hyderabad,Los Angeles,Sea,Chemicals,2710.0,3.65,6028.0,40FT,89.22,Normal,Carrier_A,17.0,67259.0
SHP02711H,Hyderabad,Los Angeles,Sea,Furniture,2711.0,8.07,9648.0,20FT,78.75,Normal,Carrier_D,19.0,203700.0
SHP02712P,Pune,New York,Sea,Automotive Parts,2712.0,9.29,7941.0,20FT,101.68,Peak,Carrier_D,16.0,99158.0
SHP02713A,Mumbai,Jebel Ali,Sea,Furniture,2713.0,11.26,11613.0,AIR_CARGO,104.14,Normal,Carrier_B,23.0,111124.0
SHP02714K,Kolkata,Colombo,Sea,Electronics,2714.0,20.31,10198.0,LCL,79.9,Peak,Carrier_A,18.0,84966.0
SHP02715D,Delhi,Hamburg,Sea,Electronics,2715.0,1.5,6555.0,LCL,96.99,Normal,Carrier_A,15.0,65463.0
SHP02716A,Mumbai,Los Angeles,Sea,Automotive Parts,2716.0,10.5,2875.0,40FT_HC,114.48,Normal,Carrier_B,8.0,68407.0
SHP02717B,Bengaluru,Hamburg,Sea,General Merchandise,2717.0,12.1,543.0,40FT,88.05,Normal,Carrier_A,3.0,31430.0
SHP02718H,Hyderabad,New York,Road,General Merchandise,2718.0,17.97,11776.0,LCL,87.08,Off_Peak,Carrier_C,27.0,108821.0
SHP02719C,Chennai,Hamburg,Air,Pharmaceuticals,2719.0,5.25,11291.0,LCL,111.13,Off_Peak,Carrier_C,22.0,313257.0
SHP02720H,Hyderabad,Shanghai,Sea,Pharmaceuticals,2720.0,0.5,3653.0,LCL,79.7,Normal,Carrier_E,5.0,28078.0
SHP02721A,Mumbai,New York,Road,Machinery,2721.0,8.89,7839.0,20FT,112.34,Normal,Carrier_A,20.0,118552.0
SHP02722D,Delhi,Hamburg,Air,Electronics,2722.0,34.73,8886.0,LCL,106.18,Off_Peak,Carrier_A,20.0,485680.0
SHP02723M,Mumbai,Rotterdam,Sea,Furniture,2723.0,4.74,7147.0,AIR_CARGO,90.63,Normal,Carrier_C,16.0,185616.0
SHP02724M,Mumbai,Los Angeles,Sea,Machinery,2724.0,9.01,10194.0,40FT_HC,78.34,Normal,Carrier_E,20.0,73589.0
SHP02725P,Pune,Singapore,Sea,Electronics,2725.0,0.5,1395.0,LCL,75.77,Normal,Carrier_E,5.0,18126.0
SHP02726H,Hyderabad,Dubai,Sea,Automotive Parts,2726.0,25.85,10810.0,40FT,90.03,Off_Peak,Carrier_C,19.0,77586.0
SHP02727H,Hyderabad,New York,Sea,General Merchandise,2727.0,8.62,5008.0,20FT,103.21,Normal,Carrier_C,11.0,56023.0
SHP02728B,Bengaluru,London,Sea,Pharmaceuticals,2728.0,0.5,6028.0,AIR_CARGO,94.5,Normal,Carrier_B,11.0,66606.0
SHP02729H,Hyderabad,Dubai,Sea,General Merchandise,2729.0,9.54,5614.0,40FT_HC,104.55,Off_Peak,Carrier_E,13.0,69191.0
SHP02730D,Delhi,Colombo,Sea,Automotive Parts,2730.0,5.94,6610.0,20FT,101.82,Off_Peak,Carrier_E,16.0,73601.0
SHP02731H,Hyderabad,New York,Air,Machinery,2731.0,12.28,7379.0,AIR_CARGO,97.92,Normal,Carrier_B,13.0,310190.0
SHP02732K,Kolkata,New York,Sea,Machinery,2732.0,11.81,8669.0,20FT,113.7,Off_Peak,Carrier_C,19.0,89440.0
SHP02733A,Mumbai,Hamburg,Sea,Textiles,2733.0,4.96,6537.0,40FT_HC,104.14,Off_Peak,Carrier_B,14.0,72798.0
SHP02734P,Pune,New York,Road,Pharmaceuticals,2734.0,6.04,8375.0,40FT_HC,111.58,Peak,Carrier_B,19.0,152640.0
SHP02735D,Delhi,Los Angeles,Sea,Pharmaceuticals,2735.0,2.33,4390.0,LCL,84.69,Normal,Carrier_D,9.0,48227.0
SHP02736B,Bengaluru,Jebel Ali,Air,Furniture,2736.0,7.82,11272.0,40FT,103.55,Normal,Carrier_E,24.0,331064.0
SHP02737K,Kolkata,Jebel Ali,Road,Pharmaceuticals,2737.0,13.35,1242.0,LCL,98.91,Normal,Carrier_C,3.0,40968.0
SHP02738K,Kolkata,Colombo,Sea,Electronics,2738.0,8.99,6774.0,20FT,111.97,Off_Peak,Carrier_D,11.0,91761.0
SHP02739A,Mumbai,Shanghai,Road,Machinery,2739.0,3.89,1505.0,LCL,95.42,Normal,Carrier_D,2.0,33244.0
SHP02740M,Mumbai,Singapore,Sea,Automotive Parts,2740.0,0.5,5592.0,40FT_HC,86.19,Normal,Carrier_D,11.0,59887.0
SHP02741D,Delhi,Shanghai,Sea,Machinery,2741.0,8.35,3462.0,40FT_HC,90.39,Off_Peak,Carrier_C,5.0,44285.0
SHP02742A,Mumbai,Los Angeles,Sea,General Merchandise,2742.0,9.18,11274.0,40FT_HC,83.75,Off_Peak,Carrier_B,26.0,74776.0
SHP02743K,Kolkata,Los Angeles,Sea,Electronics,2743.0,6.07,650.0,LCL,83.8,Peak,Carrier_C,3.0,32099.0
SHP02744B,Bengaluru,Rotterdam,Sea,Pharmaceuticals,2744.0,0.5,4999.0,AIR_CARGO,93.82,Off_Peak,Carrier_E,13.0,49686.0
SHP02745A,Mumbai,Jebel Ali,Sea,Furniture,2745.0,12.92,9493.0,LCL,110.7,Peak,Carrier_E,21.0,116493.0
SHP02746M,Mumbai,Dubai,Air,Furniture,2746.0,12.19,2667.0,LCL,82.67,Normal,Carrier_B,7.0,97779.0
SHP02747K,Kolkata,London,Sea,Furniture,2747.0,6.13,9879.0,LCL,86.51,Normal,Carrier_C,27.0,75894.0
SHP02748A,Mumbai,New York,Sea,Chemicals,2748.0,5.84,10387.0,LCL,109.12,Normal,Carrier_B,27.0,102751.0
SHP02749D,Delhi,Singapore,Air,Textiles,2749.0,12.33,8642.0,40FT_HC,88.57,Normal,Carrier_B,20.0,252447.0
SHP02750M,Mumbai,London,Sea,Electronics,2750.0,7.15,2904.0,40FT,113.5,Peak,Carrier_C,5.0,64715.0
SHP02751D,Delhi,Shanghai,Sea,General Merchandise,2751.0,9.02,3628.0,LCL,85.76,Peak,Carrier_E,11.0,46760.0
SHP02752D,Delhi,London,Air,Pharmaceuticals,2752.0,10.62,2420.0,LCL,92.69,Off_Peak,Carrier_C,3.0,86225.0
SHP02753D,Delhi,Rotterdam,Sea,General Merchandise,2753.0,4.32,2617.0,40FT,78.82,Peak,Carrier_E,10.0,44069.0
SHP02754A,Mumbai,Singapore,Sea,General Merchandise,2754.0,0.5,920.0,LCL,114.69,Peak,Carrier_A,1.0,41514.0
SHP02755M,Mumbai,Singapore,Road,Pharmaceuticals,2755.0,5.87,10359.0,40FT,110.61,Normal,Carrier_A,20.0,151890.0
SHP02756A,Mumbai,Rotterdam,Sea,General Merchandise,2756.0,11.09,6578.0,40FT_HC,107.7,Normal,Carrier_A,16.0,78040.0
SHP02757A,Mumbai,Los Angeles,Sea,Furniture,2757.0,10.41,4269.0,AIR_CARGO,81.29,Normal,Carrier_D,11.0,45989.0
SHP02758A,Mumbai,Rotterdam,Sea,Automotive Parts,2758.0,0.5,3830.0,LCL,113.77,Peak,Carrier_E,6.0,80634.0
SHP02759K,Kolkata,Los Angeles,Sea,Textiles,2759.0,16.62,6764.0,AIR_CARGO,112.17,Off_Peak,Carrier_E,15.0,245117.0
SHP02760H,Hyderabad,Dubai,Sea,Chemicals,2760.0,5.11,4257.0,LCL,92.43,Off_Peak,Carrier_C,11.0,42992.0
SHP02761C,Chennai,Colombo,Sea,General Merchandise,2761.0,0.5,10433.0,20FT,102.27,Peak,Carrier_E,21.0,106787.0
SHP02762K,Kolkata,Los Angeles,Sea,General Merchandise,2762.0,4.43,2926.0,20FT,114.7,Normal,Carrier_C,7.0,53979.0
SHP02763M,Mumbai,London,Sea,Machinery,2763.0,11.24,10646.0,40FT_HC,91.39,Normal,Carrier_D,23.0,91531.0
SHP02764C,Chennai,Los Angeles,Sea,Textiles,2764.0,11.22,8137.0,AIR_CARGO,79.52,Normal,Carrier_C,19.0,59900.0
SHP02765C,Chennai,Colombo,Sea,Electronics,2765.0,19.92,11501.0,AIR_CARGO,109.71,Normal,Carrier_A,23.0,130672.0
SHP02766C,Chennai,Shanghai,Road,Textiles,2766.0,6.36,674.0,40FT,94.06,Normal,Carrier_C,6.0,32356.0
SHP02767H,Hyderabad,New York,Sea,Textiles,2767.0,4.96,1180.0,40FT,114.48,Normal,Carrier_C,4.0,49567.0
SHP02768A,Mumbai,Rotterdam,Sea,Pharmaceuticals,2768.0,46.9,6260.0,LCL,97.04,Normal,Carrier_C,12.0,87270.0
SHP02769P,Pune,New York,Sea,Pharmaceuticals,2769.0,8.05,10992.0,40FT,76.18,Off_Peak,Carrier_E,25.0,60417.0
SHP02770B,Bengaluru,Rotterdam,Sea,Pharmaceuticals,2770.0,16.82,8904.0,40FT,94.67,Normal,Carrier_B,21.0,296867.0
SHP02771M,Mumbai,Dubai,Sea,Chemicals,2771.0,4.11,7655.0,AIR_CARGO,103.72,Normal,Carrier_B,15.0,85026.0
SHP02772P,Pune,Jebel Ali,Sea,Furniture,2772.0,26.22,863.0,20FT,76.04,Normal,Carrier_B,2.0,40297.0
SHP02773H,Hyderabad,London,Air,Textiles,2773.0,0.5,4573.0,AIR_CARGO,91.54,Peak,Carrier_E,14.0,157105.0
SHP02774H,Hyderabad,London,Sea,Chemicals,2774.0,0.5,4477.0,40FT,81.22,Normal,Carrier_A,10.0,39377.0
SHP02775B,Bengaluru,Shanghai,Sea,General Merchandise,2775.0,0.5,6734.0,LCL,100.72,Normal,Carrier_B,14.0,66075.0
SHP02776C,Chennai,Jebel Ali,Sea,Pharmaceuticals,2776.0,6.76,3465.0,20FT,113.29,Normal,Carrier_B,8.0,59405.0
SHP02777A,Mumbai,Jebel Ali,Sea,General Merchandise,2777.0,0.5,3572.0,40FT,99.98,Normal,Carrier_D,11.0,61927.0
SHP02778B,Bengaluru,Rotterdam,Sea,Pharmaceuticals,2778.0,0.5,7640.0,40FT,102.8,Normal,Carrier_D,20.0,86571.0
SHP02779P,Pune,London,Sea,Automotive Parts,2779.0,2.55,11363.0,LCL,90.86,Off_Peak,Carrier_A,23.0,79778.0
SHP02780P,Pune,London,Sea,Chemicals,2780.0,3.65,8092.0,LCL,97.53,Normal,Carrier_C,22.0,71282.0
SHP02781B,Bengaluru,Jebel Ali,Sea,Chemicals,2781.0,5.34,8183.0,40FT,96.75,Normal,Carrier_C,16.0,67640.0
SHP02782H,Hyderabad,Rotterdam,Sea,Furniture,2782.0,10.59,11841.0,40FT,105.38,Peak,Carrier_D,23.0,523062.0
SHP02783M,Mumbai,Los Angeles,Sea,Electronics,2783.0,0.5,2265.0,AIR_CARGO,109.28,Off_Peak,Carrier_D,7.0,52692.0
SHP02784D,Delhi,Los Angeles,Sea,Machinery,2784.0,15.31,889.0,40FT_HC,101.52,Peak,Carrier_A,2.0,122396.0
SHP02785A,Mumbai,Colombo,Road,Textiles,2785.0,0.5,9073.0,LCL,114.19,Peak,Carrier_A,20.0,160330.0
SHP02786P,Pune,Hamburg,Sea,Electronics,2786.0,10.15,5546.0,LCL,108.13,Peak,Carrier_E,11.0,81608.0
SHP02787P,Pune,Singapore,Road,Chemicals,2787.0,8.57,5431.0,AIR_CARGO,79.99,Normal,Carrier_C,9.0,61093.0
SHP02788B,Bengaluru,Dubai,Sea,Electronics,2788.0,14.74,3091.0,20FT,95.3,Normal,Carrier_E,4.0,52729.0
SHP02789A,Mumbai,Rotterdam,Sea,Automotive Parts,2789.0,5.69,6329.0,20FT,111.13,Peak,Carrier_B,13.0,129123.0
SHP02790B,Bengaluru,Los Angeles,Sea,Machinery,2790.0,11.44,5585.0,20FT,112.76,Normal,Carrier_A,13.0,94864.0
SHP02791C,Chennai,Shanghai,Air,Furniture,2791.0,17.36,4473.0,LCL,90.21,Normal,Carrier_C,7.0,164610.0
SHP02792A,Mumbai,Singapore,Road,Chemicals,2792.0,8.52,5592.0,40FT_HC,104.03,Normal,Carrier_C,13.0,97633.0
SHP02793C,Chennai,Singapore,Sea,Chemicals,2793.0,20.74,4914.0,40FT_HC,91.42,Normal,Carrier_E,11.0,72641.0
SHP02794P,Pune,Singapore,Sea,Textiles,2794.0,9.89,11309.0,AIR_CARGO,79.95,Normal,Carrier_D,22.0,65674.0
SHP02795H,Hyderabad,Jebel Ali,Sea,Furniture,2795.0,4.66,11773.0,20FT,110.38,Normal,Carrier_D,22.0,114003.0
SHP02796C,Chennai,Colombo,Sea,Furniture,2796.0,16.3,10159.0,20FT,112.28,Normal,Carrier_A,21.0,105789.0
SHP02797A,Mumbai,Shanghai,Sea,Pharmaceuticals,2797.0,3.86,11890.0,40FT,95.19,Normal,Carrier_D,23.0,97766.0
SHP02798K,Kolkata,Hamburg,Sea,Machinery,2798.0,5.36,3556.0,AIR_CARGO,75.73,Normal,Carrier_B,10.0,31962.0
SHP02799A,Mumbai,Shanghai,Road,Automotive Parts,2799.0,10.01,10194.0,AIR_CARGO,107.64,Normal,Carrier_C,18.0,149621.0
SHP02800B,Bengaluru,Shanghai,Sea,General Merchandise,2800.0,13.24,5176.0,LCL,94.08,Off_Peak,Carrier_D,12.0,57999.0
SHP02801C,Chennai,Rotterdam,Sea,Electronics,2801.0,0.5,9081.0,LCL,78.0,Off_Peak,Carrier_A,16.0,149798.0
SHP02802M,Mumbai,Colombo,Road,Furniture,2802.0,0.5,2816.0,AIR_CARGO,82.58,Off_Peak,Carrier_B,7.0,33487.0
SHP02803K,Kolkata,New York,Road,Textiles,2803.0,2.08,9837.0,40FT_HC,81.08,Off_Peak,Carrier_E,18.0,77019.0
SHP02804H,Hyderabad,Colombo,Road,Chemicals,2804.0,8.68,1460.0,AIR_CARGO,102.45,Off_Peak,Carrier_E,3.0,55427.0
SHP02805D,Delhi,New York,Sea,General Merchandise,2805.0,17.91,3611.0,40FT_HC,86.98,Normal,Carrier_B,9.0,56122.0
SHP02806B,Bengaluru,Hamburg,Road,Automotive Parts,2806.0,15.5,9952.0,LCL,80.11,Normal,Carrier_A,19.0,98738.0
SHP02807B,Bengaluru,Rotterdam,Sea,Machinery,2807.0,0.5,9092.0,AIR_CARGO,111.71,Off_Peak,Carrier_E,21.0,298776.0
SHP02808M,Mumbai,Jebel Ali,Sea,Furniture,2808.0,14.29,6264.0,40FT_HC,113.26,Off_Peak,Carrier_C,16.0,93343.0
SHP02809D,Delhi,Singapore,Sea,Electronics,2809.0,6.51,8237.0,40FT,80.54,Normal,Carrier_C,19.0,58368.0
SHP02810P,Pune,Rotterdam,Sea,Furniture,2810.0,5.25,2634.0,40FT,84.21,Normal,Carrier_A,8.0,101414.0
SHP02811D,Delhi,Jebel Ali,Sea,Textiles,2811.0,13.55,8179.0,AIR_CARGO,98.68,Peak,Carrier_A,17.0,84173.0
SHP02812H,Hyderabad,Rotterdam,Sea,Furniture,2812.0,1.17,592.0,20FT,81.02,Off_Peak,Carrier_C,6.0,29184.0
SHP02813H,Hyderabad,Jebel Ali,Air,Furniture,2813.0,7.32,10082.0,AIR_CARGO,81.34,Normal,Carrier_A,20.0,225136.0
SHP02814K,Kolkata,Rotterdam,Sea,Furniture,2814.0,6.66,6437.0,LCL,88.46,Normal,Carrier_B,18.0,54684.0
SHP02815P,Pune,Colombo,Sea,Chemicals,2815.0,4.71,11355.0,LCL,112.97,Normal,Carrier_A,21.0,110423.0
SHP02816B,Bengaluru,Colombo,Air,Chemicals,2816.0,4.53,5999.0,40FT,113.5,Off_Peak,Carrier_C,11.0,226932.0
SHP02817C,Chennai,Colombo,Sea,General Merchandise,2817.0,12.32,5481.0,40FT_HC,108.67,Normal,Carrier_D,9.0,87543.0
SHP02818H,Hyderabad,Singapore,Sea,General Merchandise,2818.0,1.43,5676.0,40FT,102.83,Normal,Carrier_A,10.0,64432.0
SHP02819M,Mumbai,Dubai,Sea,Electronics,2819.0,5.02,4637.0,40FT_HC,103.83,Normal,Carrier_E,7.0,59725.0
SHP02820M,Mumbai,London,Sea,Machinery,2820.0,13.53,2417.0,AIR_CARGO,93.78,Peak,Carrier_B,7.0,44714.0
SHP02821M,Mumbai,New York,Road,Automotive Parts,2821.0,10.56,10184.0,20FT,96.21,Peak,Carrier_B,22.0,137892.0
SHP02822A,Mumbai,Colombo,Sea,Pharmaceuticals,2822.0,0.5,4974.0,LCL,100.38,Normal,Carrier_B,11.0,57258.0
SHP02823P,Pune,Dubai,Sea,Machinery,2823.0,0.5,6585.0,AIR_CARGO,104.25,Normal,Carrier_E,11.0,74264.0
SHP02824P,Pune,New York,Sea,Machinery,2824.0,12.06,729.0,40FT,78.87,Normal,Carrier_E,2.0,28354.0
SHP02825H,Hyderabad,Rotterdam,Sea,Machinery,2825.0,14.27,1193.0,AIR_CARGO,84.0,Normal,Carrier_B,6.0,38950.0
SHP02826H,Hyderabad,Hamburg,Air,Pharmaceuticals,2826.0,15.7,7368.0,20FT,113.52,Peak,Carrier_B,15.0,438230.0
SHP02827M,Mumbai,Jebel Ali,Air,Electronics,2827.0,11.08,10611.0,40FT_HC,88.41,Off_Peak,Carrier_B,20.0,244088.0
SHP02828P,Pune,Dubai,Sea,Pharmaceuticals,2828.0,9.32,6174.0,20FT,85.74,Normal,Carrier_A,10.0,57959.0
SHP02829P,Pune,Shanghai,Sea,Electronics,2829.0,4.54,2397.0,40FT,91.88,Peak,Carrier_E,6.0,53282.0
SHP02830H,Hyderabad,Los Angeles,Sea,Pharmaceuticals,2830.0,3.14,1835.0,20FT,86.64,Peak,Carrier_C,4.0,31508.0
SHP02831A,Mumbai,Dubai,Sea,Automotive Parts,2831.0,8.91,10848.0,LCL,78.65,Peak,Carrier_A,22.0,70705.0
SHP02832C,Chennai,Colombo,Air,Furniture,2832.0,8.84,8569.0,20FT,83.32,Peak,Carrier_C,19.0,219637.0
SHP02833C,Chennai,Colombo,Sea,Machinery,2833.0,10.28,11611.0,AIR_CARGO,100.61,Normal,Carrier_A,23.0,100455.0
SHP02834K,Kolkata,Dubai,Sea,Furniture,2834.0,17.08,1447.0,40FT_HC,83.93,Normal,Carrier_A,5.0,43169.0
SHP02835P,Pune,Jebel Ali,Sea,Electronics,2835.0,2.5,10880.0,LCL,100.91,Normal,Carrier_C,23.0,95194.0
SHP02836B,Bengaluru,New York,Road,Pharmaceuticals,2836.0,25.13,10225.0,LCL,79.0,Normal,Carrier_B,18.0,113558.0
SHP02837C,Chennai,Rotterdam,Sea,Automotive Parts,2837.0,2.41,10772.0,LCL,76.68,Off_Peak,Carrier_C,25.0,79651.0
SHP02838K,Kolkata,Los Angeles,Sea,Pharmaceuticals,2838.0,3.74,566.0,40FT,109.46,Normal,Carrier_D,2.0,46732.0
SHP02839D,Delhi,Rotterdam,Sea,Furniture,2839.0,6.72,9032.0,40FT,105.4,Normal,Carrier_E,19.0,323313.0
SHP02840B,Bengaluru,Singapore,Sea,Chemicals,2840.0,0.5,6813.0,AIR_CARGO,101.64,Peak,Carrier_D,12.0,87659.0
SHP02841P,Pune,Jebel Ali,Sea,Automotive Parts,2841.0,6.99,7092.0,40FT_HC,76.24,Peak,Carrier_A,15.0,68148.0
SHP02842C,Chennai,Colombo,Air,Machinery,2842.0,0.5,5896.0,20FT,84.57,Normal,Carrier_C,13.0,144787.0
SHP02843A,Mumbai,Singapore,Road,Textiles,2843.0,6.13,9041.0,AIR_CARGO,107.49,Normal,Carrier_B,22.0,148100.0
SHP02844D,Delhi,Rotterdam,Sea,Machinery,2844.0,30.72,11998.0,40FT,80.79,Off_Peak,Carrier_B,23.0,127199.0
SHP02845K,Kolkata,Rotterdam,Sea,Textiles,2845.0,1.8,8671.0,AIR_CARGO,107.51,Peak,Carrier_D,20.0,111849.0
SHP02846C,Chennai,Los Angeles,Sea,Automotive Parts,2846.0,7.16,8298.0,40FT_HC,98.37,Normal,Carrier_D,18.0,83012.0
SHP02847P,Pune,London,Air,Chemicals,2847.0,0.5,8026.0,AIR_CARGO,104.61,Normal,Carrier_A,20.0,246734.0
SHP02848C,Chennai,Rotterdam,Sea,Furniture,2848.0,9.0,8495.0,LCL,100.78,Peak,Carrier_E,14.0,90722.0
SHP02849H,Hyderabad,New York,Sea,Chemicals,2849.0,19.53,4434.0,20FT,91.68,Normal,Carrier_A,11.0,54069.0
SHP02850D,Delhi,New York,Sea,Electronics,2850.0,4.73,4183.0,40FT,86.68,Normal,Carrier_B,4.0,44582.0
SHP02851C,Chennai,Dubai,Air,Chemicals,2851.0,0.5,9520.0,40FT,101.91,Normal,Carrier_C,19.0,271312.0
SHP02852M,Mumbai,Los Angeles,Sea,General Merchandise,2852.0,6.5,1111.0,40FT_HC,107.28,Normal,Carrier_D,6.0,45820.0
SHP02853A,Mumbai,Los Angeles,Sea,Automotive Parts,2853.0,22.71,9231.0,40FT_HC,76.79,Normal,Carrier_B,22.0,73176.0
SHP02854H,Hyderabad,Colombo,Road,Furniture,2854.0,5.84,9859.0,40FT_HC,90.2,Normal,Carrier_A,21.0,104918.0
SHP02855H,Hyderabad,Rotterdam,Sea,Furniture,2855.0,2.33,6498.0,40FT,89.03,Normal,Carrier_E,13.0,60399.0
SHP02856C,Chennai,London,Sea,Electronics,2856.0,8.82,10967.0,LCL,97.38,Normal,Carrier_C,23.0,89104.0
SHP02857A,Mumbai,Shanghai,Sea,Furniture,2857.0,9.01,5941.0,20FT,79.56,Peak,Carrier_E,18.0,61441.0
SHP02858H,Hyderabad,Singapore,Sea,Chemicals,2858.0,14.55,2548.0,40FT_HC,112.34,Off_Peak,Carrier_A,7.0,54515.0
SHP02859B,Bengaluru,Los Angeles,Sea,Automotive Parts,2859.0,7.87,4656.0,40FT,96.94,Normal,Carrier_A,12.0,66263.0
SHP02860D,Delhi,Dubai,Sea,Machinery,2860.0,2.39,10917.0,LCL,111.95,Peak,Carrier_B,21.0,124224.0
SHP02861B,Bengaluru,Dubai,Road,Chemicals,2861.0,11.37,11928.0,40FT_HC,107.68,Peak,Carrier_C,26.0,183087.0
SHP02862K,Kolkata,Rotterdam,Sea,Pharmaceuticals,2862.0,16.52,5351.0,40FT_HC,82.67,Normal,Carrier_A,14.0,52077.0
SHP02863B,Bengaluru,Rotterdam,Sea,Textiles,2863.0,18.57,2419.0,20FT,80.29,Peak,Carrier_B,5.0,47062.0
SHP02864A,Mumbai,Shanghai,Sea,Automotive Parts,2864.0,2.68,3793.0,20FT,109.45,Normal,Carrier_A,10.0,54451.0
SHP02865M,Mumbai,Hamburg,Sea,Furniture,2865.0,1.22,6863.0,AIR_CARGO,96.44,Peak,Carrier_B,16.0,84191.0
SHP02866H,Hyderabad,Hamburg,Sea,Electronics,2866.0,15.13,7079.0,40FT_HC,75.79,Peak,Carrier_E,16.0,65725.0
SHP02867A,Mumbai,Rotterdam,Sea,Machinery,2867.0,15.13,7746.0,AIR_CARGO,112.37,Normal,Carrier_B,16.0,112343.0
SHP02868H,Hyderabad,Jebel Ali,Air,General Merchandise,2868.0,1.66,10107.0,40FT,93.92,Off_Peak,Carrier_E,23.0,255815.0
SHP02869P,Pune,New York,Sea,Machinery,2869.0,6.63,8679.0,20FT,87.04,Normal,Carrier_D,16.0,73006.0
SHP02870M,Mumbai,New York,Sea,Chemicals,2870.0,10.81,3500.0,LCL,95.66,Normal,Carrier_A,8.0,53731.0
SHP02871H,Hyderabad,Shanghai,Road,Textiles,2871.0,5.06,5043.0,40FT_HC,107.92,Peak,Carrier_D,11.0,122803.0
SHP02872B,Bengaluru,Shanghai,Road,Machinery,2872.0,5.48,10158.0,40FT_HC,79.41,Normal,Carrier_C,23.0,93301.0
SHP02873P,Pune,Colombo,Road,General Merchandise,2873.0,3.47,7784.0,AIR_CARGO,89.36,Peak,Carrier_D,14.0,113152.0
SHP02874P,Pune,London,Sea,Pharmaceuticals,2874.0,0.5,2414.0,20FT,87.75,Normal,Carrier_B,7.0,38149.0
SHP02875K,Kolkata,Dubai,Air,Electronics,2875.0,1.6,4244.0,AIR_CARGO,108.59,Off_Peak,Carrier_B,9.0,185947.0
SHP02876P,Pune,New York,Sea,Automotive Parts,2876.0,8.68,9598.0,40FT_HC,106.14,Normal,Carrier_C,20.0,85692.0
SHP02877P,Pune,Jebel Ali,Sea,Textiles,2877.0,10.33,2479.0,20FT,91.0,Normal,Carrier_C,7.0,36603.0
SHP02878C,Chennai,Rotterdam,Sea,General Merchandise,2878.0,3.78,8447.0,40FT_HC,101.58,Normal,Carrier_A,15.0,86631.0
SHP02879M,Mumbai,Los Angeles,Sea,Furniture,2879.0,0.75,6981.0,20FT,90.78,Normal,Carrier_B,17.0,65661.0
SHP02880B,Bengaluru,Jebel Ali,Sea,Chemicals,2880.0,5.4,2196.0,40FT_HC,97.85,Normal,Carrier_C,7.0,45319.0
SHP02881A,Mumbai,Colombo,Sea,Chemicals,2881.0,22.22,8422.0,LCL,114.65,Normal,Carrier_D,16.0,112490.0
SHP02882B,Bengaluru,Jebel Ali,Road,Chemicals,2882.0,9.4,2137.0,AIR_CARGO,96.42,Peak,Carrier_B,5.0,48459.0
SHP02883B,Bengaluru,Los Angeles,Sea,Furniture,2883.0,0.5,5082.0,20FT,114.54,Normal,Carrier_C,14.0,62704.0
SHP02884C,Chennai,Singapore,Sea,Furniture,2884.0,7.88,4048.0,AIR_CARGO,104.89,Normal,Carrier_A,10.0,59783.0
SHP02885D,Delhi,Hamburg,Sea,Textiles,2885.0,0.5,8435.0,20FT,79.83,Peak,Carrier_E,15.0,70112.0
SHP02886H,Hyderabad,Singapore,Road,Machinery,2886.0,4.26,9497.0,20FT,106.84,Normal,Carrier_B,18.0,132070.0
SHP02887H,Hyderabad,Dubai,Sea,Textiles,2887.0,6.98,2436.0,20FT,81.45,Normal,Carrier_B,8.0,33427.0
SHP02888A,Mumbai,Dubai,Sea,Chemicals,2888.0,8.2,9838.0,40FT_HC,96.29,Peak,Carrier_B,21.0,112269.0
SHP02889P,Pune,New York,Air,Pharmaceuticals,2889.0,17.81,583.0,40FT,99.53,Normal,Carrier_B,4.0,195693.0
SHP02890K,Kolkata,Los Angeles,Sea,General Merchandise,2890.0,7.91,6596.0,40FT_HC,110.69,Off_Peak,Carrier_E,13.0,250323.0
SHP02891A,Mumbai,Dubai,Sea,Automotive Parts,2891.0,0.5,6443.0,40FT,83.42,Off_Peak,Carrier_E,15.0,52161.0
SHP02892D,Delhi,Shanghai,Air,Automotive Parts,2892.0,8.42,7674.0,40FT_HC,110.04,Normal,Carrier_A,15.0,295071.0
SHP02893H,Hyderabad,New York,Air,Textiles,2893.0,12.81,3257.0,40FT,112.38,Normal,Carrier_B,6.0,220947.0
SHP02894K,Kolkata,Colombo,Air,Chemicals,2894.0,13.71,613.0,20FT,78.58,Peak,Carrier_C,6.0,94730.0
SHP02895A,Mumbai,New York,Sea,Furniture,2895.0,4.52,5730.0,20FT,110.41,Peak,Carrier_D,13.0,91162.0
SHP02896K,Kolkata,Singapore,Road,Electronics,2896.0,8.82,1321.0,40FT,85.37,Normal,Carrier_B,3.0,33328.0
SHP02897B,Bengaluru,Rotterdam,Sea,Pharmaceuticals,2897.0,8.85,10760.0,40FT,78.24,Off_Peak,Carrier_E,22.0,60895.0
SHP02898M,Mumbai,Shanghai,Sea,Textiles,2898.0,6.79,2497.0,AIR_CARGO,113.34,Off_Peak,Carrier_A,7.0,47911.0
SHP02899B,Bengaluru,Shanghai,Sea,Chemicals,2899.0,2.84,5390.0,20FT,90.69,Normal,Carrier_B,11.0,51557.0
SHP02900C,Chennai,London,Sea,Machinery,2900.0,5.21,5491.0,40FT_HC,99.92,Normal,Carrier_A,12.0,73026.0
SHP02901P,Pune,Shanghai,Sea,Automotive Parts,2901.0,5.05,6858.0,AIR_CARGO,97.11,Peak,Carrier_C,13.0,76677.0
SHP02902H,Hyderabad,Shanghai,Air,Automotive Parts,2902.0,10.95,9499.0,40FT,83.53,Normal,Carrier_C,21.0,214544.0
SHP02903K,Kolkata,Singapore,Sea,Pharmaceuticals,2903.0,16.89,5930.0,40FT_HC,101.78,Normal,Carrier_C,13.0,81409.0
SHP02904A,Mumbai,Jebel Ali,Sea,Automotive Parts,2904.0,13.63,796.0,LCL,76.84,Normal,Carrier_C,1.0,26990.0
SHP02905P,Pune,Shanghai,Sea,Electronics,2905.0,5.0,9368.0,LCL,83.12,Normal,Carrier_D,19.0,70213.0
SHP02906M,Mumbai,Rotterdam,Sea,Chemicals,2906.0,3.67,1445.0,LCL,112.79,Normal,Carrier_A,3.0,48903.0
SHP02907A,Mumbai,Hamburg,Road,Chemicals,2907.0,2.96,7878.0,40FT_HC,113.14,Normal,Carrier_B,10.0,131237.0
SHP02908H,Hyderabad,Singapore,Sea,Pharmaceuticals,2908.0,3.49,9739.0,40FT,94.31,Normal,Carrier_D,19.0,88826.0
SHP02909K,Kolkata,Singapore,Sea,Chemicals,2909.0,7.64,3751.0,40FT_HC,81.76,Normal,Carrier_B,11.0,46606.0
SHP02910K,Kolkata,Jebel Ali,Sea,Furniture,2910.0,7.54,5665.0,AIR_CARGO,91.86,Peak,Carrier_E,12.0,71210.0
SHP02911B,Bengaluru,London,Sea,Pharmaceuticals,2911.0,10.25,665.0,AIR_CARGO,110.08,Normal,Carrier_D,5.0,56241.0
SHP02912M,Mumbai,Jebel Ali,Sea,Chemicals,2912.0,7.07,9745.0,LCL,77.81,Normal,Carrier_D,20.0,63454.0
SHP02913M,Mumbai,New York,Air,Electronics,2913.0,0.5,8588.0,40FT,80.11,Normal,Carrier_E,17.0,197208.0
SHP02914H,Hyderabad,Hamburg,Road,General Merchandise,2914.0,1.89,3161.0,AIR_CARGO,110.83,Peak,Carrier_D,6.0,81619.0
SHP02915K,Kolkata,Dubai,Sea,Textiles,2915.0,3.63,4988.0,20FT,91.62,Peak,Carrier_A,9.0,64554.0
SHP02916P,Pune,Colombo,Air,Textiles,2916.0,12.55,8496.0,20FT,78.34,Off_Peak,Carrier_C,19.0,170092.0
SHP02917M,Mumbai,Dubai,Air,Chemicals,2917.0,10.68,4619.0,LCL,80.57,Normal,Carrier_B,12.0,127655.0
SHP02918M,Mumbai,London,Air,Machinery,2918.0,4.02,2368.0,LCL,110.3,Off_Peak,Carrier_E,6.0,150491.0
SHP02919A,Mumbai,London,Sea,Automotive Parts,2919.0,14.65,6463.0,LCL,94.6,Peak,Carrier_C,10.0,66825.0
SHP02920H,Hyderabad,Shanghai,Sea,Electronics,2920.0,4.24,8821.0,AIR_CARGO,81.52,Normal,Carrier_D,19.0,70524.0
SHP02921B,Bengaluru,Jebel Ali,Sea,Machinery,2921.0,2.11,4189.0,40FT,110.76,Normal,Carrier_A,8.0,68523.0
SHP02922A,Mumbai,New York,Air,Furniture,2922.0,11.8,1900.0,LCL,108.81,Normal,Carrier_D,6.0,180824.0
SHP02923A,Mumbai,Shanghai,Air,Machinery,2923.0,7.19,10040.0,40FT_HC,75.92,Normal,Carrier_E,17.0,191731.0
SHP02924D,Delhi,Los Angeles,Sea,Chemicals,2924.0,16.39,3407.0,LCL,98.24,Normal,Carrier_D,8.0,60729.0
SHP02925C,Chennai,New York,Sea,Electronics,2925.0,10.48,6397.0,AIR_CARGO,84.77,Normal,Carrier_A,13.0,54279.0
SHP02926D,Delhi,London,Road,Textiles,2926.0,11.74,8450.0,40FT,96.33,Normal,Carrier_D,13.0,119039.0
SHP02927M,Mumbai,London,Air,Automotive Parts,2927.0,2.37,4146.0,LCL,86.17,Normal,Carrier_D,13.0,127656.0
SHP02928K,Kolkata,Singapore,Road,Textiles,2928.0,14.25,7959.0,20FT,87.64,Normal,Carrier_D,16.0,109070.0
SHP02929C,Chennai,Los Angeles,Sea,Machinery,2929.0,3.36,5787.0,LCL,99.07,Normal,Carrier_D,12.0,221410.0
SHP02930C,Chennai,Shanghai,Sea,Furniture,2930.0,14.28,7060.0,LCL,96.55,Normal,Carrier_A,16.0,76740.0
SHP02931K,Kolkata,London,Sea,Automotive Parts,2931.0,2.94,7292.0,40FT,90.81,Normal,Carrier_B,15.0,76497.0
SHP02932C,Chennai,Los Angeles,Sea,General Merchandise,2932.0,7.36,9978.0,40FT_HC,79.3,Normal,Carrier_C,21.0,200865.0
SHP02933K,Kolkata,Hamburg,Sea,Machinery,2933.0,4.27,8048.0,LCL,113.78,Normal,Carrier_E,14.0,88164.0
SHP02934C,Chennai,Colombo,Sea,Textiles,2934.0,8.06,3540.0,LCL,81.98,Off_Peak,Carrier_B,8.0,38260.0
SHP02935A,Mumbai,Jebel Ali,Air,Textiles,2935.0,6.07,1185.0,AIR_CARGO,100.32,Peak,Carrier_A,1.0,145125.0
SHP02936P,Pune,London,Sea,Chemicals,2936.0,0.5,523.0,40FT,78.31,Normal,Carrier_E,2.0,22251.0
SHP02937H,Hyderabad,Hamburg,Air,Textiles,2937.0,3.93,10901.0,AIR_CARGO,102.53,Normal,Carrier_E,25.0,326828.0
SHP02938H,Hyderabad,New York,Sea,Electronics,2938.0,9.02,11334.0,LCL,78.79,Normal,Carrier_D,20.0,70867.0
SHP02939D,Delhi,Jebel Ali,Road,Machinery,2939.0,3.91,1582.0,LCL,84.18,Off_Peak,Carrier_C,4.0,27394.0
SHP02940A,Mumbai,Los Angeles,Sea,Pharmaceuticals,2940.0,1.72,6101.0,20FT,100.88,Normal,Carrier_C,9.0,65237.0
SHP02941C,Chennai,Jebel Ali,Sea,Pharmaceuticals,2941.0,4.08,2243.0,AIR_CARGO,86.32,Normal,Carrier_A,6.0,37351.0
SHP02942B,Bengaluru,Dubai,Sea,Furniture,2942.0,6.33,11411.0,40FT,96.31,Normal,Carrier_B,24.0,101230.0
SHP02943K,Kolkata,Singapore,Sea,Automotive Parts,2943.0,7.0,3339.0,LCL,79.98,Normal,Carrier_D,9.0,32518.0
SHP02944A,Mumbai,Los Angeles,Sea,Textiles,2944.0,16.74,6269.0,20FT,83.1,Normal,Carrier_C,12.0,225002.0
SHP02945C,Chennai,Hamburg,Air,Chemicals,2945.0,0.5,2405.0,20FT,104.35,Off_Peak,Carrier_D,2.0,131273.0
SHP02946H,Hyderabad,London,Sea,Chemicals,2946.0,0.5,4327.0,40FT_HC,76.41,Normal,Carrier_B,7.0,38149.0
SHP02947H,Hyderabad,Los Angeles,Sea,Textiles,2947.0,6.38,3568.0,40FT,79.47,Peak,Carrier_E,11.0,45626.0
SHP02948K,Kolkata,Rotterdam,Sea,Electronics,2948.0,15.54,5967.0,20FT,83.6,Normal,Carrier_B,15.0,58662.0
SHP02949B,Bengaluru,Dubai,Sea,Chemicals,2949.0,5.5,5327.0,40FT,75.81,Normal,Carrier_E,12.0,42127.0
SHP02950C,Chennai,Hamburg,Road,Pharmaceuticals,2950.0,8.12,4304.0,LCL,78.82,Normal,Carrier_B,10.0,46859.0
SHP02951C,Chennai,New York,Air,Automotive Parts,2951.0,7.44,1718.0,40FT_HC,86.26,Peak,Carrier_D,3.0,101613.0
SHP02952B,Bengaluru,Rotterdam,Sea,Machinery,2952.0,4.2,6072.0,40FT,78.72,Normal,Carrier_B,16.0,153501.0
SHP02953B,Bengaluru,Los Angeles,Sea,General Merchandise,2953.0,8.02,10277.0,40FT_HC,109.64,Normal,Carrier_C,19.0,358093.0
SHP02954B,Bengaluru,Singapore,Sea,Electronics,2954.0,0.5,8898.0,40FT,77.64,Normal,Carrier_C,19.0,52883.0
SHP02955H,Hyderabad,Rotterdam,Sea,Furniture,2955.0,3.72,8787.0,40FT,109.44,Normal,Carrier_A,15.0,127001.0
SHP02956K,Kolkata,Jebel Ali,Air,Furniture,2956.0,11.43,4710.0,AIR_CARGO,107.91,Off_Peak,Carrier_C,10.0,168207.0
SHP02957A,Mumbai,Los Angeles,Sea,Chemicals,2957.0,0.5,8647.0,40FT_HC,79.03,Normal,Carrier_C,20.0,171615.0
SHP02958P,Pune,Hamburg,Road,Machinery,2958.0,0.5,5854.0,40FT,76.01,Off_Peak,Carrier_E,11.0,52558.0
SHP02959B,Bengaluru,Los Angeles,Sea,General Merchandise,2959.0,3.19,2228.0,AIR_CARGO,77.0,Normal,Carrier_D,8.0,24004.0
SHP02960K,Kolkata,Singapore,Air,Furniture,2960.0,8.9,5319.0,AIR_CARGO,98.62,Off_Peak,Carrier_D,10.0,218012.0
SHP02961D,Delhi,Colombo,Sea,Textiles,2961.0,4.8,2026.0,40FT_HC,101.81,Normal,Carrier_E,4.0,52225.0
SHP02962C,Chennai,Jebel Ali,Sea,Textiles,2962.0,11.15,1817.0,LCL,99.83,Normal,Carrier_C,5.0,39355.0
SHP02963C,Chennai,London,Sea,Automotive Parts,2963.0,6.3,765.0,40FT_HC,96.66,Normal,Carrier_B,5.0,45710.0
SHP02964P,Pune,Los Angeles,Sea,General Merchandise,2964.0,10.67,3753.0,40FT,81.99,Off_Peak,Carrier_E,8.0,38764.0
SHP02965P,Pune,Singapore,Road,Textiles,2965.0,9.21,4305.0,LCL,108.64,Normal,Carrier_D,11.0,75615.0
SHP02966M,Mumbai,Rotterdam,Sea,Furniture,2966.0,2.49,8544.0,40FT_HC,88.1,Normal,Carrier_A,20.0,224676.0
SHP02967D,Delhi,Rotterdam,Sea,Textiles,2967.0,6.76,6687.0,40FT_HC,114.45,Normal,Carrier_D,13.0,314581.0
SHP02968A,Mumbai,Hamburg,Sea,Pharmaceuticals,2968.0,7.22,10372.0,40FT_HC,90.39,Normal,Carrier_B,18.0,83365.0
SHP02969P,Pune,Jebel Ali,Road,Chemicals,2969.0,8.4,2529.0,40FT_HC,85.52,Normal,Carrier_D,6.0,60879.0
SHP02970B,Bengaluru,Rotterdam,Sea,Furniture,2970.0,0.5,3559.0,LCL,110.77,Normal,Carrier_E,11.0,60209.0
SHP02971B,Bengaluru,London,Sea,Furniture,2971.0,15.67,11322.0,40FT,97.7,Normal,Carrier_A,21.0,95348.0
SHP02972A,Mumbai,Colombo,Sea,Furniture,2972.0,0.5,5607.0,AIR_CARGO,103.87,Peak,Carrier_D,14.0,81372.0
SHP02973H,Hyderabad,Colombo,Air,Automotive Parts,2973.0,11.44,9574.0,40FT_HC,91.34,Normal,Carrier_E,19.0,271807.0
SHP02974D,Delhi,Hamburg,Air,Machinery,2974.0,23.76,6160.0,AIR_CARGO,110.48,Normal,Carrier_E,17.0,382563.0
SHP02975B,Bengaluru,Los Angeles,Sea,Furniture,2975.0,5.12,5917.0,AIR_CARGO,111.71,Off_Peak,Carrier_E,17.0,75506.0
SHP02976P,Pune,Rotterdam,Sea,Textiles,2976.0,20.03,2203.0,AIR_CARGO,92.47,Normal,Carrier_A,8.0,51143.0
SHP02977M,Mumbai,Singapore,Air,Pharmaceuticals,2977.0,5.18,10289.0,40FT_HC,84.63,Normal,Carrier_E,17.0,227493.0
SHP02978K,Kolkata,New York,Sea,Furniture,2978.0,11.41,1401.0,40FT_HC,100.91,Off_Peak,Carrier_A,1.0,47871.0
SHP02979C,Chennai,Colombo,Air,Electronics,2979.0,5.34,4068.0,40FT_HC,113.18,Peak,Carrier_B,10.0,306937.0
SHP02980D,Delhi,Shanghai,Road,Electronics,2980.0,0.5,8245.0,40FT_HC,99.9,Normal,Carrier_B,19.0,119944.0
SHP02981C,Chennai,Hamburg,Sea,Machinery,2981.0,4.7,6333.0,20FT,113.17,Normal,Carrier_B,15.0,79791.0
SHP02982K,Kolkata,Los Angeles,Sea,General Merchandise,2982.0,7.44,10636.0,40FT,88.75,Normal,Carrier_E,20.0,73257.0
SHP02983D,Delhi,Dubai,Air,Automotive Parts,2983.0,0.5,952.0,20FT,111.6,Normal,Carrier_A,1.0,120205.0
SHP02984P,Pune,Hamburg,Air,Pharmaceuticals,2984.0,9.18,7968.0,LCL,79.5,Off_Peak,Carrier_B,18.0,178296.0
SHP02985K,Kolkata,Singapore,Sea,Chemicals,2985.0,3.95,5991.0,20FT,89.35,Normal,Carrier_C,17.0,55379.0
SHP02986B,Bengaluru,New York,Road,Pharmaceuticals,2986.0,7.57,2275.0,20FT,94.78,Peak,Carrier_B,5.0,50187.0
SHP02987A,Mumbai,Shanghai,Sea,Electronics,2987.0,10.43,9047.0,20FT,101.12,Normal,Carrier_E,20.0,90204.0
SHP02988B,Bengaluru,Colombo,Sea,Electronics,2988.0,7.48,5230.0,40FT,86.77,Peak,Carrier_C,17.0,59482.0
SHP02989P,Pune,Jebel Ali,Air,Machinery,2989.0,2.1,6613.0,AIR_CARGO,111.97,Normal,Carrier_D,14.0,257078.0
SHP02990A,Mumbai,Shanghai,Road,General Merchandise,2990.0,3.23,11624.0,LCL,111.14,Peak,Carrier_C,23.0,178206.0
SHP02991B,Bengaluru,Colombo,Sea,General Merchandise,2991.0,2.6,6092.0,LCL,106.97,Off_Peak,Carrier_D,14.0,70411.0
SHP02992K,Kolkata,Dubai,Air,Machinery,2992.0,11.54,9969.0,40FT,79.57,Normal,Carrier_C,20.0,246514.0
SHP02993K,Kolkata,Dubai,Sea,Furniture,2993.0,0.5,9350.0,20FT,78.13,Peak,Carrier_A,22.0,62439.0
SHP02994K,Kolkata,Colombo,Sea,Pharmaceuticals,2994.0,22.68,8122.0,AIR_CARGO,94.93,Normal,Carrier_C,16.0,78078.0
SHP02995C,Chennai,Jebel Ali,Sea,Electronics,2995.0,6.03,10813.0,40FT_HC,105.61,Normal,Carrier_B,22.0,105613.0
SHP02996P,Pune,Hamburg,Road,Pharmaceuticals,2996.0,1.63,3393.0,40FT,79.93,Normal,Carrier_D,5.0,47569.0
SHP02997K,Kolkata,Jebel Ali,Sea,Pharmaceuticals,2997.0,5.24,9939.0,AIR_CARGO,100.66,Normal,Carrier_D,20.0,96332.0
SHP02998B,Bengaluru,Rotterdam,Sea,Automotive Parts,2998.0,1.05,4845.0,40FT,96.11,Off_Peak,Carrier_B,9.0,47851.0
SHP02999M,Mumbai,Colombo,Sea,Electronics,2999.0,8.7,9844.0,40FT,104.04,Normal,Carrier_A,21.0,96838.0
SHP03000P,Pune,Colombo,Road,General Merchandise,3000.0,8.99,6179.0,40FT_HC,92.42,Normal,Carrier_C,10.0,82021.0
SHP03001K,Kolkata,Jebel Ali,Air,Chemicals,3001.0,5.15,10364.0,AIR_CARGO,102.73,Normal,Carrier_A,23.0,332923.0
SHP03002M,Mumbai,London,Air,Pharmaceuticals,3002.0,0.5,10791.0,20FT,81.38,Normal,Carrier_B,20.0,224188.0
SHP03003A,Mumbai,London,Sea,Electronics,3003.0,2.31,7373.0,AIR_CARGO,83.58,Peak,Carrier_C,19.0,72041.0
SHP03004B,Bengaluru,Singapore,Sea,Pharmaceuticals,3004.0,12.38,6338.0,AIR_CARGO,111.13,Peak,Carrier_B,16.0,95069.0
SHP03005K,Kolkata,London,Sea,Automotive Parts,3005.0,11.41,9508.0,20FT,88.18,Off_Peak,Carrier_D,20.0,65721.0
SHP03006C,Chennai,Dubai,Air,Furniture,3006.0,7.36,3570.0,40FT_HC,114.42,Off_Peak,Carrier_D,5.0,181833.0
SHP03007C,Chennai,Rotterdam,Sea,Textiles,3007.0,4.04,677.0,AIR_CARGO,76.85,Normal,Carrier_D,2.0,24856.0
SHP03008A,Mumbai,Colombo,Sea,Electronics,3008.0,7.67,5182.0,20FT,94.84,Normal,Carrier_E,10.0,50891.0
SHP03009M,Mumbai,Shanghai,Air,Machinery,3009.0,14.75,6339.0,40FT,88.0,Peak,Carrier_E,12.0,244603.0
SHP03010H,Hyderabad,Dubai,Sea,Textiles,3010.0,4.28,3919.0,40FT,114.84,Normal,Carrier_D,12.0,75876.0
SHP03011C,Chennai,Singapore,Sea,Pharmaceuticals,3011.0,3.12,4909.0,20FT,114.6,Peak,Carrier_E,11.0,89409.0
SHP03012P,Pune,New York,Sea,Machinery,3012.0,12.03,2030.0,40FT,84.41,Peak,Carrier_E,4.0,41180.0
SHP03013C,Chennai,Rotterdam,Sea,Machinery,3013.0,0.5,3689.0,AIR_CARGO,85.69,Normal,Carrier_B,7.0,44463.0
SHP03014C,Chennai,London,Sea,Machinery,3014.0,19.83,3261.0,20FT,104.99,Normal,Carrier_C,7.0,53985.0
SHP03015B,Bengaluru,Los Angeles,Sea,Electronics,3015.0,7.43,3961.0,AIR_CARGO,110.59,Peak,Carrier_D,10.0,78507.0
SHP03016C,Chennai,Hamburg,Sea,General Merchandise,3016.0,9.96,3939.0,LCL,101.55,Normal,Carrier_E,6.0,51567.0
SHP03017D,Delhi,Shanghai,Air,Pharmaceuticals,3017.0,8.36,6928.0,40FT_HC,109.59,Normal,Carrier_B,15.0,344734.0
SHP03018K,Kolkata,Colombo,Sea,Textiles,3018.0,10.79,3382.0,40FT_HC,77.53,Normal,Carrier_B,9.0,37850.0
SHP03019A,Mumbai,New York,Sea,Automotive Parts,3019.0,5.61,11321.0,40FT_HC,100.62,Off_Peak,Carrier_C,19.0,89286.0
SHP03020C,Chennai,Hamburg,Air,General Merchandise,3020.0,5.66,6380.0,20FT,103.01,Normal,Carrier_B,11.0,251951.0
SHP03021H,Hyderabad,Jebel Ali,Sea,Pharmaceuticals,3021.0,4.37,1983.0,LCL,82.61,Peak,Carrier_A,6.0,35656.0
SHP03022P,Pune,Jebel Ali,Sea,Furniture,3022.0,2.0,3715.0,40FT_HC,106.12,Peak,Carrier_A,12.0,78416.0
SHP03023H,Hyderabad,Rotterdam,Sea,Furniture,3023.0,4.87,8892.0,AIR_CARGO,112.77,Normal,Carrier_D,21.0,366548.0
SHP03024C,Chennai,Rotterdam,Sea,Electronics,3024.0,0.5,657.0,40FT_HC,110.92,Peak,Carrier_C,2.0,59916.0
SHP03025C,Chennai,Rotterdam,Sea,Machinery,3025.0,6.69,11285.0,LCL,84.8,Normal,Carrier_A,25.0,73876.0
SHP03026D,Delhi,Dubai,Sea,Automotive Parts,3026.0,0.5,5620.0,AIR_CARGO,87.96,Peak,Carrier_C,12.0,57448.0
SHP03027C,Chennai,Dubai,Road,Pharmaceuticals,3027.0,15.81,6492.0,AIR_CARGO,94.98,Normal,Carrier_D,13.0,116265.0
SHP03028C,Chennai,Jebel Ali,Sea,Textiles,3028.0,11.07,11867.0,20FT,81.33,Peak,Carrier_B,24.0,88077.0
SHP03029K,Kolkata,Rotterdam,Sea,Pharmaceuticals,3029.0,8.67,6289.0,20FT,113.16,Normal,Carrier_B,15.0,345807.0
SHP03030H,Hyderabad,Shanghai,Sea,General Merchandise,3030.0,6.07,11399.0,40FT,81.46,Normal,Carrier_B,22.0,74803.0
SHP03031D,Delhi,Singapore,Sea,Furniture,3031.0,9.33,11025.0,LCL,105.46,Normal,Carrier_A,21.0,103534.0
SHP03032H,Hyderabad,Rotterdam,Sea,Chemicals,3032.0,15.09,11325.0,AIR_CARGO,88.66,Normal,Carrier_C,20.0,78904.0
SHP03033D,Delhi,Colombo,Air,General Merchandise,3033.0,7.79,9842.0,LCL,97.95,Off_Peak,Carrier_A,21.0,245218.0
SHP03034H,Hyderabad,Shanghai,Sea,Pharmaceuticals,3034.0,5.54,3909.0,40FT_HC,76.89,Normal,Carrier_E,11.0,47116.0
SHP03035C,Chennai,Colombo,Sea,Automotive Parts,3035.0,0.5,4483.0,40FT_HC,83.2,Normal,Carrier_C,12.0,56728.0
SHP03036H,Hyderabad,Los Angeles,Sea,Pharmaceuticals,3036.0,13.96,4697.0,40FT,92.78,Normal,Carrier_D,8.0,64965.0
SHP03037H,Hyderabad,Jebel Ali,Sea,Pharmaceuticals,3037.0,8.59,11761.0,AIR_CARGO,102.09,Normal,Carrier_A,23.0,101229.0
SHP03038D,Delhi,Rotterdam,Sea,Electronics,3038.0,4.61,4649.0,AIR_CARGO,106.1,Peak,Carrier_B,13.0,97692.0
SHP03039A,Mumbai,London,Sea,Textiles,3039.0,2.69,1750.0,40FT,76.21,Peak,Carrier_B,6.0,34408.0
SHP03040M,Mumbai,Hamburg,Sea,Automotive Parts,3040.0,9.07,9451.0,40FT_HC,81.1,Normal,Carrier_B,19.0,76846.0
SHP03041D,Delhi,Rotterdam,Sea,Pharmaceuticals,3041.0,8.98,4710.0,AIR_CARGO,104.19,Normal,Carrier_A,11.0,66825.0
SHP03042D,Delhi,Singapore,Road,Machinery,3042.0,8.0,7641.0,LCL,107.52,Peak,Carrier_A,17.0,114864.0
SHP03043D,Delhi,Los Angeles,Sea,Textiles,3043.0,9.24,11130.0,AIR_CARGO,84.46,Normal,Carrier_B,23.0,75863.0
SHP03044B,Bengaluru,Rotterdam,Sea,General Merchandise,3044.0,0.5,7118.0,40FT_HC,84.19,Peak,Carrier_B,14.0,63211.0
SHP03045A,Mumbai,Hamburg,Air,Automotive Parts,3045.0,10.14,7834.0,AIR_CARGO,78.52,Off_Peak,Carrier_B,18.0,181975.0
SHP03046B,Bengaluru,Hamburg,Air,General Merchandise,3046.0,15.79,7893.0,AIR_CARGO,81.01,Normal,Carrier_E,14.0,205728.0
SHP03047B,Bengaluru,Dubai,Sea,Furniture,3047.0,3.87,7543.0,20FT,75.32,Peak,Carrier_A,18.0,54869.0
SHP03048D,Delhi,Singapore,Sea,Pharmaceuticals,3048.0,4.57,2337.0,AIR_CARGO,98.59,Normal,Carrier_B,4.0,42291.0
SHP03049M,Mumbai,Singapore,Sea,General Merchandise,3049.0,18.43,5749.0,40FT,111.16,Normal,Carrier_D,14.0,98560.0
SHP03050D,Delhi,Shanghai,Sea,General Merchandise,3050.0,5.56,588.0,40FT,80.98,Normal,Carrier_B,3.0,34708.0
SHP03051C,Chennai,London,Sea,Electronics,3051.0,3.11,7702.0,LCL,105.06,Normal,Carrier_A,15.0,79449.0
SHP03052M,Mumbai,Singapore,Sea,General Merchandise,3052.0,2.6,7117.0,AIR_CARGO,97.95,Normal,Carrier_D,18.0,78093.0
SHP03053B,Bengaluru,Los Angeles,Sea,Machinery,3053.0,8.37,4159.0,LCL,112.6,Normal,Carrier_A,11.0,61424.0
SHP03054P,Pune,London,Sea,Machinery,3054.0,5.96,6525.0,40FT_HC,106.92,Normal,Carrier_A,14.0,80385.0
SHP03055H,Hyderabad,Dubai,Air,Textiles,3055.0,16.32,6170.0,40FT_HC,109.11,Normal,Carrier_A,17.0,381135.0
SHP03056H,Hyderabad,Singapore,Road,Pharmaceuticals,3056.0,0.5,3386.0,20FT,100.57,Off_Peak,Carrier_C,10.0,47805.0
SHP03057A,Mumbai,Dubai,Sea,Chemicals,3057.0,14.59,3873.0,20FT,107.45,Peak,Carrier_D,7.0,79837.0
SHP03058P,Pune,Hamburg,Sea,Furniture,3058.0,1.95,9269.0,AIR_CARGO,89.03,Normal,Carrier_E,14.0,60821.0
SHP03059K,Kolkata,Rotterdam,Sea,General Merchandise,3059.0,3.03,9191.0,AIR_CARGO,83.36,Peak,Carrier_E,19.0,76538.0
SHP03060A,Mumbai,Singapore,Road,General Merchandise,3060.0,9.88,5902.0,LCL,111.5,Peak,Carrier_C,15.0,119178.0
SHP03061M,Mumbai,Hamburg,Sea,Automotive Parts,3061.0,2.66,8751.0,LCL,104.37,Normal,Carrier_A,19.0,87411.0
SHP03062B,Bengaluru,Rotterdam,Sea,Electronics,3062.0,9.15,5684.0,AIR_CARGO,78.63,Peak,Carrier_E,15.0,56690.0
SHP03063M,Mumbai,Rotterdam,Sea,Chemicals,3063.0,27.89,10291.0,AIR_CARGO,109.68,Peak,Carrier_D,20.0,146659.0
SHP03064M,Mumbai,Hamburg,Sea,Textiles,3064.0,5.66,4327.0,20FT,88.96,Normal,Carrier_B,10.0,48189.0
SHP03065H,Hyderabad,Colombo,Sea,Furniture,3065.0,17.49,11164.0,20FT,86.93,Peak,Carrier_D,22.0,102276.0
SHP03066D,Delhi,London,Sea,Chemicals,3066.0,14.28,6736.0,20FT,99.93,Normal,Carrier_A,15.0,69116.0
SHP03067C,Chennai,Colombo,Sea,General Merchandise,3067.0,10.96,6660.0,AIR_CARGO,97.74,Normal,Carrier_D,16.0,74517.0
SHP03068K,Kolkata,Jebel Ali,Road,Automotive Parts,3068.0,3.8,8214.0,LCL,96.53,Normal,Carrier_A,20.0,102597.0
SHP03069B,Bengaluru,New York,Sea,Pharmaceuticals,3069.0,5.03,4420.0,40FT,85.2,Off_Peak,Carrier_D,14.0,43870.0
SHP03070M,Mumbai,Rotterdam,Sea,Electronics,3070.0,1.78,8830.0,40FT,113.39,Normal,Carrier_C,21.0,305203.0
SHP03071K,Kolkata,Shanghai,Air,Pharmaceuticals,3071.0,16.42,4185.0,LCL,113.0,Normal,Carrier_D,11.0,282485.0
SHP03072M,Mumbai,London,Sea,Textiles,3072.0,6.62,5072.0,LCL,75.17,Peak,Carrier_E,11.0,43529.0
SHP03073P,Pune,Rotterdam,Sea,Chemicals,3073.0,4.95,8259.0,LCL,88.51,Normal,Carrier_B,17.0,68665.0
SHP03074H,Hyderabad,Los Angeles,Sea,Textiles,3074.0,1.32,4852.0,20FT,76.82,Off_Peak,Carrier_C,12.0,36146.0
SHP03075C,Chennai,Shanghai,Sea,General Merchandise,3075.0,0.5,2800.0,40FT_HC,109.01,Normal,Carrier_D,7.0,62668.0
SHP03076H,Hyderabad,Jebel Ali,Road,Textiles,3076.0,0.5,10527.0,AIR_CARGO,110.46,Normal,Carrier_A,19.0,137629.0
SHP03077K,Kolkata,Jebel Ali,Road,Pharmaceuticals,3077.0,7.89,11105.0,20FT,95.73,Normal,Carrier_C,21.0,118571.0
SHP03078B,Bengaluru,Los Angeles,Sea,Automotive Parts,3078.0,12.01,7707.0,40FT,108.59,Normal,Carrier_E,18.0,95511.0
SHP03079M,Mumbai,Hamburg,Sea,Textiles,3079.0,1.35,9828.0,AIR_CARGO,103.13,Normal,Carrier_B,19.0,96201.0
SHP03080C,Chennai,London,Road,Machinery,3080.0,3.04,11847.0,LCL,94.98,Peak,Carrier_B,24.0,159783.0
SHP03081P,Pune,Dubai,Air,Automotive Parts,3081.0,4.08,7570.0,40FT,89.55,Peak,Carrier_D,16.0,244807.0
SHP03082H,Hyderabad,London,Road,Chemicals,3082.0,10.05,10951.0,LCL,85.65,Peak,Carrier_E,20.0,126958.0
SHP03083P,Pune,Shanghai,Sea,Electronics,3083.0,27.32,4631.0,LCL,85.38,Normal,Carrier_E,10.0,59384.0
SHP03084K,Kolkata,Colombo,Sea,Electronics,3084.0,6.28,8555.0,LCL,97.48,Normal,Carrier_B,17.0,84666.0
SHP03085H,Hyderabad,Dubai,Air,General Merchandise,3085.0,11.23,1142.0,AIR_CARGO,81.67,Off_Peak,Carrier_B,3.0,59696.0
SHP03086M,Mumbai,Jebel Ali,Air,General Merchandise,3086.0,12.02,9573.0,40FT,81.99,Normal,Carrier_E,17.0,230441.0
SHP03087M,Mumbai,Jebel Ali,Sea,Machinery,3087.0,3.21,10043.0,40FT,75.42,Normal,Carrier_B,20.0,61544.0
SHP03088P,Pune,Hamburg,Sea,Chemicals,3088.0,0.5,5114.0,LCL,99.53,Peak,Carrier_A,13.0,63287.0
SHP03089B,Bengaluru,New York,Sea,Pharmaceuticals,3089.0,0.5,7848.0,20FT,114.77,Off_Peak,Carrier_B,19.0,83593.0
SHP03090C,Chennai,London,Sea,Electronics,3090.0,7.92,10371.0,40FT_HC,110.57,Normal,Carrier_A,18.0,106710.0
SHP03091D,Delhi,Hamburg,Sea,Electronics,3091.0,0.5,10661.0,20FT,103.23,Normal,Carrier_B,25.0,100203.0
SHP03092H,Hyderabad,Shanghai,Road,Electronics,3092.0,6.26,1725.0,AIR_CARGO,106.42,Peak,Carrier_C,6.0,58024.0
SHP03093M,Mumbai,Dubai,Sea,Pharmaceuticals,3093.0,11.31,10016.0,40FT_HC,91.67,Normal,Carrier_C,18.0,84005.0
SHP03094K,Kolkata,Los Angeles,Sea,Electronics,3094.0,3.35,3654.0,20FT,86.92,Normal,Carrier_C,8.0,136054.0
SHP03095H,Hyderabad,Rotterdam,Sea,Textiles,3095.0,7.35,8864.0,40FT,89.75,Peak,Carrier_A,14.0,81098.0
SHP03096B,Bengaluru,Colombo,Air,Chemicals,3096.0,1.21,4239.0,20FT,78.26,Normal,Carrier_A,6.0,101443.0
SHP03097B,Bengaluru,Shanghai,Road,Automotive Parts,3097.0,12.19,1148.0,LCL,100.35,Normal,Carrier_D,8.0,50240.0
SHP03098M,Mumbai,Rotterdam,Sea,Automotive Parts,3098.0,15.04,2914.0,AIR_CARGO,81.99,Normal,Carrier_D,6.0,44410.0
SHP03099M,Mumbai,London,Sea,Machinery,3099.0,6.85,5200.0,20FT,105.52,Normal,Carrier_B,13.0,79403.0
SHP03100P,Pune,Los Angeles,Sea,Textiles,3100.0,0.5,9024.0,20FT,82.6,Normal,Carrier_A,18.0,63008.0
SHP03101M,Mumbai,Jebel Ali,Sea,Electronics,3101.0,8.09,1658.0,40FT_HC,84.12,Peak,Carrier_C,5.0,42242.0
SHP03102P,Pune,Hamburg,Air,Electronics,3102.0,7.07,9849.0,LCL,113.29,Off_Peak,Carrier_C,21.0,327716.0
SHP03103A,Mumbai,Dubai,Road,General Merchandise,3103.0,19.38,11965.0,40FT_HC,79.22,Normal,Carrier_C,20.0,112799.0
SHP03104D,Delhi,Hamburg,Sea,General Merchandise,3104.0,2.17,9565.0,AIR_CARGO,94.95,Normal,Carrier_B,22.0,80778.0
SHP03105M,Mumbai,Dubai,Sea,Machinery,3105.0,5.28,5948.0,AIR_CARGO,77.51,Normal,Carrier_A,13.0,41595.0
SHP03106H,Hyderabad,New York,Sea,Electronics,3106.0,11.73,7034.0,LCL,78.62,Peak,Carrier_B,14.0,65760.0
SHP03107H,Hyderabad,New York,Air,Machinery,3107.0,0.5,571.0,40FT_HC,100.34,Normal,Carrier_E,4.0,95650.0
SHP03108P,Pune,Hamburg,Sea,Textiles,3108.0,10.08,2907.0,LCL,100.23,Peak,Carrier_E,6.0,60127.0
SHP03109A,Mumbai,Dubai,Sea,Automotive Parts,3109.0,6.93,10838.0,40FT_HC,82.72,Normal,Carrier_D,22.0,86668.0
SHP03110A,Mumbai,Dubai,Sea,Electronics,3110.0,0.5,750.0,40FT,109.9,Normal,Carrier_A,3.0,41417.0
SHP03111C,Chennai,Rotterdam,Sea,Chemicals,3111.0,3.23,10905.0,LCL,103.09,Normal,Carrier_C,23.0,90777.0
SHP03112K,Kolkata,Hamburg,Sea,Pharmaceuticals,3112.0,5.21,1802.0,AIR_CARGO,87.02,Peak,Carrier_A,5.0,42968.0
SHP03113M,Mumbai,Singapore,Air,Textiles,3113.0,0.5,2030.0,40FT_HC,84.94,Normal,Carrier_D,4.0,82961.0
SHP03114P,Pune,London,Sea,Electronics,3114.0,11.11,2517.0,40FT,105.17,Normal,Carrier_C,7.0,58948.0
SHP03115H,Hyderabad,Jebel Ali,Sea,Pharmaceuticals,3115.0,2.41,9693.0,AIR_CARGO,104.34,Normal,Carrier_B,19.0,97754.0
SHP03116A,Mumbai,New York,Road,Chemicals,3116.0,3.37,5999.0,40FT_HC,80.95,Normal,Carrier_C,9.0,59869.0
SHP03117H,Hyderabad,Singapore,Air,General Merchandise,3117.0,14.42,2170.0,40FT,88.97,Normal,Carrier_E,6.0,139075.0
SHP03118H,Hyderabad,New York,Sea,Machinery,3118.0,11.14,8398.0,AIR_CARGO,83.67,Normal,Carrier_B,16.0,69622.0
SHP03119A,Mumbai,Los Angeles,Sea,General Merchandise,3119.0,7.27,11318.0,AIR_CARGO,86.77,Normal,Carrier_C,23.0,74511.0
SHP03120D,Delhi,New York,Sea,Automotive Parts,3120.0,8.44,7083.0,40FT,86.5,Normal,Carrier_B,13.0,66532.0
SHP03121A,Mumbai,Shanghai,Sea,General Merchandise,3121.0,13.22,1635.0,AIR_CARGO,114.04,Normal,Carrier_E,3.0,58660.0
SHP03122A,Mumbai,New York,Sea,Electronics,3122.0,8.39,1130.0,40FT_HC,105.01,Off_Peak,Carrier_E,6.0,51366.0
SHP03123K,Kolkata,Rotterdam,Sea,Chemicals,3123.0,10.37,9653.0,40FT_HC,106.2,Normal,Carrier_A,21.0,101604.0
SHP03124P,Pune,Singapore,Sea,General Merchandise,3124.0,6.72,7700.0,AIR_CARGO,86.1,Off_Peak,Carrier_E,16.0,59195.0
SHP03125P,Pune,Los Angeles,Sea,Electronics,3125.0,8.75,11111.0,20FT,75.02,Normal,Carrier_E,23.0,196685.0
SHP03126A,Mumbai,Dubai,Sea,Automotive Parts,3126.0,9.37,6793.0,40FT,77.33,Normal,Carrier_E,16.0,50522.0
SHP03127B,Bengaluru,Dubai,Air,Pharmaceuticals,3127.0,1.05,1218.0,20FT,97.12,Normal,Carrier_D,4.0,96379.0
SHP03128P,Pune,Los Angeles,Sea,Chemicals,3128.0,4.13,5142.0,40FT_HC,86.42,Normal,Carrier_E,9.0,48732.0
SHP03129P,Pune,Colombo,Road,General Merchandise,3129.0,6.47,8067.0,AIR_CARGO,82.72,Normal,Carrier_A,17.0,80194.0
SHP03130P,Pune,Hamburg,Air,Machinery,3130.0,2.12,4926.0,LCL,76.99,Normal,Carrier_B,13.0,136815.0
SHP03131A,Mumbai,Colombo,Air,Machinery,3131.0,6.39,11995.0,LCL,110.04,Off_Peak,Carrier_D,25.0,396335.0
SHP03132H,Hyderabad,Singapore,Air,Chemicals,3132.0,7.82,5162.0,20FT,99.01,Normal,Carrier_B,12.0,177689.0
SHP03133M,Mumbai,New York,Road,Machinery,3133.0,12.1,6782.0,20FT,79.29,Normal,Carrier_B,15.0,69628.0
SHP03134H,Hyderabad,Dubai,Sea,General Merchandise,3134.0,12.23,3092.0,20FT,105.66,Normal,Carrier_A,7.0,54908.0
SHP03135K,Kolkata,Rotterdam,Sea,General Merchandise,3135.0,4.63,2250.0,40FT_HC,105.23,Peak,Carrier_D,8.0,60130.0
SHP03136B,Bengaluru,Colombo,Sea,Chemicals,3136.0,17.27,7921.0,40FT_HC,86.58,Normal,Carrier_C,19.0,74139.0
SHP03137A,Mumbai,New York,Air,General Merchandise,3137.0,0.6,7269.0,AIR_CARGO,82.54,Normal,Carrier_E,13.0,166702.0
SHP03138D,Delhi,Jebel Ali,Air,Pharmaceuticals,3138.0,19.42,550.0,40FT_HC,107.56,Off_Peak,Carrier_B,5.0,183380.0
SHP03139C,Chennai,Hamburg,Sea,Electronics,3139.0,1.44,3775.0,AIR_CARGO,88.18,Normal,Carrier_B,13.0,43011.0
SHP03140A,Mumbai,Los Angeles,Sea,Automotive Parts,3140.0,12.5,7901.0,AIR_CARGO,108.9,Peak,Carrier_A,17.0,99788.0
SHP03141M,Mumbai,New York,Sea,Pharmaceuticals,3141.0,6.88,9841.0,20FT,76.75,Normal,Carrier_A,22.0,57211.0
SHP03142C,Chennai,Hamburg,Road,Pharmaceuticals,3142.0,4.23,4092.0,LCL,94.97,Normal,Carrier_A,8.0,57007.0
SHP03143D,Delhi,Hamburg,Sea,Machinery,3143.0,5.13,7946.0,20FT,82.18,Normal,Carrier_D,15.0,61817.0
SHP03144K,Kolkata,Dubai,Sea,Electronics,3144.0,0.5,3550.0,40FT_HC,101.88,Normal,Carrier_E,8.0,63737.0
SHP03145K,Kolkata,Dubai,Sea,Chemicals,3145.0,10.69,8439.0,40FT,114.89,Normal,Carrier_D,17.0,107395.0
SHP03146D,Delhi,Singapore,Sea,Furniture,3146.0,3.08,8526.0,40FT_HC,91.5,Normal,Carrier_A,15.0,69093.0
SHP03147H,Hyderabad,Jebel Ali,Road,Machinery,3147.0,7.71,1998.0,LCL,79.01,Normal,Carrier_A,5.0,32222.0
SHP03148D,Delhi,Los Angeles,Sea,Electronics,3148.0,8.51,8149.0,40FT_HC,87.71,Peak,Carrier_B,18.0,302183.0
SHP03149P,Pune,Hamburg,Air,General Merchandise,3149.0,4.71,4336.0,LCL,110.66,Normal,Carrier_D,7.0,222959.0
SHP03150P,Pune,Singapore,Sea,Chemicals,3150.0,8.12,2485.0,40FT,105.63,Normal,Carrier_D,7.0,56567.0
SHP03151A,Mumbai,Shanghai,Sea,Furniture,3151.0,8.59,6254.0,40FT,84.29,Off_Peak,Carrier_E,14.0,50400.0
SHP03152M,Mumbai,Colombo,Sea,Chemicals,3152.0,0.5,5701.0,AIR_CARGO,113.14,Off_Peak,Carrier_D,12.0,76712.0
SHP03153P,Pune,London,Air,Furniture,3153.0,6.52,9400.0,40FT_HC,99.89,Normal,Carrier_E,20.0,299756.0
SHP03154B,Bengaluru,Hamburg,Sea,Furniture,3154.0,16.73,1472.0,AIR_CARGO,81.72,Normal,Carrier_C,5.0,30703.0
SHP03155A,Mumbai,Singapore,Sea,Machinery,3155.0,5.87,9582.0,20FT,97.89,Normal,Carrier_E,19.0,88109.0
SHP03156A,Mumbai,Jebel Ali,Sea,General Merchandise,3156.0,8.86,1720.0,20FT,93.05,Normal,Carrier_A,7.0,38740.0
SHP03157A,Mumbai,Dubai,Road,Machinery,3157.0,13.68,2886.0,20FT,107.79,Peak,Carrier_C,8.0,80247.0
SHP03158C,Chennai,Hamburg,Sea,Furniture,3158.0,8.53,6433.0,20FT,88.77,Normal,Carrier_B,17.0,58317.0
SHP03159C,Chennai,Hamburg,Air,Furniture,3159.0,24.56,5827.0,20FT,110.0,Normal,Carrier_B,12.0,357787.0
SHP03160K,Kolkata,New York,Sea,Textiles,3160.0,17.37,11872.0,40FT_HC,107.48,Normal,Carrier_B,23.0,130687.0
SHP03161A,Mumbai,Jebel Ali,Sea,Electronics,3161.0,12.58,7279.0,AIR_CARGO,101.98,Normal,Carrier_A,15.0,75455.0
SHP03162H,Hyderabad,Los Angeles,Sea,Textiles,3162.0,13.47,4266.0,AIR_CARGO,85.34,Normal,Carrier_B,12.0,44658.0
SHP03163P,Pune,Dubai,Sea,Electronics,3163.0,3.84,10852.0,LCL,113.81,Off_Peak,Carrier_E,21.0,101046.0
SHP03164K,Kolkata,Hamburg,Sea,Automotive Parts,3164.0,1.51,4090.0,20FT,96.95,Peak,Carrier_A,9.0,65539.0
SHP03165M,Mumbai,Colombo,Sea,Pharmaceuticals,3165.0,4.61,3648.0,40FT,111.3,Normal,Carrier_D,13.0,80044.0
SHP03166D,Delhi,Dubai,Sea,Chemicals,3166.0,4.39,6185.0,LCL,83.63,Off_Peak,Carrier_A,11.0,43911.0
SHP03167C,Chennai,Colombo,Road,Machinery,3167.0,0.5,11002.0,LCL,114.34,Peak,Carrier_A,23.0,174004.0
SHP03168A,Mumbai,London,Sea,Automotive Parts,3168.0,5.0,8648.0,40FT_HC,107.64,Normal,Carrier_D,18.0,96446.0
SHP03169M,Mumbai,Los Angeles,Sea,Automotive Parts,3169.0,1.4,8291.0,LCL,112.97,Normal,Carrier_E,17.0,301673.0
SHP03170K,Kolkata,London,Sea,Chemicals,3170.0,22.46,8850.0,40FT,83.49,Normal,Carrier_C,16.0,74301.0
SHP03171K,Kolkata,Hamburg,Air,Chemicals,3171.0,13.44,8086.0,AIR_CARGO,92.23,Normal,Carrier_D,15.0,273521.0
SHP03172C,Chennai,New York,Sea,Electronics,3172.0,4.53,9238.0,LCL,78.91,Off_Peak,Carrier_A,18.0,52003.0
SHP03173K,Kolkata,Los Angeles,Sea,Textiles,3173.0,11.7,2717.0,40FT_HC,80.48,Peak,Carrier_B,8.0,47040.0
SHP03174H,Hyderabad,New York,Sea,General Merchandise,3174.0,9.0,2538.0,20FT,86.36,Normal,Carrier_D,8.0,49169.0
SHP03175K,Kolkata,Singapore,Sea,Electronics,3175.0,0.5,4665.0,40FT,113.07,Normal,Carrier_D,7.0,76058.0
SHP03176B,Bengaluru,Shanghai,Sea,General Merchandise,3176.0,0.5,10286.0,20FT,101.69,Normal,Carrier_C,18.0,82929.0
SHP03177P,Pune,Jebel Ali,Air,Automotive Parts,3177.0,8.89,8716.0,LCL,87.59,Normal,Carrier_A,19.0,249138.0
SHP03178D,Delhi,Singapore,Road,General Merchandise,3178.0,2.52,7014.0,AIR_CARGO,113.18,Off_Peak,Carrier_B,16.0,101149.0
SHP03179K,Kolkata,London,Air,Textiles,3179.0,4.17,724.0,40FT_HC,104.59,Off_Peak,Carrier_B,1.0,105394.0
SHP03180P,Pune,Colombo,Air,Electronics,3180.0,1.61,3212.0,40FT,111.28,Normal,Carrier_C,10.0,160529.0
SHP03181P,Pune,London,Sea,Furniture,3181.0,9.2,9740.0,AIR_CARGO,112.09,Normal,Carrier_B,20.0,107994.0
SHP03182B,Bengaluru,Los Angeles,Sea,Chemicals,3182.0,8.2,3289.0,40FT,105.03,Peak,Carrier_E,9.0,57621.0
SHP03183M,Mumbai,Los Angeles,Sea,Furniture,3183.0,5.95,8898.0,40FT_HC,84.73,Off_Peak,Carrier_D,16.0,64980.0
SHP03184K,Kolkata,London,Sea,Textiles,3184.0,0.5,2623.0,40FT_HC,114.86,Normal,Carrier_D,4.0,64296.0
SHP03185H,Hyderabad,Hamburg,Sea,Pharmaceuticals,3185.0,17.39,7473.0,LCL,88.0,Normal,Carrier_B,15.0,68333.0
SHP03186M,Mumbai,London,Sea,Textiles,3186.0,20.5,7724.0,40FT,101.87,Normal,Carrier_B,16.0,89218.0
SHP03187P,Pune,Los Angeles,Sea,Pharmaceuticals,3187.0,7.72,9148.0,LCL,108.79,Normal,Carrier_B,18.0,96396.0
SHP03188P,Pune,Los Angeles,Sea,Electronics,3188.0,14.22,5541.0,40FT,82.01,Peak,Carrier_D,11.0,64958.0
SHP03189A,Mumbai,Dubai,Air,Chemicals,3189.0,6.74,7776.0,40FT,99.36,Normal,Carrier_B,20.0,269586.0
SHP03190K,Kolkata,Rotterdam,Sea,Textiles,3190.0,6.63,6100.0,20FT,90.01,Normal,Carrier_E,10.0,172727.0
SHP03191C,Chennai,New York,Sea,Furniture,3191.0,4.1,11394.0,LCL,84.77,Normal,Carrier_E,21.0,73966.0
SHP03192B,Bengaluru,Singapore,Road,Pharmaceuticals,3192.0,2.18,6502.0,40FT,75.47,Normal,Carrier_D,13.0,70841.0
SHP03193B,Bengaluru,London,Road,Chemicals,3193.0,6.03,2910.0,40FT,109.88,Peak,Carrier_A,7.0,91028.0
SHP03194C,Chennai,Dubai,Sea,Machinery,3194.0,6.66,8181.0,40FT_HC,80.44,Normal,Carrier_A,18.0,62285.0
SHP03195D,Delhi,Hamburg,Sea,Machinery,3195.0,5.39,6807.0,20FT,110.12,Normal,Carrier_A,16.0,86859.0
SHP03196P,Pune,Los Angeles,Sea,Machinery,3196.0,11.67,9744.0,40FT_HC,99.03,Off_Peak,Carrier_E,22.0,85431.0
SHP03197A,Mumbai,London,Road,General Merchandise,3197.0,5.02,2534.0,LCL,99.84,Peak,Carrier_C,8.0,57899.0
SHP03198H,Hyderabad,Los Angeles,Sea,Textiles,3198.0,9.52,3501.0,LCL,108.15,Peak,Carrier_A,5.0,93918.0
SHP03199B,Bengaluru,Colombo,Sea,Electronics,3199.0,26.72,11099.0,40FT,95.38,Normal,Carrier_C,19.0,98765.0
SHP03200M,Mumbai,Dubai,Sea,Furniture,3200.0,8.99,11195.0,AIR_CARGO,89.29,Normal,Carrier_D,25.0,90567.0
SHP03201P,Pune,London,Sea,Electronics,3201.0,9.52,5586.0,40FT_HC,80.55,Peak,Carrier_E,14.0,58081.0
SHP03202H,Hyderabad,Colombo,Sea,General Merchandise,3202.0,8.13,1049.0,LCL,97.82,Normal,Carrier_A,5.0,37285.0
SHP03203B,Bengaluru,Shanghai,Sea,Electronics,3203.0,2.67,4025.0,40FT,97.13,Off_Peak,Carrier_E,8.0,53611.0
SHP03204A,Mumbai,Dubai,Road,Pharmaceuticals,3204.0,3.64,3342.0,40FT,86.76,Normal,Carrier_D,7.0,50675.0
SHP03205D,Delhi,London,Air,Machinery,3205.0,0.5,5269.0,40FT_HC,99.0,Normal,Carrier_E,11.0,167863.0
SHP03206A,Mumbai,London,Air,Furniture,3206.0,3.12,4155.0,40FT,92.57,Normal,Carrier_B,8.0,146302.0
SHP03207M,Mumbai,Jebel Ali,Road,Textiles,3207.0,8.69,10033.0,20FT,107.22,Normal,Carrier_A,21.0,134652.0
SHP03208A,Mumbai,Dubai,Air,Electronics,3208.0,7.58,535.0,AIR_CARGO,97.38,Normal,Carrier_E,7.0,86602.0
SHP03209H,Hyderabad,Dubai,Sea,Electronics,3209.0,0.5,7913.0,40FT_HC,112.35,Normal,Carrier_E,15.0,98388.0
SHP03210P,Pune,Los Angeles,Sea,Automotive Parts,3210.0,7.52,8139.0,40FT_HC,95.72,Normal,Carrier_E,19.0,83221.0
SHP03211M,Mumbai,London,Sea,Automotive Parts,3211.0,2.25,8097.0,40FT_HC,110.5,Off_Peak,Carrier_D,15.0,88274.0
SHP03212P,Pune,New York,Air,Automotive Parts,3212.0,3.09,6487.0,40FT,95.82,Normal,Carrier_A,11.0,187691.0
SHP03213C,Chennai,New York,Sea,Textiles,3213.0,6.46,7528.0,40FT,97.32,Peak,Carrier_A,18.0,89265.0
SHP03214K,Kolkata,New York,Air,Machinery,3214.0,3.14,9821.0,40FT_HC,89.67,Off_Peak,Carrier_B,19.0,218202.0
SHP03215C,Chennai,Shanghai,Sea,Chemicals,3215.0,9.0,9518.0,40FT_HC,91.01,Normal,Carrier_B,22.0,74371.0
SHP03216H,Hyderabad,London,Sea,Machinery,3216.0,9.94,898.0,20FT,112.32,Normal,Carrier_E,7.0,48770.0
SHP03217K,Kolkata,London,Sea,Furniture,3217.0,8.41,850.0,LCL,83.93,Normal,Carrier_A,3.0,30181.0
SHP03218C,Chennai,Colombo,Sea,Machinery,3218.0,7.42,10148.0,20FT,79.86,Off_Peak,Carrier_A,23.0,64641.0
SHP03219K,Kolkata,Jebel Ali,Air,Textiles,3219.0,2.1,7109.0,40FT_HC,108.21,Normal,Carrier_E,13.0,250857.0
SHP03220B,Bengaluru,Dubai,Air,Pharmaceuticals,3220.0,5.92,11510.0,40FT,98.08,Normal,Carrier_C,21.0,313321.0
SHP03221A,Mumbai,Los Angeles,Sea,Pharmaceuticals,3221.0,0.5,5463.0,40FT,86.39,Normal,Carrier_A,14.0,51877.0
SHP03222M,Mumbai,Jebel Ali,Sea,Textiles,3222.0,0.5,2533.0,40FT_HC,92.3,Off_Peak,Carrier_E,4.0,42004.0
SHP03223K,Kolkata,Colombo,Sea,Automotive Parts,3223.0,12.78,5942.0,LCL,96.0,Normal,Carrier_E,13.0,73689.0
SHP03224B,Bengaluru,London,Sea,Electronics,3224.0,6.16,5520.0,AIR_CARGO,98.69,Peak,Carrier_C,15.0,70642.0
SHP03225A,Mumbai,Singapore,Sea,General Merchandise,3225.0,20.69,6448.0,AIR_CARGO,107.84,Normal,Carrier_B,16.0,94580.0
SHP03226A,Mumbai,Dubai,Road,General Merchandise,3226.0,0.5,9791.0,20FT,90.77,Normal,Carrier_E,19.0,106976.0
SHP03227D,Delhi,Shanghai,Sea,Chemicals,3227.0,15.62,8039.0,LCL,102.06,Normal,Carrier_A,19.0,86296.0
SHP03228P,Pune,New York,Sea,Electronics,3228.0,9.54,2631.0,AIR_CARGO,108.39,Normal,Carrier_B,5.0,54820.0
SHP03229C,Chennai,Shanghai,Sea,Chemicals,3229.0,2.17,8946.0,LCL,108.75,Normal,Carrier_B,17.0,92817.0
SHP03230D,Delhi,London,Sea,Automotive Parts,3230.0,6.93,7307.0,40FT,85.17,Normal,Carrier_B,16.0,57392.0
SHP03231P,Pune,Colombo,Sea,Chemicals,3231.0,5.08,7151.0,40FT,89.01,Normal,Carrier_E,16.0,62619.0
SHP03232P,Pune,Singapore,Sea,Electronics,3232.0,41.88,8300.0,LCL,98.8,Peak,Carrier_A,15.0,110237.0
SHP03233H,Hyderabad,Hamburg,Sea,Furniture,3233.0,3.3,6986.0,40FT_HC,110.43,Normal,Carrier_C,18.0,82325.0
SHP03234B,Bengaluru,New York,Sea,Electronics,3234.0,4.47,5761.0,AIR_CARGO,106.62,Peak,Carrier_D,9.0,84842.0
SHP03235D,Delhi,Los Angeles,Sea,General Merchandise,3235.0,1.33,7864.0,AIR_CARGO,98.36,Normal,Carrier_D,16.0,81380.0
SHP03236D,Delhi,London,Sea,Pharmaceuticals,3236.0,8.92,8823.0,40FT,114.35,Normal,Carrier_B,18.0,103897.0
SHP03237P,Pune,Rotterdam,Sea,Automotive Parts,3237.0,8.81,3096.0,20FT,92.56,Normal,Carrier_D,4.0,44910.0
SHP03238A,Mumbai,Singapore,Road,Furniture,3238.0,0.5,6216.0,AIR_CARGO,108.7,Normal,Carrier_D,16.0,115733.0
SHP03239B,Bengaluru,Singapore,Sea,Textiles,3239.0,7.54,5769.0,40FT,107.74,Normal,Carrier_E,11.0,71884.0
SHP03240A,Mumbai,Dubai,Sea,Furniture,3240.0,1.4,959.0,40FT,111.32,Off_Peak,Carrier_C,4.0,43080.0
SHP03241M,Mumbai,Shanghai,Sea,Furniture,3241.0,23.48,10096.0,LCL,114.51,Peak,Carrier_D,21.0,153324.0
SHP03242K,Kolkata,New York,Sea,Chemicals,3242.0,0.5,4840.0,LCL,94.83,Normal,Carrier_C,8.0,52060.0
SHP03243H,Hyderabad,London,Sea,General Merchandise,3243.0,51.51,1336.0,LCL,82.83,Normal,Carrier_D,2.0,54294.0
SHP03244H,Hyderabad,Rotterdam,Sea,Chemicals,3244.0,8.99,5766.0,20FT,93.44,Normal,Carrier_B,16.0,209201.0
SHP03245C,Chennai,New York,Air,Chemicals,3245.0,6.46,2357.0,AIR_CARGO,109.16,Normal,Carrier_B,6.0,180927.0
SHP03246A,Mumbai,Colombo,Sea,Textiles,3246.0,7.99,8601.0,20FT,108.44,Normal,Carrier_C,12.0,86709.0
SHP03247K,Kolkata,Rotterdam,Sea,Automotive Parts,3247.0,6.17,7075.0,20FT,88.44,Normal,Carrier_C,14.0,55414.0
SHP03248P,Pune,Jebel Ali,Sea,Electronics,3248.0,8.41,3606.0,LCL,76.89,Normal,Carrier_C,8.0,34518.0
SHP03249C,Chennai,Jebel Ali,Road,Machinery,3249.0,10.03,11430.0,40FT,95.39,Normal,Carrier_C,23.0,128472.0
SHP03250H,Hyderabad,Singapore,Sea,Chemicals,3250.0,4.13,3855.0,40FT_HC,93.96,Normal,Carrier_A,5.0,51471.0
SHP03251K,Kolkata,Colombo,Sea,Machinery,3251.0,26.72,6882.0,40FT,78.43,Normal,Carrier_B,14.0,59594.0
SHP03252D,Delhi,Jebel Ali,Sea,Automotive Parts,3252.0,15.72,9718.0,40FT,106.8,Off_Peak,Carrier_D,18.0,99113.0
SHP03253M,Mumbai,Singapore,Sea,Machinery,3253.0,18.9,6410.0,40FT,86.34,Normal,Carrier_A,14.0,60423.0
SHP03254P,Pune,Shanghai,Sea,Chemicals,3254.0,5.6,11550.0,40FT,100.83,Normal,Carrier_C,24.0,105709.0
SHP03255D,Delhi,London,Sea,Textiles,3255.0,4.47,10204.0,20FT,79.06,Peak,Carrier_D,21.0,78085.0
SHP03256M,Mumbai,Singapore,Sea,Machinery,3256.0,3.17,11092.0,LCL,109.43,Normal,Carrier_B,25.0,112000.0
SHP03257P,Pune,London,Air,Automotive Parts,3257.0,5.28,4786.0,LCL,104.57,Off_Peak,Carrier_C,15.0,168074.0
SHP03258A,Mumbai,Colombo,Sea,Automotive Parts,3258.0,5.88,6806.0,40FT,90.54,Off_Peak,Carrier_E,12.0,55558.0
SHP03259B,Bengaluru,Dubai,Sea,Pharmaceuticals,3259.0,15.11,10162.0,40FT_HC,100.18,Normal,Carrier_C,20.0,98555.0
SHP03260C,Chennai,New York,Road,Pharmaceuticals,3260.0,8.86,10890.0,AIR_CARGO,82.5,Peak,Carrier_D,23.0,123501.0
SHP03261C,Chennai,Singapore,Sea,Textiles,3261.0,34.24,11360.0,40FT,114.42,Normal,Carrier_B,22.0,166076.0
SHP03262B,Bengaluru,Singapore,Sea,Machinery,3262.0,9.91,10610.0,40FT,106.84,Normal,Carrier_C,16.0,96365.0
SHP03263K,Kolkata,London,Sea,Machinery,3263.0,2.83,8904.0,40FT_HC,106.56,Normal,Carrier_B,18.0,105409.0
SHP03264B,Bengaluru,Jebel Ali,Sea,Pharmaceuticals,3264.0,2.41,778.0,20FT,81.14,Normal,Carrier_A,6.0,23144.0
SHP03265A,Mumbai,Jebel Ali,Air,Electronics,3265.0,4.2,4122.0,40FT,75.71,Normal,Carrier_E,7.0,120104.0
SHP03266H,Hyderabad,Singapore,Sea,General Merchandise,3266.0,2.6,1983.0,40FT_HC,98.41,Normal,Carrier_A,6.0,44766.0
SHP03267B,Bengaluru,Jebel Ali,Sea,Automotive Parts,3267.0,9.41,2280.0,20FT,80.76,Normal,Carrier_E,2.0,24598.0
SHP03268M,Mumbai,Jebel Ali,Sea,Electronics,3268.0,4.47,3845.0,20FT,106.22,Normal,Carrier_A,11.0,54936.0
SHP03269H,Hyderabad,Singapore,Sea,Automotive Parts,3269.0,9.28,1360.0,40FT,91.64,Normal,Carrier_B,5.0,39812.0
SHP03270B,Bengaluru,Shanghai,Air,Furniture,3270.0,12.78,3295.0,20FT,88.54,Normal,Carrier_B,7.0,161955.0
SHP03271C,Chennai,Shanghai,Sea,Furniture,3271.0,0.5,11505.0,40FT,77.95,Off_Peak,Carrier_A,22.0,57864.0
SHP03272D,Delhi,Hamburg,Sea,Electronics,3272.0,3.54,4087.0,40FT,114.84,Normal,Carrier_D,6.0,73878.0
SHP03273M,Mumbai,Shanghai,Air,Furniture,3273.0,11.2,2337.0,LCL,113.24,Normal,Carrier_A,8.0,170504.0
SHP03274A,Mumbai,Hamburg,Sea,Pharmaceuticals,3274.0,11.91,8760.0,AIR_CARGO,80.26,Off_Peak,Carrier_C,16.0,58540.0
SHP03275M,Mumbai,Colombo,Air,Pharmaceuticals,3275.0,12.95,10028.0,AIR_CARGO,88.31,Normal,Carrier_D,21.0,353906.0
SHP03276P,Pune,Los Angeles,Sea,General Merchandise,3276.0,12.79,4111.0,LCL,90.63,Normal,Carrier_B,8.0,166207.0
SHP03277K,Kolkata,New York,Air,Electronics,3277.0,7.05,3703.0,40FT,86.87,Normal,Carrier_A,13.0,125675.0
SHP03278D,Delhi,Los Angeles,Sea,Automotive Parts,3278.0,0.5,3280.0,40FT_HC,112.38,Off_Peak,Carrier_D,11.0,57311.0
SHP03279M,Mumbai,Jebel Ali,Sea,Machinery,3279.0,5.72,5023.0,20FT,103.85,Peak,Carrier_C,15.0,65633.0
SHP03280P,Pune,Rotterdam,Sea,Automotive Parts,3280.0,3.02,1503.0,LCL,113.24,Normal,Carrier_E,9.0,118028.0
SHP03281B,Bengaluru,Jebel Ali,Sea,Chemicals,3281.0,8.82,8195.0,LCL,109.98,Normal,Carrier_B,16.0,93740.0
SHP03282M,Mumbai,Singapore,Sea,Pharmaceuticals,3282.0,0.62,9956.0,LCL,105.18,Normal,Carrier_D,18.0,92299.0
SHP03283M,Mumbai,Singapore,Road,Textiles,3283.0,8.76,8132.0,LCL,102.88,Normal,Carrier_D,21.0,129197.0
SHP03284M,Mumbai,New York,Road,Textiles,3284.0,13.89,5344.0,AIR_CARGO,109.65,Normal,Carrier_D,11.0,108716.0
SHP03285K,Kolkata,Dubai,Sea,Pharmaceuticals,3285.0,15.54,3823.0,40FT,102.37,Normal,Carrier_A,11.0,60600.0
SHP03286M,Mumbai,Dubai,Sea,Chemicals,3286.0,7.02,5209.0,LCL,82.55,Off_Peak,Carrier_B,10.0,39777.0
SHP03287M,Mumbai,Dubai,Sea,Textiles,3287.0,16.31,5374.0,LCL,100.93,Normal,Carrier_B,11.0,78099.0
SHP03288K,Kolkata,Shanghai,Air,Furniture,3288.0,6.21,8159.0,LCL,95.6,Off_Peak,Carrier_A,18.0,202284.0
SHP03289P,Pune,Colombo,Road,Pharmaceuticals,3289.0,6.81,11173.0,40FT_HC,114.28,Normal,Carrier_A,18.0,170097.0
SHP03290H,Hyderabad,Jebel Ali,Sea,Textiles,3290.0,1.55,1312.0,40FT_HC,95.4,Normal,Carrier_A,6.0,52092.0
SHP03291D,Delhi,Singapore,Sea,Pharmaceuticals,3291.0,4.85,11464.0,20FT,76.54,Normal,Carrier_C,24.0,64909.0
SHP03292P,Pune,Rotterdam,Sea,General Merchandise,3292.0,15.03,10967.0,40FT,85.57,Normal,Carrier_D,21.0,120382.0
SHP03293A,Mumbai,Rotterdam,Sea,Machinery,3293.0,6.86,1854.0,LCL,111.7,Normal,Carrier_C,5.0,41834.0
SHP03294H,Hyderabad,Rotterdam,Sea,Machinery,3294.0,0.5,2611.0,20FT,113.49,Peak,Carrier_B,7.0,65771.0
SHP03295C,Chennai,Dubai,Road,Automotive Parts,3295.0,8.02,4083.0,20FT,104.14,Normal,Carrier_A,10.0,81975.0
SHP03296K,Kolkata,New York,Sea,Chemicals,3296.0,2.25,6936.0,40FT,77.27,Normal,Carrier_D,16.0,47487.0
SHP03297K,Kolkata,Dubai,Sea,Pharmaceuticals,3297.0,5.76,2046.0,40FT_HC,75.94,Normal,Carrier_E,4.0,23820.0
SHP03298M,Mumbai,Singapore,Sea,Electronics,3298.0,6.86,2804.0,40FT,94.18,Normal,Carrier_D,12.0,46956.0
SHP03299M,Mumbai,Jebel Ali,Sea,Automotive Parts,3299.0,13.19,10881.0,20FT,114.99,Peak,Carrier_E,21.0,129792.0
SHP03300A,Mumbai,Jebel Ali,Air,Automotive Parts,3300.0,3.56,1757.0,40FT,109.77,Normal,Carrier_D,5.0,180830.0
SHP03301C,Chennai,New York,Sea,Pharmaceuticals,3301.0,7.56,5087.0,40FT_HC,112.32,Normal,Carrier_A,15.0,71915.0
SHP03302M,Mumbai,Colombo,Road,Pharmaceuticals,3302.0,14.41,9275.0,20FT,99.94,Normal,Carrier_E,15.0,131970.0
SHP03303B,Bengaluru,Shanghai,Sea,Automotive Parts,3303.0,10.52,10719.0,40FT,109.36,Normal,Carrier_E,25.0,117954.0
SHP03304M,Mumbai,Rotterdam,Sea,Automotive Parts,3304.0,1.0,4364.0,LCL,87.79,Normal,Carrier_B,10.0,43680.0
SHP03305M,Mumbai,Jebel Ali,Sea,Machinery,3305.0,11.16,2391.0,LCL,76.09,Normal,Carrier_D,5.0,27754.0
SHP03306B,Bengaluru,New York,Sea,Electronics,3306.0,0.5,8976.0,40FT,111.73,Normal,Carrier_C,16.0,89965.0
SHP03307C,Chennai,Rotterdam,Sea,Furniture,3307.0,1.0,9384.0,40FT,83.74,Normal,Carrier_C,17.0,65693.0
SHP03308B,Bengaluru,Dubai,Sea,Automotive Parts,3308.0,4.31,11770.0,40FT_HC,104.14,Normal,Carrier_B,23.0,111096.0
SHP03309K,Kolkata,London,Sea,Furniture,3309.0,4.16,2105.0,20FT,101.36,Normal,Carrier_B,6.0,40088.0
SHP03310B,Bengaluru,Los Angeles,Sea,Machinery,3310.0,10.8,8658.0,40FT,81.33,Normal,Carrier_B,19.0,68373.0
SHP03311D,Delhi,Jebel Ali,Air,Automotive Parts,3311.0,3.77,5299.0,20FT,82.83,Normal,Carrier_A,12.0,148563.0
SHP03312K,Kolkata,Colombo,Air,Textiles,3312.0,21.86,11018.0,LCL,88.16,Normal,Carrier_A,21.0,333644.0
SHP03313M,Mumbai,New York,Air,Automotive Parts,3313.0,5.96,5190.0,20FT,105.28,Normal,Carrier_A,14.0,211822.0
SHP03314A,Mumbai,Shanghai,Sea,Pharmaceuticals,3314.0,1.75,5629.0,AIR_CARGO,76.57,Normal,Carrier_A,18.0,42788.0
SHP03315K,Kolkata,Colombo,Sea,Chemicals,3315.0,1.82,1958.0,40FT_HC,91.28,Normal,Carrier_B,9.0,44195.0
SHP03316C,Chennai,Dubai,Air,Chemicals,3316.0,9.5,4191.0,40FT_HC,101.6,Peak,Carrier_B,9.0,237546.0
SHP03317C,Chennai,Jebel Ali,Sea,Automotive Parts,3317.0,5.08,5110.0,20FT,81.86,Normal,Carrier_A,12.0,48713.0
SHP03318B,Bengaluru,Singapore,Sea,General Merchandise,3318.0,8.96,701.0,40FT_HC,79.78,Peak,Carrier_A,4.0,42932.0
SHP03319K,Kolkata,Dubai,Air,Textiles,3319.0,2.16,5532.0,20FT,90.61,Normal,Carrier_E,15.0,167728.0
SHP03320M,Mumbai,Shanghai,Air,Electronics,3320.0,14.08,4368.0,20FT,86.46,Peak,Carrier_D,9.0,220115.0
SHP03321C,Chennai,Dubai,Sea,Automotive Parts,3321.0,1.66,9744.0,LCL,100.96,Normal,Carrier_E,18.0,81223.0
SHP03322H,Hyderabad,New York,Sea,Furniture,3322.0,6.33,1732.0,20FT,113.78,Normal,Carrier_D,7.0,55438.0
SHP03323M,Mumbai,Colombo,Air,Electronics,3323.0,3.49,9242.0,40FT_HC,75.18,Normal,Carrier_A,20.0,182331.0
SHP03324H,Hyderabad,New York,Sea,Textiles,3324.0,3.13,8711.0,AIR_CARGO,111.1,Off_Peak,Carrier_A,16.0,81664.0
SHP03325D,Delhi,Rotterdam,Sea,Automotive Parts,3325.0,5.29,3280.0,40FT,92.33,Normal,Carrier_A,9.0,135015.0
SHP03326H,Hyderabad,London,Air,General Merchandise,3326.0,10.67,1458.0,40FT_HC,101.56,Normal,Carrier_E,8.0,131599.0
SHP03327P,Pune,Colombo,Air,Machinery,3327.0,5.03,10181.0,AIR_CARGO,109.04,Normal,Carrier_B,19.0,325309.0
SHP03328C,Chennai,London,Sea,General Merchandise,3328.0,7.44,3368.0,40FT_HC,97.94,Peak,Carrier_D,6.0,65865.0
SHP03329B,Bengaluru,New York,Sea,Pharmaceuticals,3329.0,13.8,2174.0,AIR_CARGO,78.89,Peak,Carrier_E,6.0,38799.0
SHP03330D,Delhi,Singapore,Air,General Merchandise,3330.0,7.13,4629.0,40FT_HC,80.62,Peak,Carrier_A,12.0,166792.0
SHP03331K,Kolkata,Jebel Ali,Sea,Furniture,3331.0,13.64,5110.0,40FT,106.57,Peak,Carrier_B,11.0,94750.0
SHP03332M,Mumbai,Shanghai,Air,Machinery,3332.0,0.77,4250.0,LCL,84.16,Normal,Carrier_E,12.0,145587.0
SHP03333C,Chennai,Dubai,Sea,Pharmaceuticals,3333.0,6.26,11730.0,LCL,97.76,Normal,Carrier_D,24.0,101840.0
SHP03334D,Delhi,Dubai,Sea,Machinery,3334.0,11.02,10629.0,40FT,92.12,Peak,Carrier_A,23.0,97980.0
SHP03335D,Delhi,London,Road,Chemicals,3335.0,7.64,10539.0,40FT_HC,87.15,Off_Peak,Carrier_D,20.0,104173.0
SHP03336P,Pune,Shanghai,Air,Machinery,3336.0,2.98,5086.0,AIR_CARGO,106.48,Off_Peak,Carrier_A,9.0,189656.0
SHP03337C,Chennai,Colombo,Road,Automotive Parts,3337.0,10.02,11573.0,20FT,104.25,Off_Peak,Carrier_A,22.0,129502.0
SHP03338K,Kolkata,Jebel Ali,Air,Electronics,3338.0,3.06,8366.0,40FT_HC,100.84,Peak,Carrier_C,15.0,278929.0
SHP03339K,Kolkata,Los Angeles,Sea,Chemicals,3339.0,25.65,10068.0,40FT,89.91,Off_Peak,Carrier_D,21.0,90560.0
SHP03340B,Bengaluru,London,Air,Chemicals,3340.0,11.86,6260.0,LCL,84.06,Normal,Carrier_B,9.0,171425.0
SHP03341A,Mumbai,Colombo,Road,Electronics,3341.0,20.76,2347.0,LCL,95.64,Off_Peak,Carrier_A,5.0,56953.0
SHP03342H,Hyderabad,Colombo,Sea,Furniture,3342.0,14.13,10699.0,40FT_HC,107.68,Normal,Carrier_B,21.0,112315.0
SHP03343K,Kolkata,Shanghai,Sea,Chemicals,3343.0,4.17,6094.0,AIR_CARGO,98.03,Normal,Carrier_E,11.0,62513.0
SHP03344P,Pune,Shanghai,Sea,Machinery,3344.0,7.79,11638.0,40FT,113.81,Peak,Carrier_A,23.0,135752.0
SHP03345B,Bengaluru,Hamburg,Sea,General Merchandise,3345.0,9.92,3431.0,40FT,75.62,Peak,Carrier_A,8.0,37106.0
SHP03346H,Hyderabad,Dubai,Air,Textiles,3346.0,3.64,11912.0,AIR_CARGO,114.93,Peak,Carrier_A,26.0,465312.0
SHP03347D,Delhi,Jebel Ali,Sea,Furniture,3347.0,6.37,3058.0,AIR_CARGO,102.66,Off_Peak,Carrier_B,5.0,47213.0
SHP03348C,Chennai,Rotterdam,Sea,Machinery,3348.0,9.26,4734.0,40FT_HC,108.31,Peak,Carrier_C,11.0,82332.0
SHP03349K,Kolkata,London,Sea,Pharmaceuticals,3349.0,10.88,7331.0,40FT_HC,88.4,Peak,Carrier_D,16.0,86319.0
SHP03350B,Bengaluru,Jebel Ali,Sea,Pharmaceuticals,3350.0,5.06,8473.0,LCL,95.33,Off_Peak,Carrier_A,17.0,69054.0
SHP03351D,Delhi,Hamburg,Sea,General Merchandise,3351.0,18.46,8783.0,LCL,106.88,Peak,Carrier_D,17.0,114967.0
SHP03352K,Kolkata,Hamburg,Sea,Furniture,3352.0,8.06,5977.0,AIR_CARGO,105.43,Off_Peak,Carrier_D,11.0,66780.0
SHP03353M,Mumbai,Jebel Ali,Road,Furniture,3353.0,9.55,1384.0,20FT,88.36,Normal,Carrier_D,8.0,51291.0
SHP03354A,Mumbai,Shanghai,Sea,General Merchandise,3354.0,11.2,6205.0,20FT,87.98,Peak,Carrier_B,13.0,71728.0
SHP03355D,Delhi,Colombo,Sea,Furniture,3355.0,7.17,4349.0,20FT,101.51,Peak,Carrier_D,9.0,75970.0
SHP03356P,Pune,Los Angeles,Sea,Chemicals,3356.0,10.21,8063.0,40FT,112.35,Normal,Carrier_E,21.0,95201.0
SHP03357P,Pune,Jebel Ali,Air,Automotive Parts,3357.0,16.22,2596.0,40FT_HC,92.55,Off_Peak,Carrier_B,7.0,192375.0
SHP03358K,Kolkata,London,Sea,Automotive Parts,3358.0,9.61,5030.0,AIR_CARGO,89.12,Off_Peak,Carrier_B,16.0,51892.0
SHP03359P,Pune,Rotterdam,Sea,Furniture,3359.0,0.97,11610.0,LCL,110.79,Normal,Carrier_E,20.0,360188.0
SHP03360D,Delhi,Dubai,Air,Chemicals,3360.0,23.24,1522.0,20FT,102.32,Normal,Carrier_C,4.0,200282.0
SHP03361C,Chennai,Hamburg,Air,Chemicals,3361.0,10.63,7427.0,LCL,90.53,Normal,Carrier_C,13.0,220403.0
SHP03362C,Chennai,Singapore,Sea,Electronics,3362.0,16.94,1542.0,40FT_HC,77.29,Normal,Carrier_A,5.0,32223.0
SHP03363A,Mumbai,Singapore,Air,Electronics,3363.0,10.58,2305.0,AIR_CARGO,103.86,Normal,Carrier_C,6.0,119067.0
SHP03364C,Chennai,Colombo,Sea,Textiles,3364.0,7.55,7457.0,20FT,89.12,Peak,Carrier_A,15.0,73474.0
SHP03365H,Hyderabad,Shanghai,Road,Textiles,3365.0,6.68,5606.0,20FT,77.82,Normal,Carrier_D,12.0,51057.0
SHP03366M,Mumbai,Dubai,Sea,Textiles,3366.0,6.68,6808.0,AIR_CARGO,99.49,Normal,Carrier_A,14.0,74018.0
SHP03367C,Chennai,Hamburg,Sea,Textiles,3367.0,16.77,10619.0,LCL,87.92,Peak,Carrier_C,21.0,83156.0
SHP03368P,Pune,Singapore,Sea,General Merchandise,3368.0,6.68,9898.0,40FT_HC,88.54,Normal,Carrier_A,18.0,77499.0
SHP03369M,Mumbai,Singapore,Sea,General Merchandise,3369.0,0.5,10712.0,40FT_HC,94.17,Normal,Carrier_B,24.0,91165.0
SHP03370C,Chennai,Los Angeles,Sea,Electronics,3370.0,7.15,7587.0,40FT_HC,103.7,Normal,Carrier_C,14.0,261017.0
SHP03371H,Hyderabad,Jebel Ali,Sea,Automotive Parts,3371.0,0.5,6131.0,LCL,86.05,Normal,Carrier_A,14.0,48048.0
SHP03372P,Pune,New York,Sea,Chemicals,3372.0,21.58,5781.0,LCL,78.24,Normal,Carrier_C,10.0,49497.0
SHP03373D,Delhi,Dubai,Sea,Pharmaceuticals,3373.0,10.17,9008.0,20FT,91.98,Normal,Carrier_E,17.0,74529.0
SHP03374K,Kolkata,New York,Air,Automotive Parts,3374.0,4.98,6495.0,LCL,77.2,Off_Peak,Carrier_C,12.0,105250.0
SHP03375K,Kolkata,Rotterdam,Sea,Machinery,3375.0,5.94,1716.0,40FT,102.89,Normal,Carrier_E,5.0,148988.0
SHP03376C,Chennai,Shanghai,Air,General Merchandise,3376.0,2.85,2132.0,AIR_CARGO,113.37,Normal,Carrier_A,6.0,138615.0
SHP03377K,Kolkata,Jebel Ali,Air,Textiles,3377.0,1.58,4606.0,LCL,101.35,Normal,Carrier_E,8.0,186808.0
SHP03378C,Chennai,Rotterdam,Sea,Textiles,3378.0,13.1,1280.0,40FT_HC,86.02,Normal,Carrier_C,4.0,37189.0
SHP03379C,Chennai,London,Sea,Machinery,3379.0,6.36,3251.0,LCL,82.27,Peak,Carrier_B,6.0,45844.0
SHP03380P,Pune,Hamburg,Air,Automotive Parts,3380.0,16.78,8049.0,20FT,84.31,Normal,Carrier_E,15.0,281448.0
SHP03381A,Mumbai,New York,Sea,Textiles,3381.0,32.57,643.0,AIR_CARGO,83.86,Normal,Carrier_C,5.0,38741.0
SHP03382B,Bengaluru,Colombo,Sea,Automotive Parts,3382.0,3.36,7447.0,AIR_CARGO,87.55,Normal,Carrier_B,13.0,60423.0
SHP03383B,Bengaluru,London,Sea,Chemicals,3383.0,4.05,9382.0,40FT_HC,78.89,Normal,Carrier_D,19.0,59231.0
SHP03384A,Mumbai,Dubai,Sea,Machinery,3384.0,2.87,2457.0,AIR_CARGO,110.83,Normal,Carrier_E,10.0,57860.0
SHP03385B,Bengaluru,Hamburg,Sea,Pharmaceuticals,3385.0,6.05,2581.0,40FT,110.4,Peak,Carrier_E,9.0,65030.0
SHP03386M,Mumbai,Singapore,Road,Automotive Parts,3386.0,12.63,832.0,AIR_CARGO,99.61,Normal,Carrier_A,4.0,42698.0
SHP03387B,Bengaluru,New York,Sea,Chemicals,3387.0,0.5,6393.0,40FT_HC,77.48,Normal,Carrier_D,14.0,52357.0
SHP03388C,Chennai,Jebel Ali,Sea,Furniture,3388.0,7.49,8028.0,AIR_CARGO,107.16,Normal,Carrier_A,18.0,84456.0
SHP03389H,Hyderabad,Jebel Ali,Sea,Furniture,3389.0,3.05,5754.0,LCL,77.47,Normal,Carrier_A,13.0,42331.0
SHP03390H,Hyderabad,London,Air,Automotive Parts,3390.0,5.93,4979.0,20FT,79.26,Peak,Carrier_C,14.0,127374.0
SHP03391D,Delhi,London,Sea,Furniture,3391.0,10.99,5726.0,LCL,88.01,Normal,Carrier_A,12.0,50560.0
SHP03392P,Pune,Shanghai,Road,Automotive Parts,3392.0,9.04,9488.0,40FT,92.26,Normal,Carrier_E,21.0,119832.0
SHP03393B,Bengaluru,Singapore,Road,Textiles,3393.0,5.96,885.0,40FT,89.16,Normal,Carrier_A,3.0,33840.0
SHP03394H,Hyderabad,Los Angeles,Sea,Electronics,3394.0,4.88,9514.0,20FT,81.61,Normal,Carrier_B,23.0,70418.0
SHP03395B,Bengaluru,New York,Road,Furniture,3395.0,9.97,8163.0,20FT,79.49,Normal,Carrier_E,17.0,76182.0
SHP03396P,Pune,Rotterdam,Sea,General Merchandise,3396.0,0.5,3276.0,20FT,109.38,Normal,Carrier_C,5.0,62459.0
SHP03397D,Delhi,Dubai,Air,Automotive Parts,3397.0,7.71,6535.0,20FT,89.53,Normal,Carrier_A,14.0,168212.0
SHP03398H,Hyderabad,New York,Air,Automotive Parts,3398.0,1.02,1067.0,AIR_CARGO,83.74,Peak,Carrier_B,5.0,87607.0
SHP03399C,Chennai,New York,Sea,Automotive Parts,3399.0,0.5,4865.0,LCL,94.48,Normal,Carrier_B,14.0,48954.0
SHP03400M,Mumbai,Singapore,Sea,Electronics,3400.0,6.75,2501.0,40FT,76.47,Peak,Carrier_E,5.0,37560.0
SHP03401A,Mumbai,New York,Sea,Chemicals,3401.0,7.16,756.0,AIR_CARGO,99.01,Off_Peak,Carrier_A,1.0,27348.0
SHP03402A,Mumbai,Shanghai,Sea,Furniture,3402.0,16.18,4607.0,20FT,84.94,Off_Peak,Carrier_B,11.0,47187.0
SHP03403A,Mumbai,New York,Road,Pharmaceuticals,3403.0,10.55,8850.0,40FT_HC,98.93,Peak,Carrier_A,19.0,131853.0
SHP03404B,Bengaluru,Colombo,Sea,Pharmaceuticals,3404.0,0.5,11092.0,40FT_HC,99.57,Normal,Carrier_E,19.0,96258.0
SHP03405H,Hyderabad,Colombo,Air,Machinery,3405.0,4.57,8116.0,LCL,107.37,Off_Peak,Carrier_D,16.0,296517.0
SHP03406P,Pune,Hamburg,Air,Textiles,3406.0,7.31,5123.0,40FT,84.2,Normal,Carrier_B,11.0,150408.0
SHP03407P,Pune,Dubai,Road,Electronics,3407.0,3.4,11994.0,40FT,93.54,Normal,Carrier_C,25.0,126340.0
SHP03408H,Hyderabad,Colombo,Road,Chemicals,3408.0,13.82,3754.0,LCL,113.48,Normal,Carrier_A,8.0,90664.0
SHP03409D,Delhi,Dubai,Sea,Automotive Parts,3409.0,0.71,2652.0,20FT,104.08,Normal,Carrier_E,6.0,46241.0
SHP03410C,Chennai,Jebel Ali,Sea,Chemicals,3410.0,8.51,5832.0,20FT,114.01,Normal,Carrier_E,13.0,83044.0
SHP03411K,Kolkata,Shanghai,Sea,Electronics,3411.0,12.87,6306.0,40FT,112.09,Normal,Carrier_C,11.0,80717.0
SHP03412H,Hyderabad,Singapore,Sea,Electronics,3412.0,5.67,4580.0,40FT,99.43,Normal,Carrier_D,14.0,72953.0
SHP03413M,Mumbai,Singapore,Sea,Electronics,3413.0,14.29,8498.0,40FT,85.56,Peak,Carrier_A,19.0,83881.0
SHP03414D,Delhi,Colombo,Sea,Machinery,3414.0,7.05,2614.0,20FT,105.28,Off_Peak,Carrier_D,5.0,45531.0
SHP03415H,Hyderabad,Shanghai,Air,General Merchandise,3415.0,2.37,6369.0,40FT_HC,102.92,Normal,Carrier_E,11.0,218253.0
SHP03416H,Hyderabad,Jebel Ali,Sea,Textiles,3416.0,18.65,6251.0,LCL,98.56,Peak,Carrier_B,11.0,82260.0
SHP03417D,Delhi,Rotterdam,Sea,Machinery,3417.0,9.98,9974.0,LCL,102.91,Peak,Carrier_D,21.0,117758.0
SHP03418D,Delhi,Shanghai,Air,Machinery,3418.0,5.75,11160.0,AIR_CARGO,99.54,Normal,Carrier_B,20.0,334835.0
SHP03419B,Bengaluru,Hamburg,Sea,Furniture,3419.0,9.66,8128.0,AIR_CARGO,95.78,Normal,Carrier_C,16.0,76846.0
SHP03420H,Hyderabad,Singapore,Sea,General Merchandise,3420.0,10.21,4012.0,40FT_HC,91.64,Normal,Carrier_E,6.0,58885.0
SHP03421K,Kolkata,Hamburg,Air,Machinery,3421.0,6.48,8431.0,40FT,76.79,Peak,Carrier_B,18.0,239682.0
SHP03422M,Mumbai,Singapore,Sea,Electronics,3422.0,6.43,3391.0,40FT_HC,109.63,Off_Peak,Carrier_A,9.0,59896.0
SHP03423C,Chennai,Jebel Ali,Air,Electronics,3423.0,7.48,11615.0,AIR_CARGO,109.62,Normal,Carrier_E,23.0,392745.0
SHP03424C,Chennai,New York,Sea,Furniture,3424.0,10.12,9957.0,AIR_CARGO,98.76,Peak,Carrier_C,20.0,108815.0
SHP03425K,Kolkata,Los Angeles,Sea,Chemicals,3425.0,12.63,5459.0,LCL,85.72,Off_Peak,Carrier_A,14.0,194923.0
SHP03426P,Pune,Shanghai,Sea,Automotive Parts,3426.0,3.2,9520.0,40FT_HC,76.13,Normal,Carrier_E,20.0,68818.0
SHP03427D,Delhi,Shanghai,Sea,Machinery,3427.0,7.6,5200.0,20FT,75.06,Normal,Carrier_D,13.0,47386.0
SHP03428D,Delhi,New York,Sea,Automotive Parts,3428.0,6.65,1358.0,AIR_CARGO,77.92,Off_Peak,Carrier_E,2.0,24929.0
SHP03429P,Pune,Rotterdam,Sea,Textiles,3429.0,3.25,8628.0,LCL,89.4,Normal,Carrier_A,18.0,93054.0
SHP03430D,Delhi,Singapore,Sea,Pharmaceuticals,3430.0,7.63,5153.0,40FT,82.54,Normal,Carrier_B,12.0,49053.0
SHP03431P,Pune,Rotterdam,Sea,Electronics,3431.0,0.5,11199.0,40FT_HC,85.6,Normal,Carrier_B,25.0,83248.0
SHP03432H,Hyderabad,Shanghai,Road,Chemicals,3432.0,5.08,4025.0,AIR_CARGO,102.99,Normal,Carrier_E,9.0,75524.0
SHP03433P,Pune,Colombo,Air,Textiles,3433.0,4.22,10198.0,20FT,113.37,Normal,Carrier_E,20.0,349660.0
SHP03434D,Delhi,Colombo,Sea,Furniture,3434.0,8.49,8325.0,AIR_CARGO,83.27,Normal,Carrier_C,16.0,58731.0
SHP03435D,Delhi,London,Air,Chemicals,3435.0,8.46,10313.0,20FT,93.63,Normal,Carrier_D,24.0,295970.0
SHP03436H,Hyderabad,Dubai,Sea,Pharmaceuticals,3436.0,4.0,3857.0,40FT_HC,114.66,Off_Peak,Carrier_C,4.0,59272.0
SHP03437P,Pune,Colombo,Sea,Pharmaceuticals,3437.0,16.55,5805.0,20FT,112.27,Normal,Carrier_C,14.0,87693.0
SHP03438H,Hyderabad,Colombo,Sea,Furniture,3438.0,3.27,9966.0,20FT,89.09,Peak,Carrier_B,20.0,88472.0
SHP03439K,Kolkata,Singapore,Road,General Merchandise,3439.0,21.73,7904.0,LCL,87.79,Peak,Carrier_B,16.0,116240.0
SHP03440B,Bengaluru,London,Road,Furniture,3440.0,4.48,4639.0,40FT_HC,84.69,Off_Peak,Carrier_A,10.0,55447.0
SHP03441H,Hyderabad,Singapore,Sea,Electronics,3441.0,12.41,6388.0,AIR_CARGO,81.22,Normal,Carrier_C,14.0,55687.0
SHP03442M,Mumbai,Shanghai,Sea,Textiles,3442.0,8.11,11955.0,40FT,93.4,Normal,Carrier_A,25.0,91126.0
SHP03443D,Delhi,Hamburg,Sea,General Merchandise,3443.0,5.67,9031.0,40FT_HC,88.64,Normal,Carrier_E,17.0,77997.0
SHP03444B,Bengaluru,Rotterdam,Sea,Pharmaceuticals,3444.0,11.15,7567.0,40FT_HC,104.79,Off_Peak,Carrier_A,16.0,99749.0
SHP03445C,Chennai,Shanghai,Road,Textiles,3445.0,11.28,10021.0,40FT,84.47,Normal,Carrier_B,21.0,115381.0
SHP03446K,Kolkata,Hamburg,Sea,Chemicals,3446.0,0.5,5583.0,AIR_CARGO,104.45,Peak,Carrier_C,10.0,75452.0
SHP03447P,Pune,Jebel Ali,Air,General Merchandise,3447.0,1.7,11426.0,LCL,86.53,Normal,Carrier_B,24.0,252244.0
SHP03448B,Bengaluru,Jebel Ali,Air,General Merchandise,3448.0,5.25,6848.0,AIR_CARGO,98.71,Normal,Carrier_E,15.0,240762.0
SHP03449H,Hyderabad,Singapore,Sea,Electronics,3449.0,4.23,4259.0,40FT,100.54,Off_Peak,Carrier_D,8.0,59410.0
SHP03450D,Delhi,Los Angeles,Sea,Furniture,3450.0,0.5,1489.0,AIR_CARGO,101.87,Off_Peak,Carrier_C,2.0,32900.0
SHP03451D,Delhi,Los Angeles,Sea,Automotive Parts,3451.0,5.37,4820.0,40FT_HC,82.01,Normal,Carrier_B,9.0,46406.0
SHP03452D,Delhi,Hamburg,Air,Chemicals,3452.0,3.46,7039.0,LCL,86.31,Normal,Carrier_D,15.0,184298.0
SHP03453B,Bengaluru,Colombo,Air,Chemicals,3453.0,14.22,8587.0,20FT,84.84,Peak,Carrier_E,17.0,272149.0
SHP03454D,Delhi,Singapore,Sea,Furniture,3454.0,8.26,10564.0,AIR_CARGO,98.05,Normal,Carrier_D,24.0,102488.0
SHP03455H,Hyderabad,Hamburg,Road,General Merchandise,3455.0,6.26,11356.0,20FT,78.03,Normal,Carrier_B,22.0,89629.0
SHP03456P,Pune,Singapore,Sea,General Merchandise,3456.0,7.69,1678.0,LCL,95.73,Off_Peak,Carrier_B,3.0,32881.0
SHP03457B,Bengaluru,Hamburg,Sea,Electronics,3457.0,17.73,7410.0,20FT,78.5,Peak,Carrier_E,17.0,64447.0
SHP03458D,Delhi,Jebel Ali,Air,Automotive Parts,3458.0,4.92,8166.0,AIR_CARGO,88.48,Normal,Carrier_E,15.0,225358.0
SHP03459C,Chennai,London,Air,Chemicals,3459.0,2.27,2479.0,40FT,102.47,Off_Peak,Carrier_D,5.0,106163.0
SHP03460C,Chennai,Singapore,Sea,Pharmaceuticals,3460.0,14.07,6774.0,40FT_HC,91.5,Normal,Carrier_D,13.0,76548.0
SHP03461M,Mumbai,London,Sea,Machinery,3461.0,6.32,4351.0,40FT_HC,86.21,Normal,Carrier_B,4.0,48323.0
SHP03462D,Delhi,Jebel Ali,Sea,Machinery,3462.0,2.06,1390.0,20FT,99.63,Normal,Carrier_E,6.0,41651.0
SHP03463D,Delhi,Los Angeles,Sea,Automotive Parts,3463.0,6.86,1257.0,40FT_HC,104.61,Normal,Carrier_A,6.0,56862.0
SHP03464B,Bengaluru,New York,Sea,Textiles,3464.0,0.5,9231.0,40FT_HC,85.18,Normal,Carrier_E,21.0,73456.0
SHP03465B,Bengaluru,Rotterdam,Sea,Electronics,3465.0,9.93,7578.0,40FT,86.98,Off_Peak,Carrier_C,20.0,60976.0
SHP03466A,Mumbai,Shanghai,Air,Automotive Parts,3466.0,4.44,8724.0,20FT,100.61,Normal,Carrier_C,21.0,268704.0
SHP03467P,Pune,Rotterdam,Sea,Furniture,3467.0,3.7,8381.0,40FT,113.61,Off_Peak,Carrier_E,17.0,89679.0
SHP03468D,Delhi,Rotterdam,Sea,Furniture,3468.0,0.5,2045.0,40FT,83.55,Normal,Carrier_D,8.0,76820.0
SHP03469M,Mumbai,Shanghai,Air,Machinery,3469.0,1.0,2243.0,LCL,101.17,Normal,Carrier_C,6.0,108919.0
SHP03470P,Pune,Jebel Ali,Sea,General Merchandise,3470.0,1.01,3404.0,20FT,111.26,Normal,Carrier_B,7.0,60801.0
SHP03471D,Delhi,Jebel Ali,Sea,Machinery,3471.0,9.12,5090.0,40FT,93.48,Peak,Carrier_B,10.0,84765.0
SHP03472P,Pune,Los Angeles,Sea,General Merchandise,3472.0,3.73,11301.0,AIR_CARGO,87.67,Peak,Carrier_B,22.0,311340.0
SHP03473H,Hyderabad,New York,Sea,Electronics,3473.0,19.98,8250.0,40FT_HC,101.67,Off_Peak,Carrier_E,18.0,89617.0
SHP03474B,Bengaluru,Dubai,Air,General Merchandise,3474.0,0.78,3434.0,20FT,76.26,Peak,Carrier_C,11.0,103302.0
SHP03475D,Delhi,Rotterdam,Sea,Automotive Parts,3475.0,8.15,1144.0,LCL,89.41,Peak,Carrier_D,6.0,94197.0
SHP03476P,Pune,Colombo,Air,General Merchandise,3476.0,13.0,8369.0,40FT,85.32,Normal,Carrier_B,16.0,255255.0
SHP03477B,Bengaluru,Rotterdam,Sea,Textiles,3477.0,7.61,7691.0,AIR_CARGO,83.98,Peak,Carrier_D,14.0,93859.0
SHP03478D,Delhi,Dubai,Sea,Furniture,3478.0,12.29,8271.0,40FT_HC,82.19,Off_Peak,Carrier_B,18.0,58922.0
SHP03479K,Kolkata,Singapore,Sea,Automotive Parts,3479.0,6.16,3504.0,40FT_HC,104.48,Off_Peak,Carrier_E,10.0,56146.0
SHP03480B,Bengaluru,Los Angeles,Sea,Furniture,3480.0,0.5,6445.0,AIR_CARGO,113.2,Normal,Carrier_B,16.0,91913.0
SHP03481P,Pune,London,Sea,Electronics,3481.0,12.4,4660.0,20FT,90.39,Normal,Carrier_E,10.0,59149.0
SHP03482M,Mumbai,London,Sea,Automotive Parts,3482.0,3.54,9904.0,40FT_HC,76.96,Normal,Carrier_C,21.0,62805.0
SHP03483K,Kolkata,Dubai,Sea,Textiles,3483.0,9.37,1298.0,40FT_HC,103.76,Normal,Carrier_C,6.0,43881.0
SHP03484H,Hyderabad,Rotterdam,Sea,Electronics,3484.0,6.68,3668.0,40FT_HC,96.53,Normal,Carrier_D,6.0,68304.0
SHP03485D,Delhi,London,Sea,Machinery,3485.0,12.02,7434.0,40FT,103.95,Peak,Carrier_B,16.0,93741.0
SHP03486A,Mumbai,Dubai,Sea,Textiles,3486.0,6.26,2860.0,40FT,100.92,Normal,Carrier_C,9.0,51453.0
SHP03487H,Hyderabad,Shanghai,Sea,Electronics,3487.0,0.5,8236.0,40FT_HC,111.22,Normal,Carrier_A,18.0,93140.0
SHP03488B,Bengaluru,Jebel Ali,Sea,Pharmaceuticals,3488.0,19.78,2073.0,LCL,80.62,Off_Peak,Carrier_A,6.0,36358.0
SHP03489K,Kolkata,Hamburg,Sea,General Merchandise,3489.0,13.01,762.0,40FT_HC,81.77,Normal,Carrier_D,9.0,37508.0
SHP03490H,Hyderabad,Jebel Ali,Sea,Automotive Parts,3490.0,2.92,10430.0,20FT,88.66,Normal,Carrier_C,25.0,76522.0
SHP03491M,Mumbai,Rotterdam,Sea,Electronics,3491.0,10.27,4335.0,LCL,94.66,Normal,Carrier_E,10.0,48756.0
SHP03492A,Mumbai,Dubai,Sea,Automotive Parts,3492.0,6.65,2304.0,20FT,112.03,Off_Peak,Carrier_A,6.0,51401.0
SHP03493B,Bengaluru,Singapore,Road,General Merchandise,3493.0,10.51,2486.0,AIR_CARGO,111.28,Off_Peak,Carrier_C,8.0,66138.0
SHP03494K,Kolkata,London,Road,Electronics,3494.0,9.62,10688.0,AIR_CARGO,109.87,Off_Peak,Carrier_E,21.0,146903.0
SHP03495H,Hyderabad,London,Air,Machinery,3495.0,7.52,8026.0,40FT,83.9,Peak,Carrier_B,19.0,228014.0
SHP03496K,Kolkata,London,Sea,Pharmaceuticals,3496.0,10.88,11498.0,40FT,104.19,Normal,Carrier_C,20.0,102196.0
SHP03497K,Kolkata,Dubai,Road,Pharmaceuticals,3497.0,9.69,9700.0,40FT,90.34,Normal,Carrier_B,19.0,109934.0
SHP03498H,Hyderabad,Jebel Ali,Road,Textiles,3498.0,7.32,9327.0,AIR_CARGO,112.25,Normal,Carrier_A,20.0,150053.0
SHP03499C,Chennai,Singapore,Sea,Electronics,3499.0,1.87,6248.0,20FT,83.58,Off_Peak,Carrier_B,15.0,40316.0
SHP03500D,Delhi,Dubai,Air,General Merchandise,3500.0,5.23,9939.0,LCL,80.65,Normal,Carrier_A,17.0,202717.0
SHP03501P,Pune,Rotterdam,Sea,Electronics,3501.0,7.46,5246.0,40FT,108.7,Normal,Carrier_D,10.0,78037.0
SHP03502B,Bengaluru,Los Angeles,Sea,Automotive Parts,3502.0,5.74,10011.0,AIR_CARGO,103.68,Normal,Carrier_D,17.0,328229.0
SHP03503B,Bengaluru,Rotterdam,Sea,Chemicals,3503.0,19.36,9214.0,40FT,107.86,Normal,Carrier_A,17.0,162347.0
SHP03504A,Mumbai,Hamburg,Sea,Furniture,3504.0,5.7,8302.0,40FT_HC,81.32,Off_Peak,Carrier_E,15.0,53549.0
SHP03505A,Mumbai,Los Angeles,Sea,Electronics,3505.0,11.99,4292.0,LCL,110.39,Normal,Carrier_D,11.0,85733.0
SHP03506A,Mumbai,Rotterdam,Sea,Pharmaceuticals,3506.0,0.64,7753.0,20FT,102.1,Normal,Carrier_E,17.0,78007.0
SHP03507B,Bengaluru,Singapore,Road,Pharmaceuticals,3507.0,4.27,6328.0,40FT,101.06,Normal,Carrier_E,13.0,90888.0
SHP03508K,Kolkata,New York,Sea,Furniture,3508.0,4.59,5808.0,40FT_HC,98.3,Peak,Carrier_E,13.0,75989.0
SHP03509A,Mumbai,New York,Air,Pharmaceuticals,3509.0,18.96,11888.0,40FT_HC,105.6,Normal,Carrier_C,26.0,489068.0
SHP03510H,Hyderabad,New York,Sea,Machinery,3510.0,8.87,6301.0,LCL,91.62,Normal,Carrier_C,11.0,49257.0
SHP03511D,Delhi,Hamburg,Sea,Electronics,3511.0,12.91,868.0,AIR_CARGO,80.31,Normal,Carrier_E,1.0,29185.0
SHP03512M,Mumbai,Hamburg,Sea,Textiles,3512.0,9.91,7704.0,AIR_CARGO,96.57,Off_Peak,Carrier_A,17.0,70774.0
SHP03513B,Bengaluru,New York,Road,Electronics,3513.0,13.06,8872.0,40FT,104.92,Normal,Carrier_D,17.0,136397.0
SHP03514H,Hyderabad,Shanghai,Air,Chemicals,3514.0,7.71,10680.0,40FT,81.15,Normal,Carrier_B,19.0,236649.0
SHP03515D,Delhi,London,Road,Pharmaceuticals,3515.0,6.14,7776.0,AIR_CARGO,83.96,Off_Peak,Carrier_C,17.0,81073.0
SHP03516D,Delhi,Los Angeles,Sea,Automotive Parts,3516.0,8.14,724.0,20FT,102.86,Normal,Carrier_C,1.0,30504.0
SHP03517C,Chennai,Los Angeles,Sea,Pharmaceuticals,3517.0,1.27,1877.0,20FT,85.79,Normal,Carrier_B,4.0,32770.0
SHP03518P,Pune,London,Sea,Electronics,3518.0,9.97,2354.0,40FT_HC,81.8,Peak,Carrier_E,2.0,39777.0
SHP03519H,Hyderabad,Jebel Ali,Sea,Machinery,3519.0,10.57,2930.0,LCL,110.58,Normal,Carrier_B,8.0,59030.0
SHP03520B,Bengaluru,Shanghai,Sea,General Merchandise,3520.0,7.22,9697.0,20FT,81.44,Off_Peak,Carrier_E,23.0,69502.0
SHP03521A,Mumbai,New York,Sea,Electronics,3521.0,8.86,4062.0,40FT,88.77,Normal,Carrier_C,8.0,52287.0
SHP03522K,Kolkata,London,Sea,Electronics,3522.0,6.38,4092.0,20FT,92.14,Normal,Carrier_B,8.0,54926.0
SHP03523A,Mumbai,Dubai,Sea,Textiles,3523.0,4.55,9189.0,LCL,94.05,Normal,Carrier_A,22.0,71360.0
SHP03524D,Delhi,Los Angeles,Sea,Machinery,3524.0,5.4,5243.0,40FT,89.45,Normal,Carrier_D,13.0,59147.0
SHP03525D,Delhi,Dubai,Sea,Chemicals,3525.0,7.51,1243.0,LCL,111.5,Peak,Carrier_D,9.0,61078.0
SHP03526M,Mumbai,London,Sea,General Merchandise,3526.0,19.43,7229.0,AIR_CARGO,101.35,Off_Peak,Carrier_D,15.0,87486.0
SHP03527A,Mumbai,London,Road,Pharmaceuticals,3527.0,8.15,1996.0,LCL,89.38,Off_Peak,Carrier_B,6.0,38047.0
SHP03528P,Pune,Rotterdam,Sea,Automotive Parts,3528.0,4.76,7074.0,LCL,89.31,Normal,Carrier_E,18.0,195774.0
SHP03529P,Pune,Rotterdam,Sea,Electronics,3529.0,1.48,9466.0,LCL,95.12,Peak,Carrier_C,19.0,127449.0
SHP03530C,Chennai,Singapore,Sea,Chemicals,3530.0,4.35,11189.0,40FT,76.35,Normal,Carrier_D,23.0,74249.0
SHP03531P,Pune,Singapore,Sea,General Merchandise,3531.0,6.61,1271.0,LCL,112.07,Peak,Carrier_B,1.0,46106.0
SHP03532D,Delhi,Hamburg,Air,Automotive Parts,3532.0,5.9,3996.0,LCL,83.93,Normal,Carrier_D,13.0,139159.0
SHP03533D,Delhi,Hamburg,Sea,Chemicals,3533.0,10.7,8003.0,40FT_HC,102.9,Peak,Carrier_E,17.0,105553.0
SHP03534P,Pune,New York,Sea,Machinery,3534.0,3.35,4128.0,40FT,106.11,Normal,Carrier_A,9.0,60732.0
SHP03535K,Kolkata,Rotterdam,Sea,Machinery,3535.0,4.85,5687.0,LCL,108.1,Normal,Carrier_A,14.0,75163.0
SHP03536K,Kolkata,New York,Sea,General Merchandise,3536.0,7.42,731.0,20FT,81.63,Normal,Carrier_C,1.0,21911.0
SHP03537P,Pune,London,Sea,Pharmaceuticals,3537.0,17.36,8475.0,LCL,96.47,Normal,Carrier_A,16.0,80557.0
SHP03538M,Mumbai,New York,Sea,Furniture,3538.0,8.64,10658.0,20FT,78.35,Off_Peak,Carrier_A,22.0,57211.0
SHP03539H,Hyderabad,London,Air,Automotive Parts,3539.0,17.96,11734.0,AIR_CARGO,107.19,Normal,Carrier_B,23.0,505793.0
SHP03540M,Mumbai,Los Angeles,Sea,Machinery,3540.0,8.38,10051.0,AIR_CARGO,94.46,Peak,Carrier_B,21.0,101275.0
SHP03541M,Mumbai,Rotterdam,Sea,Furniture,3541.0,3.99,865.0,40FT,81.34,Normal,Carrier_C,4.0,33463.0
SHP03542P,Pune,Singapore,Air,General Merchandise,3542.0,5.61,7996.0,40FT,103.75,Peak,Carrier_C,18.0,283203.0
SHP03543K,Kolkata,New York,Sea,Machinery,3543.0,9.91,6200.0,AIR_CARGO,88.25,Peak,Carrier_B,11.0,68359.0
SHP03544A,Mumbai,Rotterdam,Sea,Machinery,3544.0,21.59,11286.0,40FT,79.58,Normal,Carrier_A,25.0,78530.0
SHP03545A,Mumbai,Los Angeles,Sea,Chemicals,3545.0,22.83,10875.0,20FT,93.44,Normal,Carrier_E,21.0,135970.0
SHP03546P,Pune,Dubai,Sea,Furniture,3546.0,0.5,11863.0,20FT,84.41,Peak,Carrier_A,24.0,85785.0
SHP03547A,Mumbai,Singapore,Sea,Chemicals,3547.0,4.77,10412.0,40FT_HC,113.01,Normal,Carrier_A,20.0,111286.0
SHP03548H,Hyderabad,Shanghai,Sea,Machinery,3548.0,16.22,6789.0,40FT,89.45,Normal,Carrier_E,14.0,68598.0
SHP03549K,Kolkata,Colombo,Sea,Furniture,3549.0,2.31,8721.0,40FT,97.9,Normal,Carrier_C,18.0,82446.0
SHP03550P,Pune,Rotterdam,Sea,Textiles,3550.0,14.05,11594.0,40FT_HC,112.93,Off_Peak,Carrier_B,25.0,125168.0
SHP03551C,Chennai,Jebel Ali,Air,Furniture,3551.0,3.01,7148.0,LCL,90.75,Peak,Carrier_C,17.0,206603.0
SHP03552B,Bengaluru,Rotterdam,Sea,Chemicals,3552.0,11.41,10160.0,20FT,89.33,Normal,Carrier_C,21.0,67792.0
SHP03553B,Bengaluru,London,Sea,Automotive Parts,3553.0,11.77,11335.0,LCL,81.5,Peak,Carrier_C,21.0,75374.0
SHP03554P,Pune,Shanghai,Sea,General Merchandise,3554.0,13.11,7061.0,40FT_HC,112.53,Peak,Carrier_B,16.0,109760.0
SHP03555P,Pune,Jebel Ali,Sea,General Merchandise,3555.0,22.81,2330.0,40FT,107.03,Off_Peak,Carrier_C,7.0,51967.0
SHP03556C,Chennai,New York,Sea,Pharmaceuticals,3556.0,6.06,2289.0,LCL,83.84,Normal,Carrier_C,6.0,33135.0
SHP03557A,Mumbai,Los Angeles,Sea,Automotive Parts,3557.0,4.62,1826.0,40FT,88.31,Normal,Carrier_D,6.0,40482.0
SHP03558B,Bengaluru,Jebel Ali,Sea,Automotive Parts,3558.0,10.05,5978.0,40FT_HC,111.6,Normal,Carrier_A,10.0,74677.0
SHP03559H,Hyderabad,New York,Sea,Automotive Parts,3559.0,4.28,6022.0,AIR_CARGO,96.49,Normal,Carrier_D,9.0,75812.0
SHP03560P,Pune,New York,Sea,Pharmaceuticals,3560.0,12.04,7600.0,40FT,97.25,Off_Peak,Carrier_B,18.0,74701.0
SHP03561K,Kolkata,New York,Sea,Automotive Parts,3561.0,12.06,6053.0,LCL,100.93,Normal,Carrier_E,13.0,69291.0
SHP03562B,Bengaluru,London,Air,Electronics,3562.0,6.2,11690.0,LCL,105.49,Peak,Carrier_E,24.0,437413.0
SHP03563H,Hyderabad,Jebel Ali,Sea,Pharmaceuticals,3563.0,4.58,3850.0,40FT_HC,112.57,Normal,Carrier_D,7.0,78415.0
SHP03564K,Kolkata,Hamburg,Sea,General Merchandise,3564.0,4.84,10549.0,LCL,107.09,Normal,Carrier_D,24.0,106351.0
SHP03565P,Pune,Los Angeles,Sea,Electronics,3565.0,0.5,1654.0,20FT,112.38,Normal,Carrier_D,6.0,51631.0
SHP03566H,Hyderabad,Dubai,Air,Pharmaceuticals,3566.0,16.58,7422.0,40FT,107.82,Normal,Carrier_A,15.0,311766.0
SHP03567C,Chennai,Rotterdam,Sea,Machinery,3567.0,13.48,7956.0,20FT,76.86,Off_Peak,Carrier_B,17.0,48357.0
SHP03568P,Pune,London,Air,Machinery,3568.0,4.67,9381.0,40FT_HC,79.7,Peak,Carrier_C,16.0,215698.0
SHP03569M,Mumbai,Singapore,Air,General Merchandise,3569.0,10.92,6285.0,20FT,110.4,Normal,Carrier_D,14.0,322147.0
SHP03570C,Chennai,Dubai,Road,Machinery,3570.0,0.5,2768.0,20FT,76.11,Normal,Carrier_A,10.0,39860.0
SHP03571B,Bengaluru,Los Angeles,Sea,Automotive Parts,3571.0,3.93,4743.0,40FT,106.77,Normal,Carrier_E,11.0,76465.0
SHP03572K,Kolkata,London,Sea,Pharmaceuticals,3572.0,8.59,3630.0,40FT,108.99,Off_Peak,Carrier_E,9.0,57037.0
SHP03573H,Hyderabad,Dubai,Air,Electronics,3573.0,3.25,5320.0,AIR_CARGO,91.62,Normal,Carrier_E,11.0,158758.0
SHP03574B,Bengaluru,Rotterdam,Sea,Automotive Parts,3574.0,3.97,6595.0,20FT,89.19,Peak,Carrier_D,16.0,100130.0
SHP03575B,Bengaluru,New York,Road,Machinery,3575.0,3.97,7688.0,40FT,82.78,Normal,Carrier_E,18.0,81794.0
SHP03576P,Pune,Shanghai,Sea,Chemicals,3576.0,2.97,10219.0,20FT,76.96,Normal,Carrier_E,20.0,59761.0
SHP03577M,Mumbai,New York,Sea,Furniture,3577.0,6.79,10965.0,20FT,104.82,Normal,Carrier_E,23.0,113385.0
SHP03578A,Mumbai,Los Angeles,Sea,Electronics,3578.0,4.26,5820.0,40FT_HC,77.95,Peak,Carrier_C,13.0,51863.0
SHP03579B,Bengaluru,Rotterdam,Sea,Automotive Parts,3579.0,6.5,1520.0,40FT_HC,112.79,Normal,Carrier_E,6.0,181254.0
SHP03580M,Mumbai,Dubai,Sea,Pharmaceuticals,3580.0,5.3,9666.0,20FT,86.87,Off_Peak,Carrier_A,18.0,62255.0
SHP03581K,Kolkata,Colombo,Sea,General Merchandise,3581.0,12.22,5987.0,40FT_HC,106.77,Normal,Carrier_D,15.0,91603.0
SHP03582K,Kolkata,Shanghai,Air,Automotive Parts,3582.0,0.5,6784.0,40FT,77.39,Normal,Carrier_C,15.0,137866.0
SHP03583H,Hyderabad,New York,Sea,Chemicals,3583.0,5.84,7352.0,20FT,96.45,Normal,Carrier_C,18.0,64436.0
SHP03584A,Mumbai,Hamburg,Road,Machinery,3584.0,8.67,8180.0,40FT_HC,88.96,Peak,Carrier_D,15.0,119114.0
SHP03585M,Mumbai,Dubai,Sea,Electronics,3585.0,3.05,10736.0,40FT,76.2,Normal,Carrier_E,19.0,68623.0
SHP03586C,Chennai,New York,Sea,General Merchandise,3586.0,1.87,11450.0,20FT,101.23,Normal,Carrier_E,27.0,107194.0
SHP03587K,Kolkata,Dubai,Sea,Electronics,3587.0,5.09,11312.0,20FT,112.73,Peak,Carrier_B,25.0,138571.0
SHP03588P,Pune,Shanghai,Air,General Merchandise,3588.0,1.77,9809.0,40FT_HC,75.43,Normal,Carrier_E,18.0,188479.0
SHP03589A,Mumbai,Los Angeles,Sea,Furniture,3589.0,14.4,10726.0,40FT,85.82,Normal,Carrier_A,23.0,86664.0
SHP03590H,Hyderabad,Singapore,Sea,Pharmaceuticals,3590.0,8.88,1071.0,20FT,103.14,Peak,Carrier_E,3.0,52672.0
SHP03591C,Chennai,New York,Road,Electronics,3591.0,10.05,10265.0,20FT,109.85,Normal,Carrier_D,17.0,148831.0
SHP03592K,Kolkata,Dubai,Sea,Machinery,3592.0,2.41,1331.0,AIR_CARGO,82.63,Normal,Carrier_E,1.0,34393.0
SHP03593K,Kolkata,Singapore,Sea,Pharmaceuticals,3593.0,3.03,9081.0,20FT,77.83,Peak,Carrier_D,18.0,71782.0
SHP03594H,Hyderabad,Singapore,Sea,Pharmaceuticals,3594.0,4.21,2448.0,AIR_CARGO,75.35,Normal,Carrier_C,10.0,37377.0
SHP03595H,Hyderabad,Hamburg,Sea,Furniture,3595.0,4.67,4641.0,AIR_CARGO,83.61,Normal,Carrier_B,13.0,48365.0
SHP03596D,Delhi,Singapore,Sea,General Merchandise,3596.0,8.46,2618.0,40FT,77.85,Peak,Carrier_C,9.0,44085.0
SHP03597P,Pune,Shanghai,Sea,Textiles,3597.0,11.67,5600.0,LCL,89.38,Peak,Carrier_D,14.0,70553.0
SHP03598B,Bengaluru,Rotterdam,Sea,Electronics,3598.0,0.5,5235.0,AIR_CARGO,92.61,Normal,Carrier_B,12.0,57022.0
SHP03599B,Bengaluru,Singapore,Sea,Electronics,3599.0,12.46,1053.0,40FT,94.2,Normal,Carrier_C,6.0,43133.0
SHP03600C,Chennai,Colombo,Air,Automotive Parts,3600.0,7.45,10051.0,40FT_HC,80.69,Normal,Carrier_E,16.0,221724.0
SHP03601B,Bengaluru,Dubai,Sea,General Merchandise,3601.0,6.88,10323.0,AIR_CARGO,93.56,Normal,Carrier_E,23.0,82017.0
SHP03602C,Chennai,Singapore,Sea,Chemicals,3602.0,0.5,9556.0,LCL,75.36,Normal,Carrier_B,17.0,55735.0
SHP03603A,Mumbai,Jebel Ali,Sea,Textiles,3603.0,7.08,10247.0,40FT_HC,84.58,Normal,Carrier_C,19.0,78121.0
SHP03604K,Kolkata,Rotterdam,Sea,Machinery,3604.0,0.56,9135.0,AIR_CARGO,89.76,Normal,Carrier_A,20.0,71129.0
SHP03605D,Delhi,London,Sea,Automotive Parts,3605.0,15.84,11281.0,AIR_CARGO,79.73,Peak,Carrier_A,24.0,90133.0
SHP03606D,Delhi,Rotterdam,Sea,Furniture,3606.0,19.16,7129.0,LCL,107.56,Normal,Carrier_A,14.0,81388.0
SHP03607P,Pune,Los Angeles,Sea,Textiles,3607.0,6.68,7200.0,20FT,83.05,Normal,Carrier_C,16.0,161793.0
SHP03608P,Pune,London,Sea,General Merchandise,3608.0,5.27,10389.0,LCL,105.2,Normal,Carrier_C,22.0,98036.0
SHP03609K,Kolkata,Hamburg,Road,Textiles,3609.0,8.88,4518.0,40FT,93.96,Peak,Carrier_C,10.0,77939.0
SHP03610H,Hyderabad,Rotterdam,Sea,Furniture,3610.0,8.38,1076.0,40FT,94.19,Normal,Carrier_D,4.0,44128.0
SHP03611P,Pune,Los Angeles,Sea,Pharmaceuticals,3611.0,2.54,9123.0,LCL,100.81,Normal,Carrier_A,23.0,89018.0
SHP03612P,Pune,Rotterdam,Sea,Electronics,3612.0,27.46,3428.0,LCL,76.77,Normal,Carrier_A,8.0,40825.0
SHP03613M,Mumbai,Singapore,Sea,Pharmaceuticals,3613.0,18.49,5954.0,LCL,78.15,Normal,Carrier_A,12.0,51510.0
SHP03614M,Mumbai,New York,Air,Electronics,3614.0,6.47,3265.0,LCL,88.07,Normal,Carrier_D,8.0,128793.0
SHP03615B,Bengaluru,New York,Sea,Automotive Parts,3615.0,5.54,10012.0,LCL,91.67,Normal,Carrier_D,20.0,77857.0
SHP03616H,Hyderabad,Los Angeles,Sea,Furniture,3616.0,12.88,11520.0,AIR_CARGO,92.2,Off_Peak,Carrier_C,25.0,83718.0
SHP03617C,Chennai,Rotterdam,Sea,General Merchandise,3617.0,10.41,1133.0,40FT_HC,102.08,Normal,Carrier_A,7.0,47842.0
SHP03618A,Mumbai,Los Angeles,Sea,General Merchandise,3618.0,14.1,3184.0,40FT,75.03,Normal,Carrier_A,7.0,114533.0
SHP03619D,Delhi,Hamburg,Air,Textiles,3619.0,10.46,2680.0,40FT,113.36,Normal,Carrier_E,5.0,176417.0
SHP03620B,Bengaluru,New York,Sea,Automotive Parts,3620.0,0.5,8242.0,40FT_HC,81.98,Off_Peak,Carrier_E,21.0,56361.0
SHP03621P,Pune,Jebel Ali,Air,General Merchandise,3621.0,0.5,5430.0,LCL,84.95,Peak,Carrier_E,12.0,166459.0
SHP03622K,Kolkata,London,Sea,Chemicals,3622.0,3.13,5747.0,40FT_HC,111.23,Normal,Carrier_D,9.0,87893.0
SHP03623H,Hyderabad,Shanghai,Sea,Chemicals,3623.0,4.67,2306.0,LCL,75.22,Normal,Carrier_C,10.0,29989.0
SHP03624P,Pune,Singapore,Road,Pharmaceuticals,3624.0,8.58,5269.0,40FT,114.65,Normal,Carrier_B,14.0,106113.0
SHP03625D,Delhi,Jebel Ali,Sea,Electronics,3625.0,1.69,3987.0,20FT,76.44,Normal,Carrier_A,12.0,29748.0
SHP03626C,Chennai,Jebel Ali,Sea,Textiles,3626.0,10.1,7529.0,40FT,79.82,Normal,Carrier_E,19.0,61386.0
SHP03627C,Chennai,Dubai,Sea,Machinery,3627.0,1.69,2998.0,40FT,84.6,Peak,Carrier_A,13.0,49495.0
SHP03628M,Mumbai,Jebel Ali,Road,Furniture,3628.0,8.55,7570.0,20FT,92.55,Normal,Carrier_A,14.0,97635.0
SHP03629B,Bengaluru,London,Air,Electronics,3629.0,6.19,4844.0,40FT_HC,95.74,Normal,Carrier_A,9.0,171177.0
SHP03630P,Pune,London,Sea,Automotive Parts,3630.0,4.11,4482.0,AIR_CARGO,79.19,Normal,Carrier_C,9.0,35816.0
SHP03631K,Kolkata,Singapore,Air,General Merchandise,3631.0,10.7,4014.0,LCL,77.95,Peak,Carrier_A,8.0,138159.0
SHP03632D,Delhi,Los Angeles,Sea,Electronics,3632.0,9.24,8249.0,LCL,76.27,Normal,Carrier_C,17.0,53726.0
SHP03633P,Pune,Colombo,Sea,Machinery,3633.0,6.32,6968.0,40FT,85.27,Off_Peak,Carrier_B,14.0,59819.0
SHP03634A,Mumbai,Colombo,Sea,Machinery,3634.0,13.86,10295.0,20FT,111.86,Peak,Carrier_B,18.0,121678.0
SHP03635C,Chennai,Rotterdam,Sea,Chemicals,3635.0,1.49,3279.0,40FT,90.59,Peak,Carrier_D,6.0,53169.0
SHP03636P,Pune,Rotterdam,Sea,Automotive Parts,3636.0,0.5,961.0,40FT,105.56,Normal,Carrier_A,3.0,44457.0
SHP03637D,Delhi,Shanghai,Road,Electronics,3637.0,3.85,2593.0,40FT_HC,82.61,Normal,Carrier_E,9.0,53909.0
SHP03638K,Kolkata,London,Sea,Textiles,3638.0,15.79,4449.0,LCL,77.59,Normal,Carrier_D,9.0,46264.0
SHP03639D,Delhi,Rotterdam,Sea,Electronics,3639.0,0.5,2566.0,AIR_CARGO,97.17,Normal,Carrier_D,8.0,50502.0
SHP03640B,Bengaluru,Dubai,Sea,Chemicals,3640.0,16.56,1460.0,20FT,107.88,Peak,Carrier_B,2.0,58796.0
SHP03641M,Mumbai,Rotterdam,Sea,Pharmaceuticals,3641.0,14.73,5621.0,AIR_CARGO,110.94,Normal,Carrier_E,6.0,67319.0
SHP03642D,Delhi,Hamburg,Road,Machinery,3642.0,0.5,8285.0,20FT,96.85,Normal,Carrier_A,17.0,98028.0
SHP03643H,Hyderabad,Hamburg,Sea,Automotive Parts,3643.0,9.96,9143.0,LCL,86.76,Off_Peak,Carrier_A,17.0,67454.0
SHP03644P,Pune,Dubai,Sea,Automotive Parts,3644.0,11.88,5085.0,40FT_HC,79.38,Off_Peak,Carrier_B,9.0,49192.0
SHP03645M,Mumbai,Jebel Ali,Air,Textiles,3645.0,29.94,5998.0,AIR_CARGO,101.71,Normal,Carrier_C,11.0,356524.0
SHP03646K,Kolkata,Hamburg,Sea,Automotive Parts,3646.0,11.78,9188.0,20FT,86.22,Normal,Carrier_B,17.0,69330.0
SHP03647M,Mumbai,Colombo,Sea,Chemicals,3647.0,5.63,4556.0,40FT,108.76,Normal,Carrier_E,8.0,67431.0
SHP03648D,Delhi,Colombo,Sea,Chemicals,3648.0,15.62,9525.0,LCL,99.2,Normal,Carrier_C,18.0,82429.0
SHP03649D,Delhi,Hamburg,Sea,Chemicals,3649.0,11.6,11625.0,40FT_HC,109.36,Normal,Carrier_E,20.0,121774.0
SHP03650H,Hyderabad,Rotterdam,Sea,Automotive Parts,3650.0,6.36,10626.0,40FT,97.67,Off_Peak,Carrier_A,17.0,119818.0
SHP03651C,Chennai,Shanghai,Air,Automotive Parts,3651.0,12.45,5716.0,40FT_HC,105.87,Normal,Carrier_C,8.0,213108.0
SHP03652P,Pune,Shanghai,Sea,Chemicals,3652.0,1.5,7164.0,20FT,86.77,Peak,Carrier_E,20.0,66969.0
SHP03653H,Hyderabad,Colombo,Air,Automotive Parts,3653.0,11.74,8739.0,40FT,95.12,Normal,Carrier_A,18.0,268793.0
SHP03654D,Delhi,Hamburg,Sea,Furniture,3654.0,5.62,4517.0,40FT_HC,75.78,Normal,Carrier_E,13.0,50806.0
SHP03655A,Mumbai,Jebel Ali,Sea,Automotive Parts,3655.0,3.88,9691.0,LCL,99.31,Peak,Carrier_C,19.0,95416.0
SHP03656M,Mumbai,Singapore,Sea,Furniture,3656.0,0.5,5525.0,AIR_CARGO,96.35,Peak,Carrier_A,12.0,74808.0
SHP03657H,Hyderabad,Rotterdam,Sea,Machinery,3657.0,9.95,10239.0,AIR_CARGO,105.21,Normal,Carrier_E,21.0,97324.0
SHP03658H,Hyderabad,Rotterdam,Sea,Electronics,3658.0,0.5,3429.0,40FT,104.16,Off_Peak,Carrier_D,10.0,54356.0
SHP03659P,Pune,Shanghai,Sea,General Merchandise,3659.0,2.21,631.0,LCL,100.1,Off_Peak,Carrier_C,1.0,22976.0
SHP03660A,Mumbai,Hamburg,Road,Furniture,3660.0,8.34,7776.0,LCL,77.27,Normal,Carrier_C,15.0,70342.0
SHP03661A,Mumbai,Los Angeles,Sea,Furniture,3661.0,3.18,5697.0,40FT_HC,111.12,Normal,Carrier_C,13.0,82299.0
SHP03662A,Mumbai,New York,Sea,Automotive Parts,3662.0,5.08,1188.0,40FT,75.72,Normal,Carrier_A,1.0,31591.0
SHP03663P,Pune,Hamburg,Sea,General Merchandise,3663.0,4.86,6108.0,LCL,107.13,Normal,Carrier_C,16.0,66372.0
SHP03664C,Chennai,Dubai,Sea,Pharmaceuticals,3664.0,0.5,2439.0,40FT_HC,94.17,Normal,Carrier_E,9.0,49050.0
SHP03665D,Delhi,Hamburg,Sea,General Merchandise,3665.0,7.9,7742.0,LCL,107.72,Normal,Carrier_D,12.0,90046.0
SHP03666D,Delhi,Rotterdam,Sea,Machinery,3666.0,1.77,5618.0,40FT,93.6,Normal,Carrier_E,10.0,66560.0
SHP03667K,Kolkata,Singapore,Air,Furniture,3667.0,4.63,2468.0,LCL,100.88,Peak,Carrier_E,7.0,186543.0
SHP03668P,Pune,Dubai,Sea,Automotive Parts,3668.0,0.5,5237.0,LCL,89.53,Peak,Carrier_C,13.0,54594.0
SHP03669C,Chennai,Shanghai,Sea,Chemicals,3669.0,3.1,3176.0,LCL,104.75,Normal,Carrier_D,11.0,51030.0
SHP03670K,Kolkata,London,Sea,General Merchandise,3670.0,13.58,8011.0,AIR_CARGO,85.17,Off_Peak,Carrier_D,15.0,58801.0
SHP03671K,Kolkata,London,Sea,Automotive Parts,3671.0,6.54,3894.0,20FT,103.77,Off_Peak,Carrier_D,14.0,58656.0
SHP03672K,Kolkata,Los Angeles,Sea,Textiles,3672.0,9.88,9953.0,40FT,82.74,Normal,Carrier_D,20.0,73225.0
SHP03673P,Pune,Shanghai,Air,Pharmaceuticals,3673.0,12.54,663.0,AIR_CARGO,103.89,Normal,Carrier_B,3.0,143178.0
SHP03674B,Bengaluru,Jebel Ali,Sea,Chemicals,3674.0,12.83,5139.0,20FT,86.75,Normal,Carrier_D,12.0,57496.0
SHP03675K,Kolkata,Colombo,Sea,Textiles,3675.0,10.4,7596.0,LCL,86.15,Normal,Carrier_C,16.0,63745.0
SHP03676H,Hyderabad,Los Angeles,Sea,Textiles,3676.0,12.44,760.0,LCL,107.46,Normal,Carrier_D,4.0,36153.0
SHP03677M,Mumbai,London,Sea,General Merchandise,3677.0,3.16,2982.0,AIR_CARGO,107.55,Peak,Carrier_E,11.0,66050.0
SHP03678H,Hyderabad,Colombo,Sea,Textiles,3678.0,12.83,4265.0,40FT_HC,102.66,Normal,Carrier_B,10.0,70562.0
SHP03679H,Hyderabad,Jebel Ali,Air,Machinery,3679.0,10.14,751.0,40FT,111.96,Peak,Carrier_E,1.0,192362.0
SHP03680D,Delhi,Shanghai,Sea,Machinery,3680.0,3.33,6787.0,20FT,81.25,Normal,Carrier_C,13.0,45147.0
SHP03681B,Bengaluru,Colombo,Air,General Merchandise,3681.0,15.97,7755.0,LCL,85.77,Normal,Carrier_C,19.0,223613.0
SHP03682P,Pune,Shanghai,Sea,Automotive Parts,3682.0,8.79,3117.0,40FT,86.76,Normal,Carrier_D,9.0,48784.0
SHP03683K,Kolkata,Jebel Ali,Air,Electronics,3683.0,4.9,6750.0,LCL,87.21,Normal,Carrier_C,11.0,215321.0
SHP03684D,Delhi,New York,Sea,Automotive Parts,3684.0,19.99,11990.0,LCL,88.12,Normal,Carrier_B,21.0,99443.0
SHP03685C,Chennai,Dubai,Air,Automotive Parts,3685.0,41.52,10700.0,LCL,102.88,Normal,Carrier_E,22.0,540871.0
SHP03686C,Chennai,Colombo,Sea,Automotive Parts,3686.0,6.94,1175.0,40FT,85.83,Normal,Carrier_C,5.0,30470.0
SHP03687P,Pune,Colombo,Road,Automotive Parts,3687.0,12.89,1971.0,AIR_CARGO,86.44,Normal,Carrier_C,4.0,47768.0
SHP03688D,Delhi,Shanghai,Sea,Chemicals,3688.0,8.84,6186.0,40FT,97.82,Normal,Carrier_B,10.0,81467.0
SHP03689M,Mumbai,Shanghai,Sea,Electronics,3689.0,8.77,3320.0,40FT,82.73,Normal,Carrier_A,6.0,48537.0
SHP03690P,Pune,Colombo,Sea,Chemicals,3690.0,3.25,1431.0,40FT_HC,89.6,Normal,Carrier_A,8.0,40336.0
SHP03691D,Delhi,Shanghai,Air,Textiles,3691.0,10.31,3427.0,40FT_HC,77.32,Normal,Carrier_B,9.0,136397.0
SHP03692D,Delhi,Singapore,Sea,Pharmaceuticals,3692.0,1.68,1204.0,AIR_CARGO,113.1,Normal,Carrier_C,6.0,40226.0
SHP03693B,Bengaluru,Singapore,Air,Automotive Parts,3693.0,8.24,6594.0,40FT_HC,87.69,Normal,Carrier_B,16.0,203219.0
SHP03694P,Pune,New York,Sea,Pharmaceuticals,3694.0,1.8,6138.0,AIR_CARGO,109.0,Normal,Carrier_B,12.0,78509.0
SHP03695C,Chennai,New York,Sea,Machinery,3695.0,11.73,573.0,LCL,96.2,Normal,Carrier_A,2.0,32249.0
SHP03696C,Chennai,New York,Sea,General Merchandise,3696.0,0.5,6049.0,LCL,84.13,Normal,Carrier_D,13.0,48197.0
SHP03697K,Kolkata,London,Road,General Merchandise,3697.0,4.82,6478.0,40FT,82.74,Peak,Carrier_C,15.0,73290.0
SHP03698H,Hyderabad,London,Air,Chemicals,3698.0,2.32,7466.0,LCL,102.8,Normal,Carrier_E,18.0,255286.0
SHP03699P,Pune,Hamburg,Road,Chemicals,3699.0,4.55,11656.0,40FT_HC,113.59,Peak,Carrier_B,27.0,217104.0
SHP03700D,Delhi,Los Angeles,Sea,Machinery,3700.0,4.79,11801.0,20FT,82.32,Normal,Carrier_A,25.0,73024.0
SHP03701P,Pune,Dubai,Sea,Automotive Parts,3701.0,12.61,6560.0,40FT,79.62,Normal,Carrier_D,16.0,56601.0
SHP03702D,Delhi,Singapore,Air,Pharmaceuticals,3702.0,6.54,10220.0,AIR_CARGO,90.48,Normal,Carrier_C,24.0,242327.0
SHP03703M,Mumbai,Jebel Ali,Sea,Furniture,3703.0,0.5,1479.0,LCL,90.75,Normal,Carrier_B,4.0,37606.0
SHP03704P,Pune,Dubai,Air,Pharmaceuticals,3704.0,2.42,6608.0,40FT,107.25,Peak,Carrier_A,16.0,311399.0
SHP03705A,Mumbai,Dubai,Road,Electronics,3705.0,11.25,8307.0,40FT,93.76,Normal,Carrier_B,18.0,105430.0
SHP03706A,Mumbai,Jebel Ali,Road,Textiles,3706.0,1.79,6994.0,40FT,77.5,Normal,Carrier_E,16.0,71859.0
SHP03707C,Chennai,Rotterdam,Sea,General Merchandise,3707.0,2.76,3153.0,LCL,111.83,Normal,Carrier_C,7.0,154755.0
SHP03708M,Mumbai,Colombo,Sea,Textiles,3708.0,10.97,1221.0,AIR_CARGO,89.93,Normal,Carrier_C,1.0,35492.0
SHP03709B,Bengaluru,Los Angeles,Sea,Electronics,3709.0,4.12,4947.0,40FT,101.74,Normal,Carrier_C,12.0,66804.0
SHP03710K,Kolkata,Hamburg,Road,Chemicals,3710.0,0.5,7948.0,40FT,101.7,Normal,Carrier_C,17.0,106576.0
SHP03711M,Mumbai,New York,Sea,Pharmaceuticals,3711.0,21.12,11905.0,40FT,77.25,Peak,Carrier_A,22.0,86281.0
SHP03712C,Chennai,Jebel Ali,Air,General Merchandise,3712.0,0.5,3220.0,LCL,75.14,Normal,Carrier_E,8.0,113795.0
SHP03713B,Bengaluru,London,Air,Textiles,3713.0,9.72,11055.0,40FT_HC,78.52,Normal,Carrier_B,20.0,232942.0
SHP03714D,Delhi,New York,Sea,Furniture,3714.0,5.84,1285.0,AIR_CARGO,113.26,Normal,Carrier_A,3.0,41032.0
SHP03715B,Bengaluru,Shanghai,Road,Chemicals,3715.0,8.72,11206.0,40FT,106.76,Peak,Carrier_D,21.0,191847.0
SHP03716H,Hyderabad,Jebel Ali,Sea,Electronics,3716.0,4.65,10072.0,40FT,80.28,Normal,Carrier_C,18.0,65524.0
SHP03717P,Pune,New York,Sea,Furniture,3717.0,15.93,741.0,40FT,99.59,Normal,Carrier_C,2.0,51145.0
SHP03718M,Mumbai,Colombo,Sea,Textiles,3718.0,0.5,3929.0,LCL,99.48,Normal,Carrier_B,11.0,51957.0
SHP03719C,Chennai,Colombo,Sea,Furniture,3719.0,16.69,1086.0,40FT_HC,75.02,Normal,Carrier_C,7.0,34332.0
SHP03720M,Mumbai,Colombo,Sea,Pharmaceuticals,3720.0,10.42,11948.0,40FT,92.16,Normal,Carrier_C,28.0,93655.0
SHP03721D,Delhi,New York,Sea,Automotive Parts,3721.0,0.5,5420.0,40FT,103.47,Normal,Carrier_B,11.0,71279.0
SHP03722A,Mumbai,Colombo,Air,Furniture,3722.0,10.3,8115.0,LCL,82.47,Normal,Carrier_E,19.0,224763.0
SHP03723D,Delhi,Singapore,Road,Chemicals,3723.0,3.17,3193.0,AIR_CARGO,109.04,Peak,Carrier_A,8.0,80521.0
SHP03724C,Chennai,London,Sea,Electronics,3724.0,6.71,11238.0,AIR_CARGO,101.41,Normal,Carrier_E,22.0,97530.0
SHP03725H,Hyderabad,Hamburg,Sea,Textiles,3725.0,0.7,3653.0,40FT_HC,75.28,Normal,Carrier_B,9.0,41868.0
SHP03726K,Kolkata,Jebel Ali,Road,Pharmaceuticals,3726.0,9.53,3492.0,AIR_CARGO,109.2,Peak,Carrier_C,11.0,86611.0
SHP03727P,Pune,Dubai,Sea,Automotive Parts,3727.0,5.99,4118.0,40FT,75.78,Normal,Carrier_C,8.0,47585.0
SHP03728P,Pune,New York,Sea,Automotive Parts,3728.0,8.55,5819.0,LCL,110.52,Peak,Carrier_E,12.0,89382.0
SHP03729B,Bengaluru,New York,Sea,Electronics,3729.0,14.77,713.0,40FT,88.35,Normal,Carrier_D,2.0,44505.0
SHP03730B,Bengaluru,London,Sea,Machinery,3730.0,1.38,7375.0,40FT,102.95,Normal,Carrier_A,14.0,80809.0
SHP03731D,Delhi,Rotterdam,Sea,Pharmaceuticals,3731.0,6.28,864.0,40FT_HC,106.5,Off_Peak,Carrier_C,6.0,34919.0
SHP03732M,Mumbai,Los Angeles,Sea,Pharmaceuticals,3732.0,8.45,6701.0,AIR_CARGO,86.25,Off_Peak,Carrier_B,13.0,66682.0
SHP03733A,Mumbai,Shanghai,Sea,General Merchandise,3733.0,0.5,5766.0,AIR_CARGO,89.26,Normal,Carrier_E,11.0,53241.0
SHP03734M,Mumbai,Jebel Ali,Sea,Electronics,3734.0,6.84,3289.0,AIR_CARGO,95.38,Normal,Carrier_A,9.0,44432.0
SHP03735H,Hyderabad,Rotterdam,Sea,Automotive Parts,3735.0,11.41,4292.0,40FT,98.31,Normal,Carrier_D,10.0,63764.0
SHP03736K,Kolkata,Shanghai,Sea,Automotive Parts,3736.0,10.06,8615.0,LCL,86.68,Normal,Carrier_C,17.0,59092.0
SHP03737P,Pune,Los Angeles,Sea,Furniture,3737.0,9.73,610.0,LCL,114.7,Normal,Carrier_E,6.0,100708.0
SHP03738M,Mumbai,Dubai,Air,Electronics,3738.0,2.61,4141.0,40FT,104.48,Normal,Carrier_C,8.0,161035.0
SHP03739P,Pune,New York,Air,Machinery,3739.0,6.6,8323.0,20FT,85.97,Peak,Carrier_E,17.0,236593.0
SHP03740B,Bengaluru,Colombo,Sea,General Merchandise,3740.0,6.17,2251.0,40FT,100.62,Peak,Carrier_D,2.0,50240.0
SHP03741P,Pune,London,Road,Textiles,3741.0,0.5,6944.0,AIR_CARGO,92.41,Normal,Carrier_B,14.0,81240.0
SHP03742A,Mumbai,Jebel Ali,Air,Electronics,3742.0,1.28,2443.0,40FT,109.41,Peak,Carrier_B,4.0,156189.0
SHP03743P,Pune,London,Air,General Merchandise,3743.0,11.83,2280.0,20FT,88.16,Normal,Carrier_A,4.0,131098.0
SHP03744M,Mumbai,Hamburg,Sea,Pharmaceuticals,3744.0,13.99,9381.0,40FT,82.51,Off_Peak,Carrier_C,15.0,54807.0
SHP03745A,Mumbai,Dubai,Sea,General Merchandise,3745.0,24.73,3565.0,AIR_CARGO,76.85,Peak,Carrier_C,7.0,48057.0
SHP03746P,Pune,Hamburg,Sea,Furniture,3746.0,12.55,4821.0,40FT_HC,114.37,Normal,Carrier_C,11.0,74647.0
SHP03747K,Kolkata,Los Angeles,Sea,Chemicals,3747.0,2.21,8895.0,LCL,89.37,Normal,Carrier_B,18.0,230700.0
SHP03748B,Bengaluru,Los Angeles,Sea,Automotive Parts,3748.0,1.06,2564.0,20FT,83.82,Normal,Carrier_A,6.0,37410.0
SHP03749P,Pune,Singapore,Sea,Furniture,3749.0,8.51,6615.0,40FT_HC,94.67,Off_Peak,Carrier_B,13.0,63974.0
SHP03750A,Mumbai,Los Angeles,Sea,Textiles,3750.0,3.5,11055.0,LCL,86.67,Off_Peak,Carrier_E,21.0,95534.0
SHP03751M,Mumbai,Rotterdam,Sea,Electronics,3751.0,3.98,6869.0,40FT_HC,84.32,Peak,Carrier_C,14.0,85403.0
SHP03752B,Bengaluru,Rotterdam,Sea,Furniture,3752.0,13.58,1062.0,40FT,99.66,Peak,Carrier_E,4.0,52579.0
SHP03753D,Delhi,Colombo,Sea,Automotive Parts,3753.0,8.63,7282.0,40FT,77.99,Off_Peak,Carrier_D,16.0,48362.0
SHP03754D,Delhi,New York,Air,Chemicals,3754.0,7.52,1537.0,LCL,95.36,Off_Peak,Carrier_E,4.0,95470.0
SHP03755H,Hyderabad,London,Sea,Furniture,3755.0,15.35,3744.0,LCL,90.5,Normal,Carrier_E,8.0,42464.0
SHP03756D,Delhi,New York,Sea,Chemicals,3756.0,2.6,10271.0,40FT,96.3,Peak,Carrier_E,22.0,99571.0
SHP03757M,Mumbai,New York,Sea,Furniture,3757.0,10.23,627.0,40FT,87.82,Normal,Carrier_B,4.0,36317.0
SHP03758K,Kolkata,Rotterdam,Sea,Automotive Parts,3758.0,9.78,1386.0,LCL,97.81,Normal,Carrier_E,4.0,38522.0
SHP03759B,Bengaluru,London,Sea,Machinery,3759.0,9.13,4679.0,LCL,78.27,Off_Peak,Carrier_C,13.0,40891.0
SHP03760A,Mumbai,Colombo,Air,General Merchandise,3760.0,10.8,11993.0,LCL,90.05,Normal,Carrier_A,24.0,325722.0
SHP03761C,Chennai,Dubai,Sea,Electronics,3761.0,5.77,3856.0,AIR_CARGO,84.5,Normal,Carrier_D,9.0,49159.0
SHP03762D,Delhi,Singapore,Air,Electronics,3762.0,7.07,2309.0,AIR_CARGO,92.52,Normal,Carrier_C,6.0,90621.0
SHP03763D,Delhi,Rotterdam,Sea,Electronics,3763.0,0.5,6818.0,40FT,90.93,Normal,Carrier_A,15.0,60340.0
SHP03764C,Chennai,Hamburg,Sea,Automotive Parts,3764.0,0.5,6471.0,AIR_CARGO,100.25,Normal,Carrier_C,12.0,68042.0
SHP03765A,Mumbai,Singapore,Sea,Pharmaceuticals,3765.0,0.5,5671.0,20FT,100.15,Peak,Carrier_E,9.0,72510.0
SHP03766A,Mumbai,Dubai,Sea,Machinery,3766.0,4.6,11387.0,40FT,91.53,Normal,Carrier_D,23.0,98059.0
SHP03767C,Chennai,Los Angeles,Sea,Textiles,3767.0,15.9,3722.0,20FT,82.26,Normal,Carrier_C,10.0,40781.0
SHP03768A,Mumbai,New York,Sea,Chemicals,3768.0,4.72,3873.0,40FT_HC,98.28,Normal,Carrier_D,7.0,60871.0
SHP03769M,Mumbai,Jebel Ali,Sea,Automotive Parts,3769.0,5.86,2113.0,20FT,113.66,Off_Peak,Carrier_B,8.0,48454.0
SHP03770A,Mumbai,Colombo,Sea,Pharmaceuticals,3770.0,12.48,8519.0,40FT_HC,82.42,Normal,Carrier_B,14.0,64673.0
SHP03771B,Bengaluru,New York,Sea,Textiles,3771.0,0.5,4196.0,20FT,77.76,Normal,Carrier_E,9.0,44261.0
SHP03772A,Mumbai,Los Angeles,Sea,Chemicals,3772.0,4.12,9732.0,40FT_HC,85.58,Normal,Carrier_E,23.0,102289.0
SHP03773P,Pune,Dubai,Sea,Chemicals,3773.0,19.51,11675.0,40FT_HC,91.52,Normal,Carrier_B,24.0,98211.0
SHP03774P,Pune,Hamburg,Air,Machinery,3774.0,0.5,1002.0,40FT,87.25,Normal,Carrier_C,3.0,63896.0
SHP03775D,Delhi,Colombo,Air,General Merchandise,3775.0,4.82,11921.0,LCL,108.39,Normal,Carrier_A,24.0,404804.0
SHP03776K,Kolkata,Colombo,Road,Electronics,3776.0,6.18,3422.0,LCL,94.72,Off_Peak,Carrier_A,11.0,49304.0
SHP03777M,Mumbai,Dubai,Air,Furniture,3777.0,9.63,5331.0,40FT,84.85,Normal,Carrier_B,9.0,197238.0
SHP03778M,Mumbai,Singapore,Sea,Textiles,3778.0,6.9,9444.0,40FT_HC,113.01,Normal,Carrier_A,22.0,111706.0
SHP03779A,Mumbai,Shanghai,Air,Automotive Parts,3779.0,20.86,8151.0,LCL,80.0,Peak,Carrier_C,16.0,227152.0
SHP03780K,Kolkata,New York,Road,Textiles,3780.0,3.86,9452.0,LCL,79.92,Normal,Carrier_A,21.0,80014.0
SHP03781K,Kolkata,Singapore,Sea,General Merchandise,3781.0,18.29,5863.0,20FT,84.81,Normal,Carrier_A,11.0,59430.0
SHP03782H,Hyderabad,Rotterdam,Sea,Electronics,3782.0,2.59,11035.0,AIR_CARGO,78.07,Normal,Carrier_B,25.0,73098.0
SHP03783K,Kolkata,Dubai,Sea,Textiles,3783.0,11.72,9584.0,40FT,105.07,Peak,Carrier_D,19.0,125263.0
SHP03784A,Mumbai,Rotterdam,Sea,General Merchandise,3784.0,1.42,4056.0,AIR_CARGO,87.51,Off_Peak,Carrier_D,7.0,133239.0
SHP03785A,Mumbai,Hamburg,Air,Automotive Parts,3785.0,1.92,11408.0,40FT_HC,104.19,Peak,Carrier_C,24.0,375470.0
SHP03786C,Chennai,Singapore,Sea,Machinery,3786.0,13.82,11552.0,20FT,105.51,Normal,Carrier_D,26.0,126364.0
SHP03787D,Delhi,Jebel Ali,Sea,Pharmaceuticals,3787.0,6.62,5273.0,LCL,84.5,Peak,Carrier_E,14.0,48473.0
SHP03788P,Pune,Shanghai,Sea,Chemicals,3788.0,3.37,7998.0,20FT,95.73,Normal,Carrier_B,17.0,81467.0
SHP03789H,Hyderabad,Dubai,Sea,Automotive Parts,3789.0,8.89,9870.0,40FT,95.78,Normal,Carrier_D,22.0,94934.0
SHP03790A,Mumbai,Dubai,Road,Electronics,3790.0,1.39,9899.0,40FT_HC,109.85,Normal,Carrier_A,19.0,136941.0
SHP03791C,Chennai,Shanghai,Sea,Chemicals,3791.0,11.41,662.0,20FT,76.03,Normal,Carrier_D,4.0,19757.0
SHP03792H,Hyderabad,Colombo,Sea,Pharmaceuticals,3792.0,9.02,7734.0,20FT,87.67,Normal,Carrier_B,17.0,65648.0
SHP03793D,Delhi,Los Angeles,Sea,Automotive Parts,3793.0,2.64,11698.0,20FT,110.3,Normal,Carrier_A,17.0,109049.0
SHP03794H,Hyderabad,Hamburg,Air,Furniture,3794.0,7.68,3160.0,LCL,84.47,Normal,Carrier_A,6.0,115696.0
SHP03795C,Chennai,Singapore,Sea,Automotive Parts,3795.0,0.5,9650.0,40FT_HC,80.48,Normal,Carrier_B,20.0,64212.0
SHP03796B,Bengaluru,Dubai,Air,Automotive Parts,3796.0,23.49,6644.0,LCL,98.05,Off_Peak,Carrier_C,14.0,254460.0
SHP03797P,Pune,Dubai,Sea,Furniture,3797.0,6.75,3047.0,20FT,87.24,Normal,Carrier_C,7.0,45154.0
SHP03798A,Mumbai,Shanghai,Sea,Automotive Parts,3798.0,11.48,1087.0,LCL,93.69,Peak,Carrier_B,4.0,45120.0
SHP03799P,Pune,Jebel Ali,Sea,Chemicals,3799.0,0.68,9239.0,LCL,107.8,Off_Peak,Carrier_B,21.0,83762.0
SHP03800D,Delhi,Shanghai,Sea,Electronics,3800.0,5.5,4139.0,40FT,95.83,Off_Peak,Carrier_B,10.0,57681.0
SHP03801M,Mumbai,Shanghai,Sea,Pharmaceuticals,3801.0,7.8,4819.0,AIR_CARGO,95.64,Normal,Carrier_A,6.0,56642.0
SHP03802D,Delhi,New York,Road,General Merchandise,3802.0,5.73,6080.0,AIR_CARGO,86.13,Normal,Carrier_A,17.0,77257.0
SHP03803D,Delhi,Singapore,Air,Textiles,3803.0,0.93,6333.0,40FT,106.71,Normal,Carrier_B,10.0,252267.0
SHP03804D,Delhi,Colombo,Road,Furniture,3804.0,4.88,2871.0,40FT,104.59,Normal,Carrier_A,9.0,58303.0
SHP03805B,Bengaluru,Shanghai,Sea,Machinery,3805.0,5.23,8212.0,LCL,84.36,Off_Peak,Carrier_E,14.0,55423.0
SHP03806A,Mumbai,Jebel Ali,Road,Furniture,3806.0,7.96,8464.0,LCL,87.8,Normal,Carrier_B,20.0,88086.0
SHP03807C,Chennai,Colombo,Sea,Pharmaceuticals,3807.0,5.34,2136.0,40FT_HC,106.55,Normal,Carrier_A,5.0,51883.0
SHP03808A,Mumbai,London,Sea,Textiles,3808.0,2.42,6628.0,AIR_CARGO,89.31,Peak,Carrier_C,15.0,69296.0
SHP03809M,Mumbai,Singapore,Sea,Textiles,3809.0,5.2,7506.0,LCL,91.14,Normal,Carrier_B,12.0,64851.0
SHP03810C,Chennai,Dubai,Sea,Machinery,3810.0,15.78,2642.0,40FT_HC,89.58,Normal,Carrier_B,8.0,54647.0
SHP03811H,Hyderabad,London,Air,Pharmaceuticals,3811.0,15.14,10786.0,AIR_CARGO,81.47,Peak,Carrier_B,22.0,296347.0
SHP03812H,Hyderabad,Colombo,Sea,Chemicals,3812.0,6.11,6052.0,40FT_HC,88.64,Normal,Carrier_D,14.0,70525.0
SHP03813H,Hyderabad,Colombo,Sea,Electronics,3813.0,13.09,1823.0,40FT_HC,107.12,Normal,Carrier_B,7.0,70340.0
SHP03814C,Chennai,Singapore,Sea,Machinery,3814.0,10.22,4346.0,40FT,94.64,Normal,Carrier_C,10.0,57656.0
SHP03815K,Kolkata,Los Angeles,Sea,Electronics,3815.0,8.86,5985.0,20FT,93.33,Peak,Carrier_A,12.0,64967.0
SHP03816B,Bengaluru,New York,Sea,Chemicals,3816.0,1.89,617.0,20FT,81.25,Normal,Carrier_B,2.0,25244.0
SHP03817K,Kolkata,Dubai,Sea,Textiles,3817.0,0.5,867.0,20FT,82.1,Peak,Carrier_E,3.0,27203.0
SHP03818A,Mumbai,London,Air,Electronics,3818.0,5.12,1138.0,40FT_HC,76.72,Normal,Carrier_A,6.0,87003.0
SHP03819H,Hyderabad,Shanghai,Air,Chemicals,3819.0,1.87,6689.0,LCL,75.56,Normal,Carrier_C,12.0,118402.0
SHP03820B,Bengaluru,Hamburg,Sea,Chemicals,3820.0,24.18,4365.0,20FT,94.52,Normal,Carrier_D,6.0,68070.0
SHP03821C,Chennai,Los Angeles,Sea,General Merchandise,3821.0,1.42,10771.0,LCL,91.37,Off_Peak,Carrier_C,20.0,63897.0
SHP03822H,Hyderabad,Dubai,Sea,Machinery,3822.0,15.98,6931.0,AIR_CARGO,86.02,Normal,Carrier_D,16.0,69125.0
SHP03823C,Chennai,Hamburg,Air,General Merchandise,3823.0,12.96,9239.0,20FT,114.6,Normal,Carrier_A,18.0,404276.0
SHP03824B,Bengaluru,New York,Sea,Furniture,3824.0,11.37,8402.0,40FT_HC,90.92,Normal,Carrier_D,18.0,78436.0
SHP03825C,Chennai,Hamburg,Sea,Textiles,3825.0,17.66,6484.0,40FT,106.55,Normal,Carrier_A,10.0,81044.0
SHP03826C,Chennai,Shanghai,Sea,Machinery,3826.0,0.5,9064.0,40FT_HC,83.42,Normal,Carrier_C,13.0,62596.0
SHP03827M,Mumbai,Hamburg,Sea,Textiles,3827.0,1.87,6764.0,LCL,84.88,Normal,Carrier_C,15.0,47134.0
SHP03828A,Mumbai,Los Angeles,Sea,General Merchandise,3828.0,11.52,4933.0,AIR_CARGO,97.74,Normal,Carrier_D,13.0,68713.0
SHP03829K,Kolkata,Rotterdam,Sea,Pharmaceuticals,3829.0,4.99,5512.0,40FT_HC,75.16,Normal,Carrier_E,9.0,144641.0
SHP03830P,Pune,Los Angeles,Sea,Chemicals,3830.0,5.23,10143.0,40FT,75.7,Normal,Carrier_C,21.0,56909.0
SHP03831K,Kolkata,Shanghai,Sea,Textiles,3831.0,6.06,6978.0,40FT,80.69,Normal,Carrier_D,17.0,64315.0
SHP03832K,Kolkata,London,Air,Machinery,3832.0,6.46,4839.0,AIR_CARGO,83.92,Off_Peak,Carrier_B,11.0,156210.0
SHP03833D,Delhi,Rotterdam,Sea,Furniture,3833.0,7.67,2567.0,20FT,96.11,Normal,Carrier_A,8.0,122573.0
SHP03834M,Mumbai,New York,Sea,Machinery,3834.0,19.36,6197.0,40FT_HC,102.45,Normal,Carrier_B,14.0,94787.0
SHP03835P,Pune,Los Angeles,Sea,Textiles,3835.0,7.08,3403.0,40FT_HC,87.48,Normal,Carrier_B,8.0,47069.0
SHP03836H,Hyderabad,Rotterdam,Sea,Machinery,3836.0,7.48,11489.0,40FT,84.56,Normal,Carrier_B,25.0,82194.0
SHP03837H,Hyderabad,Colombo,Road,Furniture,3837.0,5.5,6146.0,LCL,107.91,Off_Peak,Carrier_D,17.0,113445.0
SHP03838H,Hyderabad,Los Angeles,Sea,Chemicals,3838.0,9.17,603.0,40FT_HC,81.51,Normal,Carrier_C,2.0,24465.0
SHP03839K,Kolkata,Rotterdam,Sea,Pharmaceuticals,3839.0,19.21,1568.0,40FT,102.13,Normal,Carrier_B,5.0,75727.0
SHP03840A,Mumbai,Singapore,Air,Chemicals,3840.0,6.72,3770.0,LCL,112.25,Off_Peak,Carrier_D,7.0,207870.0
SHP03841K,Kolkata,London,Sea,Machinery,3841.0,11.28,1560.0,20FT,84.29,Off_Peak,Carrier_C,5.0,29064.0
SHP03842P,Pune,Dubai,Sea,Furniture,3842.0,0.5,10781.0,20FT,78.48,Normal,Carrier_A,21.0,70661.0
SHP03843A,Mumbai,Hamburg,Sea,Furniture,3843.0,8.81,10325.0,40FT,114.19,Normal,Carrier_C,23.0,112923.0
SHP03844M,Mumbai,Rotterdam,Sea,Textiles,3844.0,4.97,11665.0,40FT,85.83,Normal,Carrier_C,26.0,84331.0
SHP03845A,Mumbai,Dubai,Sea,General Merchandise,3845.0,2.49,8624.0,20FT,86.03,Normal,Carrier_B,19.0,70321.0
SHP03846P,Pune,Los Angeles,Sea,Machinery,3846.0,12.98,7923.0,40FT,94.35,Normal,Carrier_D,18.0,310628.0
SHP03847C,Chennai,Dubai,Road,Machinery,3847.0,0.93,11120.0,AIR_CARGO,84.24,Normal,Carrier_E,21.0,105661.0
SHP03848K,Kolkata,Colombo,Sea,Machinery,3848.0,2.32,11384.0,40FT_HC,114.71,Normal,Carrier_A,21.0,124053.0
SHP03849H,Hyderabad,Jebel Ali,Air,Machinery,3849.0,6.58,10591.0,AIR_CARGO,76.72,Normal,Carrier_D,22.0,219300.0
SHP03850C,Chennai,Jebel Ali,Sea,Textiles,3850.0,6.75,10407.0,LCL,93.06,Normal,Carrier_B,21.0,86996.0
SHP03851K,Kolkata,London,Sea,General Merchandise,3851.0,5.48,8225.0,40FT,96.93,Normal,Carrier_D,21.0,86952.0
SHP03852B,Bengaluru,Rotterdam,Sea,General Merchandise,3852.0,1.87,518.0,40FT,93.68,Normal,Carrier_E,1.0,31395.0
SHP03853D,Delhi,Colombo,Sea,Electronics,3853.0,5.67,5439.0,LCL,95.82,Normal,Carrier_A,13.0,58437.0
SHP03854K,Kolkata,Hamburg,Road,Machinery,3854.0,4.66,7810.0,40FT_HC,114.5,Off_Peak,Carrier_C,17.0,121828.0
SHP03855B,Bengaluru,New York,Air,Machinery,3855.0,0.5,6792.0,20FT,110.08,Normal,Carrier_A,13.0,247409.0
SHP03856P,Pune,Shanghai,Sea,Electronics,3856.0,2.05,9943.0,AIR_CARGO,87.34,Normal,Carrier_E,18.0,78792.0
SHP03857M,Mumbai,London,Sea,General Merchandise,3857.0,14.86,9917.0,40FT_HC,97.06,Normal,Carrier_A,19.0,96090.0
SHP03858B,Bengaluru,Shanghai,Sea,Furniture,3858.0,5.94,7385.0,20FT,75.01,Normal,Carrier_A,12.0,49078.0
SHP03859M,Mumbai,Jebel Ali,Sea,Furniture,3859.0,7.76,753.0,20FT,91.38,Normal,Carrier_B,6.0,35614.0
SHP03860K,Kolkata,Singapore,Air,Automotive Parts,3860.0,0.5,4747.0,40FT,81.55,Normal,Carrier_C,16.0,118827.0
SHP03861M,Mumbai,New York,Air,Chemicals,3861.0,6.45,3131.0,LCL,103.45,Normal,Carrier_E,7.0,158749.0
SHP03862B,Bengaluru,New York,Sea,Automotive Parts,3862.0,4.71,4396.0,40FT,83.84,Normal,Carrier_B,9.0,39144.0
SHP03863A,Mumbai,Shanghai,Sea,General Merchandise,3863.0,10.36,7599.0,LCL,104.96,Normal,Carrier_A,13.0,76599.0
SHP03864D,Delhi,Singapore,Sea,Pharmaceuticals,3864.0,3.55,1264.0,40FT,87.53,Off_Peak,Carrier_A,2.0,27006.0
SHP03865C,Chennai,Los Angeles,Sea,Machinery,3865.0,8.86,756.0,AIR_CARGO,112.03,Normal,Carrier_D,2.0,50565.0
SHP03866C,Chennai,Dubai,Sea,Automotive Parts,3866.0,0.5,5524.0,40FT,92.82,Normal,Carrier_B,14.0,59001.0
SHP03867D,Delhi,London,Sea,Textiles,3867.0,7.32,9626.0,AIR_CARGO,108.58,Normal,Carrier_E,26.0,104063.0
SHP03868H,Hyderabad,Colombo,Air,Furniture,3868.0,4.37,853.0,40FT_HC,100.13,Normal,Carrier_E,2.0,100862.0
SHP03869C,Chennai,New York,Air,Textiles,3869.0,19.24,10264.0,40FT_HC,114.1,Normal,Carrier_E,19.0,461315.0
SHP03870P,Pune,Shanghai,Sea,Electronics,3870.0,13.49,4915.0,40FT,104.71,Normal,Carrier_E,9.0,71814.0
SHP03871K,Kolkata,Dubai,Sea,General Merchandise,3871.0,0.5,1860.0,40FT_HC,104.11,Normal,Carrier_A,6.0,48406.0
SHP03872H,Hyderabad,Jebel Ali,Sea,General Merchandise,3872.0,4.05,7026.0,20FT,85.59,Normal,Carrier_A,15.0,51425.0
SHP03873K,Kolkata,Colombo,Sea,Automotive Parts,3873.0,15.69,11452.0,AIR_CARGO,95.19,Normal,Carrier_B,23.0,90965.0
SHP03874B,Bengaluru,Shanghai,Air,Machinery,3874.0,0.5,6739.0,LCL,86.6,Off_Peak,Carrier_C,13.0,150706.0
SHP03875P,Pune,London,Sea,General Merchandise,3875.0,10.0,8396.0,AIR_CARGO,75.77,Normal,Carrier_E,20.0,60372.0
SHP03876B,Bengaluru,Hamburg,Sea,Automotive Parts,3876.0,9.66,9889.0,40FT,103.42,Peak,Carrier_A,22.0,109990.0
SHP03877H,Hyderabad,New York,Sea,Automotive Parts,3877.0,4.3,9692.0,40FT_HC,84.43,Normal,Carrier_B,21.0,77946.0
SHP03878H,Hyderabad,Jebel Ali,Road,Chemicals,3878.0,9.97,1341.0,40FT_HC,90.89,Peak,Carrier_E,5.0,52471.0
SHP03879P,Pune,London,Sea,Chemicals,3879.0,0.89,9021.0,20FT,86.39,Normal,Carrier_C,18.0,64712.0
SHP03880P,Pune,Rotterdam,Sea,General Merchandise,3880.0,0.75,11419.0,40FT_HC,82.99,Normal,Carrier_E,21.0,74814.0
SHP03881H,Hyderabad,Jebel Ali,Sea,Automotive Parts,3881.0,6.32,8558.0,40FT,77.68,Peak,Carrier_D,19.0,68091.0
SHP03882H,Hyderabad,Colombo,Air,Electronics,3882.0,9.54,10119.0,40FT,88.52,Off_Peak,Carrier_E,21.0,228127.0
SHP03883M,Mumbai,Rotterdam,Sea,Electronics,3883.0,0.5,6084.0,LCL,78.27,Normal,Carrier_D,14.0,57603.0
SHP03884A,Mumbai,Jebel Ali,Sea,Chemicals,3884.0,8.49,4169.0,AIR_CARGO,96.61,Normal,Carrier_C,6.0,54984.0
SHP03885H,Hyderabad,Shanghai,Road,General Merchandise,3885.0,12.57,8277.0,AIR_CARGO,75.78,Normal,Carrier_D,18.0,81232.0
SHP03886P,Pune,Hamburg,Road,Furniture,3886.0,3.0,6160.0,AIR_CARGO,112.6,Normal,Carrier_C,13.0,97478.0
SHP03887A,Mumbai,Dubai,Road,Machinery,3887.0,0.5,10796.0,LCL,113.66,Normal,Carrier_B,20.0,155141.0
SHP03888H,Hyderabad,Hamburg,Sea,Pharmaceuticals,3888.0,6.53,11705.0,LCL,87.19,Peak,Carrier_D,25.0,101201.0
SHP03889B,Bengaluru,Hamburg,Sea,Furniture,3889.0,1.61,9928.0,LCL,85.41,Peak,Carrier_E,20.0,78594.0
SHP03890K,Kolkata,Shanghai,Sea,Electronics,3890.0,7.23,11916.0,20FT,79.18,Normal,Carrier_E,28.0,73378.0
SHP03891A,Mumbai,Singapore,Air,Electronics,3891.0,0.99,4506.0,LCL,111.2,Peak,Carrier_B,11.0,203883.0
SHP03892B,Bengaluru,Jebel Ali,Sea,Furniture,3892.0,7.04,10801.0,40FT_HC,98.47,Peak,Carrier_A,21.0,108975.0
SHP03893C,Chennai,Dubai,Air,Chemicals,3893.0,18.33,4294.0,20FT,99.4,Off_Peak,Carrier_C,10.0,190181.0
SHP03894P,Pune,Los Angeles,Sea,Chemicals,3894.0,15.71,1857.0,40FT_HC,110.83,Normal,Carrier_A,3.0,64873.0
SHP03895M,Mumbai,Shanghai,Air,General Merchandise,3895.0,19.1,7646.0,AIR_CARGO,111.43,Normal,Carrier_A,18.0,351444.0
SHP03896M,Mumbai,Singapore,Air,Chemicals,3896.0,0.5,5732.0,40FT,108.13,Peak,Carrier_B,13.0,252270.0
SHP03897K,Kolkata,Shanghai,Sea,Textiles,3897.0,6.45,11100.0,AIR_CARGO,105.94,Peak,Carrier_B,23.0,132320.0
SHP03898H,Hyderabad,Singapore,Air,Pharmaceuticals,3898.0,5.11,6160.0,LCL,110.09,Normal,Carrier_D,11.0,239704.0
SHP03899B,Bengaluru,Hamburg,Sea,Furniture,3899.0,11.24,11168.0,40FT,110.04,Peak,Carrier_D,24.0,139039.0
SHP03900C,Chennai,New York,Air,Furniture,3900.0,0.5,1404.0,AIR_CARGO,89.75,Peak,Carrier_D,3.0,104161.0
SHP03901B,Bengaluru,New York,Sea,Automotive Parts,3901.0,8.83,10051.0,20FT,113.94,Normal,Carrier_D,19.0,118826.0
SHP03902P,Pune,Rotterdam,Sea,Electronics,3902.0,24.33,9230.0,LCL,103.37,Peak,Carrier_D,19.0,119899.0
SHP03903P,Pune,Los Angeles,Sea,Furniture,3903.0,18.5,8780.0,AIR_CARGO,89.81,Normal,Carrier_E,17.0,105297.0
SHP03904H,Hyderabad,Dubai,Sea,Textiles,3904.0,0.5,4584.0,40FT,92.68,Normal,Carrier_B,9.0,60359.0
SHP03905H,Hyderabad,Singapore,Air,Furniture,3905.0,5.68,9513.0,40FT_HC,102.49,Normal,Carrier_C,19.0,275463.0
SHP03906P,Pune,Jebel Ali,Sea,Machinery,3906.0,6.3,6058.0,AIR_CARGO,89.44,Peak,Carrier_C,15.0,64158.0
SHP03907D,Delhi,Hamburg,Sea,Textiles,3907.0,13.65,8725.0,20FT,108.06,Off_Peak,Carrier_C,20.0,82002.0
SHP03908P,Pune,Colombo,Sea,General Merchandise,3908.0,4.59,6851.0,40FT,80.92,Normal,Carrier_C,16.0,53568.0
SHP03909B,Bengaluru,Jebel Ali,Sea,Machinery,3909.0,0.5,2311.0,AIR_CARGO,111.3,Normal,Carrier_C,7.0,53228.0
SHP03910K,Kolkata,Jebel Ali,Sea,Machinery,3910.0,9.65,1242.0,40FT_HC,87.05,Normal,Carrier_E,3.0,35859.0
SHP03911B,Bengaluru,Singapore,Sea,Furniture,3911.0,9.03,4711.0,LCL,81.11,Normal,Carrier_B,13.0,52511.0
SHP03912M,Mumbai,Dubai,Sea,Chemicals,3912.0,7.39,11227.0,LCL,109.32,Normal,Carrier_D,19.0,113832.0
SHP03913C,Chennai,Hamburg,Sea,Furniture,3913.0,5.8,6592.0,LCL,84.58,Normal,Carrier_D,15.0,52059.0
SHP03914A,Mumbai,Hamburg,Road,Textiles,3914.0,12.67,9725.0,40FT,108.74,Normal,Carrier_D,21.0,156701.0
SHP03915K,Kolkata,Dubai,Road,General Merchandise,3915.0,16.03,7123.0,40FT_HC,86.85,Normal,Carrier_B,15.0,106180.0
SHP03916D,Delhi,New York,Sea,Electronics,3916.0,15.89,11516.0,40FT_HC,112.35,Normal,Carrier_B,21.0,137122.0
SHP03917C,Chennai,London,Air,Pharmaceuticals,3917.0,0.58,4749.0,AIR_CARGO,83.76,Off_Peak,Carrier_E,11.0,115105.0
SHP03918C,Chennai,Rotterdam,Sea,Chemicals,3918.0,11.85,1156.0,LCL,77.79,Peak,Carrier_E,3.0,32708.0
SHP03919A,Mumbai,Shanghai,Air,Textiles,3919.0,4.89,9478.0,40FT,112.46,Normal,Carrier_D,20.0,403654.0
SHP03920M,Mumbai,Rotterdam,Sea,Electronics,3920.0,0.5,8613.0,LCL,81.63,Normal,Carrier_B,20.0,187181.0
SHP03921M,Mumbai,New York,Road,Textiles,3921.0,0.5,6567.0,LCL,112.77,Peak,Carrier_D,15.0,121342.0
SHP03922M,Mumbai,Singapore,Sea,Chemicals,3922.0,7.71,4253.0,AIR_CARGO,107.96,Off_Peak,Carrier_E,11.0,56556.0
SHP03923K,Kolkata,Singapore,Air,Electronics,3923.0,7.26,2665.0,AIR_CARGO,78.28,Normal,Carrier_D,8.0,113633.0
SHP03924B,Bengaluru,Los Angeles,Sea,Chemicals,3924.0,10.03,6046.0,AIR_CARGO,92.81,Normal,Carrier_E,15.0,56380.0
SHP03925C,Chennai,Rotterdam,Sea,Textiles,3925.0,13.0,8161.0,20FT,77.94,Peak,Carrier_A,15.0,93116.0
SHP03926B,Bengaluru,Rotterdam,Sea,Machinery,3926.0,13.83,7157.0,20FT,88.19,Normal,Carrier_C,12.0,58390.0
SHP03927B,Bengaluru,Shanghai,Sea,Pharmaceuticals,3927.0,8.14,5531.0,40FT,89.06,Peak,Carrier_A,13.0,72872.0
SHP03928M,Mumbai,Singapore,Air,Automotive Parts,3928.0,0.5,6706.0,40FT,98.99,Normal,Carrier_D,16.0,218910.0
SHP03929B,Bengaluru,Jebel Ali,Air,Pharmaceuticals,3929.0,4.93,1741.0,AIR_CARGO,114.04,Normal,Carrier_D,2.0,149562.0
SHP03930C,Chennai,Rotterdam,Sea,Machinery,3930.0,5.26,8502.0,40FT_HC,81.79,Normal,Carrier_B,18.0,62091.0
SHP03931C,Chennai,Shanghai,Road,Chemicals,3931.0,8.85,8944.0,40FT,88.17,Normal,Carrier_C,21.0,95312.0
SHP03932H,Hyderabad,Dubai,Sea,Pharmaceuticals,3932.0,0.5,632.0,20FT,98.48,Normal,Carrier_E,3.0,31677.0
SHP03933D,Delhi,Colombo,Sea,Chemicals,3933.0,3.88,3611.0,20FT,81.86,Peak,Carrier_D,12.0,50780.0
SHP03934K,Kolkata,Dubai,Sea,Chemicals,3934.0,4.31,1559.0,LCL,103.43,Normal,Carrier_E,8.0,43993.0
SHP03935B,Bengaluru,Shanghai,Sea,Electronics,3935.0,5.83,11980.0,AIR_CARGO,91.15,Normal,Carrier_E,23.0,93422.0
SHP03936K,Kolkata,Jebel Ali,Sea,General Merchandise,3936.0,0.5,7323.0,40FT_HC,112.98,Off_Peak,Carrier_E,15.0,79586.0
SHP03937K,Kolkata,Los Angeles,Sea,Chemicals,3937.0,5.78,5856.0,AIR_CARGO,100.19,Normal,Carrier_A,12.0,67329.0
SHP03938K,Kolkata,Singapore,Sea,Pharmaceuticals,3938.0,8.08,5825.0,20FT,89.52,Normal,Carrier_E,13.0,54516.0
SHP03939A,Mumbai,Los Angeles,Sea,Pharmaceuticals,3939.0,2.28,11595.0,40FT_HC,103.78,Peak,Carrier_B,21.0,124772.0
SHP03940P,Pune,Los Angeles,Sea,Pharmaceuticals,3940.0,16.01,8088.0,40FT,108.55,Normal,Carrier_A,14.0,94506.0
SHP03941H,Hyderabad,Shanghai,Air,Machinery,3941.0,2.62,2440.0,LCL,107.02,Peak,Carrier_A,2.0,130107.0
SHP03942K,Kolkata,Singapore,Road,Automotive Parts,3942.0,12.91,5654.0,20FT,85.51,Normal,Carrier_D,12.0,83028.0
SHP03943P,Pune,Hamburg,Sea,Chemicals,3943.0,5.93,9403.0,LCL,91.68,Normal,Carrier_C,23.0,75545.0
SHP03944P,Pune,Colombo,Sea,Furniture,3944.0,26.43,5369.0,AIR_CARGO,93.09,Normal,Carrier_C,8.0,67384.0
SHP03945H,Hyderabad,Rotterdam,Sea,Chemicals,3945.0,8.66,4060.0,40FT_HC,90.54,Peak,Carrier_D,9.0,69493.0
SHP03946C,Chennai,Los Angeles,Sea,Chemicals,3946.0,6.52,11899.0,AIR_CARGO,87.43,Normal,Carrier_C,23.0,88942.0
SHP03947A,Mumbai,Dubai,Air,Furniture,3947.0,13.89,11260.0,LCL,105.11,Peak,Carrier_E,22.0,408360.0
SHP03948B,Bengaluru,Hamburg,Sea,Electronics,3948.0,22.06,11328.0,20FT,75.49,Peak,Carrier_B,25.0,84722.0
SHP03949H,Hyderabad,Hamburg,Sea,Chemicals,3949.0,7.3,2014.0,LCL,86.74,Normal,Carrier_E,4.0,36199.0
SHP03950D,Delhi,Jebel Ali,Sea,Machinery,3950.0,15.21,3194.0,20FT,80.66,Off_Peak,Carrier_C,4.0,42068.0
SHP03951P,Pune,Los Angeles,Sea,Textiles,3951.0,0.5,5584.0,LCL,80.15,Normal,Carrier_C,11.0,39012.0
SHP03952K,Kolkata,Los Angeles,Sea,General Merchandise,3952.0,8.25,10069.0,AIR_CARGO,86.08,Normal,Carrier_B,19.0,267582.0
SHP03953P,Pune,London,Road,Pharmaceuticals,3953.0,24.89,8974.0,LCL,105.49,Peak,Carrier_A,14.0,172158.0
SHP03954A,Mumbai,Shanghai,Sea,Chemicals,3954.0,0.5,10271.0,40FT,113.78,Peak,Carrier_A,21.0,123898.0
SHP03955D,Delhi,Jebel Ali,Sea,Electronics,3955.0,13.46,11089.0,AIR_CARGO,95.58,Peak,Carrier_B,20.0,110914.0
SHP03956C,Chennai,Hamburg,Road,Machinery,3956.0,6.82,9479.0,LCL,88.56,Off_Peak,Carrier_A,19.0,91507.0
SHP03957C,Chennai,Hamburg,Road,Chemicals,3957.0,3.85,3510.0,LCL,108.17,Normal,Carrier_C,8.0,65858.0
SHP03958M,Mumbai,London,Sea,Furniture,3958.0,15.57,3783.0,40FT_HC,77.68,Normal,Carrier_A,7.0,46115.0
SHP03959K,Kolkata,Rotterdam,Sea,Electronics,3959.0,0.5,4554.0,AIR_CARGO,78.73,Normal,Carrier_C,12.0,43941.0
SHP03960M,Mumbai,New York,Sea,Textiles,3960.0,4.95,3985.0,40FT_HC,88.81,Normal,Carrier_D,9.0,54431.0
SHP03961A,Mumbai,Dubai,Sea,Automotive Parts,3961.0,0.5,3365.0,AIR_CARGO,92.94,Off_Peak,Carrier_E,8.0,35464.0
SHP03962D,Delhi,New York,Sea,Chemicals,3962.0,10.35,9154.0,20FT,106.91,Normal,Carrier_A,20.0,90463.0
SHP03963P,Pune,Los Angeles,Sea,Machinery,3963.0,4.18,891.0,AIR_CARGO,112.01,Normal,Carrier_D,4.0,56364.0
SHP03964B,Bengaluru,Singapore,Sea,Electronics,3964.0,1.34,8877.0,AIR_CARGO,96.25,Off_Peak,Carrier_A,18.0,76135.0
SHP03965M,Mumbai,Jebel Ali,Sea,Furniture,3965.0,22.63,9971.0,LCL,94.83,Normal,Carrier_D,18.0,94755.0
SHP03966C,Chennai,Los Angeles,Sea,Electronics,3966.0,7.1,1260.0,40FT,83.52,Normal,Carrier_B,2.0,100328.0
SHP03967K,Kolkata,Rotterdam,Sea,Chemicals,3967.0,4.2,1211.0,AIR_CARGO,93.05,Normal,Carrier_D,5.0,36215.0
SHP03968P,Pune,New York,Sea,Electronics,3968.0,9.19,3783.0,40FT_HC,111.95,Normal,Carrier_C,7.0,71408.0
SHP03969D,Delhi,Los Angeles,Sea,Automotive Parts,3969.0,9.57,2896.0,40FT,90.72,Peak,Carrier_B,9.0,67684.0
SHP03970H,Hyderabad,Dubai,Sea,Electronics,3970.0,11.68,7183.0,AIR_CARGO,83.43,Off_Peak,Carrier_B,15.0,58048.0
SHP03971A,Mumbai,Hamburg,Road,Pharmaceuticals,3971.0,9.51,8268.0,40FT,88.49,Peak,Carrier_C,18.0,105168.0
SHP03972A,Mumbai,Shanghai,Sea,General Merchandise,3972.0,7.51,7793.0,20FT,95.58,Normal,Carrier_A,14.0,71601.0
SHP03973C,Chennai,Colombo,Sea,Pharmaceuticals,3973.0,2.87,4609.0,40FT,98.94,Normal,Carrier_B,8.0,65714.0
SHP03974H,Hyderabad,Los Angeles,Sea,General Merchandise,3974.0,7.14,6232.0,20FT,92.3,Normal,Carrier_A,17.0,193945.0
SHP03975A,Mumbai,Rotterdam,Sea,Electronics,3975.0,0.52,7860.0,40FT,105.34,Normal,Carrier_E,16.0,86343.0
SHP03976B,Bengaluru,Jebel Ali,Road,Furniture,3976.0,8.42,1873.0,40FT,98.38,Off_Peak,Carrier_D,7.0,53928.0
SHP03977P,Pune,Singapore,Sea,Furniture,3977.0,8.27,3139.0,40FT_HC,101.6,Normal,Carrier_D,5.0,70437.0
SHP03978K,Kolkata,Dubai,Sea,Chemicals,3978.0,2.9,10741.0,40FT_HC,109.52,Normal,Carrier_C,21.0,108407.0
SHP03979P,Pune,London,Sea,Furniture,3979.0,10.83,4437.0,LCL,109.63,Peak,Carrier_C,13.0,70859.0
SHP03980B,Bengaluru,Rotterdam,Sea,General Merchandise,3980.0,0.5,9713.0,40FT,83.14,Peak,Carrier_D,17.0,89403.0
SHP03981A,Mumbai,New York,Air,Machinery,3981.0,8.61,3386.0,20FT,99.93,Peak,Carrier_E,13.0,217998.0
SHP03982B,Bengaluru,Shanghai,Air,General Merchandise,3982.0,8.56,979.0,40FT,103.67,Peak,Carrier_C,4.0,124483.0
SHP03983P,Pune,New York,Sea,Pharmaceuticals,3983.0,4.1,6255.0,AIR_CARGO,80.83,Normal,Carrier_E,12.0,47839.0
SHP03984A,Mumbai,Hamburg,Sea,Electronics,3984.0,4.4,10764.0,20FT,108.71,Normal,Carrier_C,22.0,99545.0
SHP03985K,Kolkata,Shanghai,Air,Chemicals,3985.0,4.95,9922.0,AIR_CARGO,82.22,Normal,Carrier_B,22.0,220896.0
SHP03986K,Kolkata,New York,Road,Textiles,3986.0,7.27,3409.0,LCL,106.97,Peak,Carrier_A,7.0,70448.0
SHP03987H,Hyderabad,Jebel Ali,Sea,Chemicals,3987.0,6.33,10964.0,AIR_CARGO,81.46,Normal,Carrier_D,21.0,65762.0
SHP03988B,Bengaluru,New York,Sea,Chemicals,3988.0,8.65,6017.0,LCL,104.67,Off_Peak,Carrier_A,13.0,62176.0
SHP03989D,Delhi,Dubai,Sea,Chemicals,3989.0,4.77,1063.0,LCL,80.93,Off_Peak,Carrier_D,5.0,28027.0
SHP03990H,Hyderabad,Dubai,Road,Machinery,3990.0,0.5,821.0,LCL,90.15,Off_Peak,Carrier_C,3.0,25420.0
SHP03991K,Kolkata,Colombo,Sea,Automotive Parts,3991.0,32.79,6079.0,AIR_CARGO,80.74,Normal,Carrier_A,14.0,65267.0
SHP03992C,Chennai,New York,Sea,Pharmaceuticals,3992.0,0.5,6783.0,LCL,85.83,Normal,Carrier_E,16.0,46240.0
SHP03993A,Mumbai,Jebel Ali,Air,Electronics,3993.0,7.7,1419.0,LCL,114.38,Off_Peak,Carrier_C,5.0,115983.0
SHP03994H,Hyderabad,Jebel Ali,Sea,Automotive Parts,3994.0,1.06,11106.0,40FT_HC,79.31,Normal,Carrier_B,21.0,76811.0
SHP03995M,Mumbai,Los Angeles,Sea,Textiles,3995.0,13.25,8759.0,40FT,91.26,Off_Peak,Carrier_A,18.0,69604.0
SHP03996D,Delhi,Singapore,Sea,Automotive Parts,3996.0,5.75,9715.0,LCL,102.08,Peak,Carrier_A,23.0,98307.0
SHP03997A,Mumbai,Shanghai,Sea,Electronics,3997.0,8.76,7216.0,20FT,78.78,Off_Peak,Carrier_B,16.0,42348.0
SHP03998H,Hyderabad,Rotterdam,Sea,Pharmaceuticals,3998.0,6.11,8131.0,20FT,79.36,Normal,Carrier_D,19.0,56347.0
SHP03999K,Kolkata,London,Sea,Pharmaceuticals,3999.0,0.5,4960.0,40FT_HC,80.73,Peak,Carrier_C,10.0,54277.0
SHP04000P,Pune,Shanghai,Sea,Electronics,4000.0,7.92,8312.0,AIR_CARGO,100.8,Normal,Carrier_B,18.0,82480.0
SHP04001K,Kolkata,Shanghai,Sea,Textiles,4001.0,6.85,11749.0,AIR_CARGO,111.37,Off_Peak,Carrier_E,25.0,110403.0
SHP04002D,Delhi,Hamburg,Air,Electronics,4002.0,4.05,7949.0,AIR_CARGO,108.04,Normal,Carrier_C,19.0,275250.0
SHP04003M,Mumbai,Shanghai,Air,Textiles,4003.0,7.66,4429.0,LCL,114.32,Off_Peak,Carrier_B,13.0,190538.0
SHP04004H,Hyderabad,Hamburg,Sea,Textiles,4004.0,5.14,3780.0,AIR_CARGO,98.13,Peak,Carrier_B,7.0,66246.0
SHP04005P,Pune,Los Angeles,Sea,Electronics,4005.0,3.43,11578.0,AIR_CARGO,113.46,Normal,Carrier_A,25.0,117791.0
SHP04006H,Hyderabad,Singapore,Sea,General Merchandise,4006.0,0.5,2628.0,40FT,87.2,Normal,Carrier_A,10.0,38466.0
SHP04007B,Bengaluru,Jebel Ali,Sea,Pharmaceuticals,4007.0,4.4,9771.0,LCL,91.86,Normal,Carrier_A,19.0,70886.0
SHP04008C,Chennai,Colombo,Sea,Textiles,4008.0,1.08,5851.0,LCL,90.84,Normal,Carrier_C,11.0,51208.0
SHP04009K,Kolkata,Jebel Ali,Air,Electronics,4009.0,1.56,5603.0,20FT,76.89,Normal,Carrier_D,12.0,148716.0
SHP04010H,Hyderabad,New York,Sea,Furniture,4010.0,5.62,9097.0,20FT,108.19,Peak,Carrier_C,19.0,99570.0
SHP04011H,Hyderabad,London,Sea,General Merchandise,4011.0,25.3,2202.0,40FT,75.99,Peak,Carrier_A,5.0,52510.0
SHP04012A,Mumbai,Singapore,Sea,Pharmaceuticals,4012.0,5.41,5862.0,40FT_HC,104.2,Peak,Carrier_A,10.0,86498.0
SHP04013A,Mumbai,Singapore,Air,Textiles,4013.0,11.29,912.0,LCL,91.28,Off_Peak,Carrier_C,7.0,81134.0
SHP04014H,Hyderabad,Los Angeles,Sea,Pharmaceuticals,4014.0,5.06,8210.0,20FT,75.25,Normal,Carrier_B,15.0,49933.0
SHP04015M,Mumbai,London,Sea,General Merchandise,4015.0,6.97,1171.0,AIR_CARGO,86.6,Normal,Carrier_B,3.0,33842.0
SHP04016C,Chennai,New York,Sea,Pharmaceuticals,4016.0,6.01,1504.0,LCL,88.85,Normal,Carrier_A,5.0,32860.0
SHP04017H,Hyderabad,New York,Road,Machinery,4017.0,5.15,10216.0,LCL,113.59,Normal,Carrier_A,18.0,141976.0
SHP04018D,Delhi,Colombo,Road,Chemicals,4018.0,0.5,5594.0,LCL,101.44,Peak,Carrier_D,9.0,88413.0
SHP04019K,Kolkata,Rotterdam,Sea,Machinery,4019.0,1.42,2811.0,20FT,96.74,Peak,Carrier_B,6.0,43509.0
SHP04020B,Bengaluru,Jebel Ali,Sea,General Merchandise,4020.0,7.12,7315.0,40FT,80.08,Normal,Carrier_D,17.0,68353.0
SHP04021A,Mumbai,Shanghai,Sea,Textiles,4021.0,0.5,6472.0,20FT,90.64,Off_Peak,Carrier_A,14.0,51239.0
SHP04022D,Delhi,London,Sea,Electronics,4022.0,3.5,5225.0,AIR_CARGO,76.43,Normal,Carrier_A,7.0,42750.0
SHP04023K,Kolkata,New York,Air,Automotive Parts,4023.0,2.89,10912.0,AIR_CARGO,105.47,Normal,Carrier_D,25.0,399311.0
SHP04024P,Pune,New York,Air,Electronics,4024.0,14.55,9119.0,40FT_HC,81.51,Normal,Carrier_D,20.0,253943.0
SHP04025A,Mumbai,Rotterdam,Sea,Pharmaceuticals,4025.0,2.96,2243.0,20FT,98.78,Off_Peak,Carrier_A,6.0,122471.0
SHP04026M,Mumbai,Singapore,Air,Automotive Parts,4026.0,10.74,7064.0,20FT,102.98,Normal,Carrier_E,15.0,257509.0
SHP04027A,Mumbai,New York,Sea,Automotive Parts,4027.0,16.54,1521.0,40FT_HC,89.66,Normal,Carrier_A,6.0,40124.0
SHP04028C,Chennai,Colombo,Sea,Pharmaceuticals,4028.0,4.73,3314.0,40FT_HC,100.3,Normal,Carrier_B,13.0,61244.0
SHP04029C,Chennai,New York,Air,Pharmaceuticals,4029.0,9.45,10963.0,LCL,105.57,Off_Peak,Carrier_A,24.0,345565.0
SHP04030K,Kolkata,New York,Sea,Textiles,4030.0,3.47,5814.0,LCL,82.36,Normal,Carrier_C,13.0,40859.0
SHP04031D,Delhi,Rotterdam,Sea,General Merchandise,4031.0,3.89,10759.0,AIR_CARGO,99.03,Normal,Carrier_A,19.0,306242.0
SHP04032B,Bengaluru,Colombo,Sea,Furniture,4032.0,2.97,2409.0,40FT,104.36,Normal,Carrier_E,7.0,53318.0
SHP04033M,Mumbai,Dubai,Sea,Electronics,4033.0,7.28,2861.0,AIR_CARGO,89.28,Normal,Carrier_B,9.0,42940.0
SHP04034K,Kolkata,Hamburg,Road,General Merchandise,4034.0,3.49,4557.0,20FT,81.5,Normal,Carrier_A,10.0,54605.0
SHP04035P,Pune,Rotterdam,Sea,Machinery,4035.0,13.12,4713.0,40FT,86.44,Normal,Carrier_D,10.0,56074.0
SHP04036M,Mumbai,Singapore,Road,Textiles,4036.0,12.19,9071.0,LCL,112.32,Off_Peak,Carrier_B,20.0,133278.0
SHP04037C,Chennai,Singapore,Road,Textiles,4037.0,6.88,7393.0,40FT_HC,89.3,Normal,Carrier_B,13.0,84109.0
SHP04038H,Hyderabad,London,Air,Furniture,4038.0,4.81,6862.0,40FT_HC,79.31,Normal,Carrier_E,16.0,156090.0
SHP04039H,Hyderabad,Rotterdam,Sea,Machinery,4039.0,22.67,7427.0,AIR_CARGO,78.31,Off_Peak,Carrier_D,15.0,203565.0
SHP04040B,Bengaluru,Los Angeles,Sea,Electronics,4040.0,10.93,8920.0,20FT,82.22,Peak,Carrier_C,14.0,70092.0
SHP04041M,Mumbai,Rotterdam,Sea,Chemicals,4041.0,9.64,10767.0,20FT,80.1,Normal,Carrier_A,21.0,94417.0
SHP04042K,Kolkata,Dubai,Sea,Machinery,4042.0,0.5,5270.0,40FT_HC,94.8,Normal,Carrier_C,11.0,60269.0
SHP04043B,Bengaluru,New York,Sea,Electronics,4043.0,11.23,9734.0,AIR_CARGO,88.9,Off_Peak,Carrier_D,21.0,76094.0
SHP04044A,Mumbai,Rotterdam,Sea,Automotive Parts,4044.0,8.74,6194.0,AIR_CARGO,108.66,Normal,Carrier_B,14.0,74385.0
SHP04045A,Mumbai,Los Angeles,Sea,Pharmaceuticals,4045.0,4.52,8804.0,LCL,110.24,Normal,Carrier_E,15.0,91313.0
SHP04046P,Pune,Shanghai,Sea,Textiles,4046.0,5.83,10560.0,LCL,93.93,Normal,Carrier_E,21.0,81876.0
SHP04047D,Delhi,Los Angeles,Sea,Electronics,4047.0,10.23,870.0,LCL,110.54,Normal,Carrier_B,3.0,38970.0
SHP04048H,Hyderabad,Singapore,Sea,General Merchandise,4048.0,1.17,6786.0,40FT,93.02,Off_Peak,Carrier_E,14.0,55720.0
SHP04049K,Kolkata,Dubai,Road,Furniture,4049.0,0.5,11878.0,AIR_CARGO,100.68,Peak,Carrier_C,22.0,158838.0
SHP04050M,Mumbai,New York,Sea,Pharmaceuticals,4050.0,2.45,6207.0,AIR_CARGO,81.5,Normal,Carrier_B,13.0,49468.0
SHP04051B,Bengaluru,Los Angeles,Sea,General Merchandise,4051.0,9.81,10439.0,LCL,77.1,Normal,Carrier_A,27.0,85031.0
SHP04052K,Kolkata,Dubai,Air,Pharmaceuticals,4052.0,7.33,2638.0,40FT_HC,81.4,Peak,Carrier_A,11.0,120168.0
SHP04053B,Bengaluru,Shanghai,Air,Textiles,4053.0,17.1,7449.0,LCL,85.07,Normal,Carrier_D,14.0,269913.0
SHP04054B,Bengaluru,Colombo,Sea,Machinery,4054.0,1.61,10509.0,40FT,105.04,Peak,Carrier_B,21.0,116750.0
SHP04055B,Bengaluru,Colombo,Air,Chemicals,4055.0,3.76,5463.0,40FT_HC,81.94,Off_Peak,Carrier_C,11.0,120504.0
SHP04056M,Mumbai,Colombo,Sea,Machinery,4056.0,21.47,6097.0,AIR_CARGO,80.23,Off_Peak,Carrier_B,13.0,53666.0
SHP04057K,Kolkata,Shanghai,Air,Electronics,4057.0,4.58,1443.0,40FT,112.1,Normal,Carrier_B,6.0,114614.0
SHP04058C,Chennai,New York,Sea,Furniture,4058.0,0.5,985.0,40FT,102.55,Normal,Carrier_C,4.0,43736.0
SHP04059C,Chennai,Hamburg,Road,Machinery,4059.0,4.33,5890.0,40FT_HC,93.93,Normal,Carrier_E,11.0,89452.0
SHP04060M,Mumbai,Hamburg,Road,Textiles,4060.0,15.63,10200.0,LCL,78.8,Normal,Carrier_C,23.0,89451.0
SHP04061A,Mumbai,Dubai,Sea,Furniture,4061.0,9.17,11210.0,LCL,109.07,Normal,Carrier_B,20.0,111850.0
SHP04062M,Mumbai,Colombo,Sea,Electronics,4062.0,10.07,8075.0,20FT,79.33,Normal,Carrier_B,17.0,62950.0
SHP04063H,Hyderabad,Singapore,Air,Automotive Parts,4063.0,17.93,10004.0,40FT_HC,99.44,Normal,Carrier_B,17.0,396820.0
SHP04064B,Bengaluru,New York,Sea,Machinery,4064.0,0.79,8951.0,LCL,101.71,Normal,Carrier_B,16.0,86366.0
SHP04065K,Kolkata,Hamburg,Road,Machinery,4065.0,0.5,8567.0,40FT,91.01,Off_Peak,Carrier_D,19.0,86648.0
SHP04066K,Kolkata,Rotterdam,Sea,Chemicals,4066.0,1.33,9344.0,LCL,111.45,Normal,Carrier_E,18.0,94302.0
SHP04067D,Delhi,London,Sea,Electronics,4067.0,9.21,6311.0,LCL,77.03,Off_Peak,Carrier_B,10.0,36495.0
SHP04068D,Delhi,Jebel Ali,Road,General Merchandise,4068.0,26.68,5766.0,40FT,107.72,Normal,Carrier_D,11.0,137088.0
SHP04069P,Pune,Shanghai,Air,Machinery,4069.0,4.9,2330.0,40FT_HC,97.15,Normal,Carrier_B,5.0,138787.0
SHP04070C,Chennai,Shanghai,Air,Textiles,4070.0,28.9,10204.0,20FT,99.45,Off_Peak,Carrier_E,18.0,389633.0
SHP04071D,Delhi,Hamburg,Sea,Machinery,4071.0,11.85,1013.0,LCL,114.47,Normal,Carrier_E,5.0,50885.0
SHP04072D,Delhi,Shanghai,Air,Chemicals,4072.0,1.34,3576.0,LCL,98.31,Normal,Carrier_C,5.0,123279.0
SHP04073C,Chennai,Colombo,Sea,Automotive Parts,4073.0,19.55,6479.0,LCL,106.88,Normal,Carrier_D,13.0,83611.0
SHP04074H,Hyderabad,Jebel Ali,Sea,Chemicals,4074.0,0.5,11673.0,40FT_HC,81.14,Peak,Carrier_E,23.0,85141.0
SHP04075A,Mumbai,Singapore,Air,Machinery,4075.0,6.21,9539.0,40FT,107.37,Normal,Carrier_A,19.0,308348.0
SHP04076C,Chennai,Rotterdam,Sea,Furniture,4076.0,9.75,4740.0,40FT,105.44,Normal,Carrier_B,10.0,64630.0
SHP04077A,Mumbai,Dubai,Sea,General Merchandise,4077.0,8.32,8710.0,40FT,113.72,Normal,Carrier_E,16.0,104887.0
SHP04078P,Pune,Jebel Ali,Sea,Pharmaceuticals,4078.0,10.02,11211.0,40FT,112.43,Off_Peak,Carrier_D,20.0,114534.0
SHP04079D,Delhi,Singapore,Air,Machinery,4079.0,11.73,6697.0,40FT,83.56,Off_Peak,Carrier_D,13.0,179805.0
SHP04080K,Kolkata,Shanghai,Sea,Electronics,4080.0,12.88,5812.0,40FT,93.6,Normal,Carrier_D,14.0,66629.0
SHP04081D,Delhi,Hamburg,Air,Machinery,4081.0,17.34,6859.0,LCL,111.46,Normal,Carrier_C,14.0,355224.0
SHP04082B,Bengaluru,Los Angeles,Sea,General Merchandise,4082.0,4.64,4083.0,LCL,100.63,Normal,Carrier_B,10.0,55764.0
SHP04083P,Pune,Dubai,Sea,Electronics,4083.0,6.81,10935.0,40FT,93.55,Normal,Carrier_A,24.0,82717.0
SHP04084A,Mumbai,New York,Air,Textiles,4084.0,6.98,9669.0,40FT,79.36,Peak,Carrier_D,21.0,266855.0
SHP04085A,Mumbai,London,Sea,Furniture,4085.0,4.71,8613.0,40FT_HC,89.07,Normal,Carrier_B,15.0,73454.0
SHP04086B,Bengaluru,Hamburg,Sea,Electronics,4086.0,2.34,7275.0,40FT_HC,101.61,Normal,Carrier_D,16.0,91706.0
SHP04087B,Bengaluru,Shanghai,Sea,Chemicals,4087.0,2.72,11649.0,AIR_CARGO,106.08,Normal,Carrier_D,25.0,123417.0
SHP04088H,Hyderabad,Hamburg,Sea,Automotive Parts,4088.0,0.74,3924.0,LCL,92.89,Normal,Carrier_A,8.0,51351.0
SHP04089M,Mumbai,Colombo,Air,Chemicals,4089.0,23.37,3756.0,40FT,77.23,Normal,Carrier_B,6.0,175632.0
SHP04090B,Bengaluru,Shanghai,Sea,Pharmaceuticals,4090.0,2.96,3285.0,LCL,100.33,Normal,Carrier_D,7.0,58629.0
SHP04091A,Mumbai,Hamburg,Air,Electronics,4091.0,6.39,9030.0,AIR_CARGO,111.86,Normal,Carrier_C,19.0,308625.0
SHP04092K,Kolkata,Jebel Ali,Sea,Textiles,4092.0,14.67,9669.0,40FT_HC,94.86,Normal,Carrier_D,21.0,97083.0
SHP04093A,Mumbai,Jebel Ali,Sea,Machinery,4093.0,6.27,7367.0,AIR_CARGO,112.14,Normal,Carrier_B,14.0,93745.0
SHP04094A,Mumbai,Rotterdam,Sea,Furniture,4094.0,2.88,7998.0,20FT,89.16,Normal,Carrier_E,12.0,91795.0
SHP04095H,Hyderabad,Rotterdam,Sea,Electronics,4095.0,2.37,4513.0,40FT_HC,110.45,Off_Peak,Carrier_D,8.0,63520.0
SHP04096M,Mumbai,Dubai,Sea,Chemicals,4096.0,4.64,957.0,LCL,106.45,Normal,Carrier_C,4.0,39628.0
SHP04097M,Mumbai,Hamburg,Sea,Electronics,4097.0,13.41,3417.0,40FT_HC,113.47,Off_Peak,Carrier_C,12.0,67924.0
SHP04098B,Bengaluru,Rotterdam,Sea,Electronics,4098.0,3.14,7219.0,AIR_CARGO,106.64,Normal,Carrier_D,15.0,79707.0
SHP04099P,Pune,Colombo,Sea,Electronics,4099.0,8.02,9849.0,40FT,87.86,Peak,Carrier_B,23.0,88337.0
SHP04100D,Delhi,Singapore,Sea,Textiles,4100.0,11.36,9438.0,AIR_CARGO,111.02,Peak,Carrier_D,17.0,120499.0
SHP04101A,Mumbai,Rotterdam,Sea,Furniture,4101.0,12.99,2564.0,AIR_CARGO,101.79,Normal,Carrier_C,5.0,50751.0
SHP04102C,Chennai,Hamburg,Sea,General Merchandise,4102.0,9.97,1092.0,40FT,81.48,Normal,Carrier_D,1.0,34145.0
SHP04103D,Delhi,Jebel Ali,Sea,General Merchandise,4103.0,11.07,10281.0,LCL,76.84,Off_Peak,Carrier_C,21.0,49899.0
SHP04104D,Delhi,London,Sea,Electronics,4104.0,0.5,1369.0,LCL,89.63,Normal,Carrier_E,3.0,28018.0
SHP04105M,Mumbai,Los Angeles,Sea,Textiles,4105.0,0.69,5023.0,40FT_HC,106.47,Normal,Carrier_D,12.0,80610.0
SHP04106M,Mumbai,New York,Air,Textiles,4106.0,5.44,1584.0,AIR_CARGO,99.73,Normal,Carrier_A,4.0,116261.0
SHP04107H,Hyderabad,Rotterdam,Sea,Pharmaceuticals,4107.0,10.02,6987.0,40FT_HC,96.09,Normal,Carrier_D,19.0,106696.0
SHP04108H,Hyderabad,New York,Sea,Electronics,4108.0,5.52,4678.0,40FT,75.15,Normal,Carrier_C,14.0,45262.0
SHP04109M,Mumbai,Los Angeles,Sea,Chemicals,4109.0,4.52,2829.0,20FT,92.42,Normal,Carrier_B,3.0,50954.0
SHP04110K,Kolkata,Dubai,Sea,Chemicals,4110.0,0.5,7344.0,LCL,81.31,Peak,Carrier_C,17.0,58554.0
SHP04111K,Kolkata,Jebel Ali,Sea,Automotive Parts,4111.0,9.67,4679.0,40FT,93.18,Normal,Carrier_E,9.0,62254.0
SHP04112C,Chennai,Jebel Ali,Sea,Furniture,4112.0,7.97,2418.0,LCL,114.67,Peak,Carrier_B,8.0,65252.0
SHP04113M,Mumbai,Los Angeles,Sea,Electronics,4113.0,0.5,8551.0,40FT_HC,110.18,Normal,Carrier_A,15.0,92583.0
SHP04114B,Bengaluru,Hamburg,Sea,Automotive Parts,4114.0,12.05,10123.0,20FT,87.43,Normal,Carrier_A,23.0,78544.0
SHP04115H,Hyderabad,New York,Sea,Chemicals,4115.0,14.99,3648.0,AIR_CARGO,98.74,Normal,Carrier_E,11.0,58741.0
SHP04116M,Mumbai,New York,Sea,Chemicals,4116.0,15.33,2644.0,LCL,95.08,Normal,Carrier_E,4.0,45431.0
SHP04117K,Kolkata,Los Angeles,Sea,Electronics,4117.0,10.17,1365.0,AIR_CARGO,80.2,Normal,Carrier_E,4.0,36633.0
SHP04118M,Mumbai,New York,Sea,Automotive Parts,4118.0,9.05,6571.0,40FT_HC,114.59,Normal,Carrier_E,14.0,90548.0
SHP04119K,Kolkata,Hamburg,Sea,Automotive Parts,4119.0,10.11,10060.0,LCL,92.01,Normal,Carrier_D,22.0,85828.0
SHP04120M,Mumbai,Jebel Ali,Air,Electronics,4120.0,13.62,3384.0,40FT_HC,95.23,Normal,Carrier_C,8.0,178261.0
SHP04121A,Mumbai,Dubai,Sea,Furniture,4121.0,8.54,5797.0,AIR_CARGO,100.9,Off_Peak,Carrier_D,14.0,70276.0
SHP04122B,Bengaluru,Colombo,Sea,Pharmaceuticals,4122.0,8.36,2349.0,40FT_HC,82.66,Off_Peak,Carrier_B,6.0,39194.0
SHP04123P,Pune,Jebel Ali,Air,Automotive Parts,4123.0,6.78,5148.0,40FT_HC,83.89,Normal,Carrier_A,13.0,135373.0
SHP04124C,Chennai,Singapore,Road,Pharmaceuticals,4124.0,3.14,678.0,40FT_HC,82.7,Peak,Carrier_A,1.0,29275.0
SHP04125A,Mumbai,Singapore,Air,Machinery,4125.0,15.33,10973.0,40FT,90.38,Normal,Carrier_B,22.0,325762.0
SHP04126B,Bengaluru,Jebel Ali,Air,Furniture,4126.0,2.38,8281.0,40FT,82.99,Peak,Carrier_A,19.0,215624.0
SHP04127K,Kolkata,Hamburg,Air,Chemicals,4127.0,4.84,4327.0,LCL,112.06,Normal,Carrier_E,13.0,207624.0
SHP04128H,Hyderabad,Colombo,Road,General Merchandise,4128.0,10.91,10634.0,40FT_HC,103.57,Peak,Carrier_E,22.0,179446.0
SHP04129H,Hyderabad,Dubai,Sea,Furniture,4129.0,5.55,2604.0,40FT_HC,110.91,Normal,Carrier_E,7.0,58972.0
SHP04130D,Delhi,New York,Sea,Pharmaceuticals,4130.0,20.76,1405.0,40FT_HC,108.94,Peak,Carrier_B,7.0,63291.0
SHP04131B,Bengaluru,Singapore,Sea,Pharmaceuticals,4131.0,37.09,11340.0,40FT,103.13,Off_Peak,Carrier_C,22.0,110939.0
SHP04132M,Mumbai,Singapore,Sea,Pharmaceuticals,4132.0,8.54,4054.0,AIR_CARGO,84.71,Peak,Carrier_B,12.0,59684.0
SHP04133C,Chennai,Singapore,Air,Textiles,4133.0,3.18,11264.0,40FT_HC,99.61,Normal,Carrier_C,22.0,305157.0
SHP04134M,Mumbai,Shanghai,Sea,Furniture,4134.0,4.11,7833.0,20FT,82.45,Off_Peak,Carrier_A,16.0,47771.0
SHP04135M,Mumbai,Hamburg,Sea,Automotive Parts,4135.0,7.52,11770.0,LCL,80.3,Normal,Carrier_A,21.0,65740.0
SHP04136B,Bengaluru,Jebel Ali,Sea,Automotive Parts,4136.0,4.49,9164.0,40FT,100.3,Off_Peak,Carrier_A,16.0,80452.0
SHP04137P,Pune,Colombo,Air,Textiles,4137.0,2.6,1713.0,AIR_CARGO,99.99,Normal,Carrier_C,7.0,93167.0
SHP04138C,Chennai,Jebel Ali,Sea,Automotive Parts,4138.0,11.32,10301.0,20FT,81.26,Off_Peak,Carrier_A,24.0,64073.0
SHP04139D,Delhi,Shanghai,Air,Textiles,4139.0,10.27,2201.0,40FT_HC,89.1,Off_Peak,Carrier_B,6.0,127887.0
SHP04140A,Mumbai,Singapore,Sea,Pharmaceuticals,4140.0,7.39,8460.0,40FT,77.65,Peak,Carrier_C,17.0,62686.0
SHP04141M,Mumbai,Los Angeles,Sea,Electronics,4141.0,11.93,6255.0,40FT_HC,103.63,Normal,Carrier_E,15.0,95923.0
SHP04142C,Chennai,Shanghai,Sea,Furniture,4142.0,3.87,8639.0,LCL,114.5,Peak,Carrier_C,18.0,115619.0
SHP04143D,Delhi,Hamburg,Sea,Machinery,4143.0,0.5,9297.0,40FT,104.6,Normal,Carrier_B,14.0,100927.0
SHP04144A,Mumbai,Dubai,Air,Pharmaceuticals,4144.0,13.88,9742.0,20FT,108.77,Peak,Carrier_B,22.0,459556.0
SHP04145M,Mumbai,New York,Road,Machinery,4145.0,3.94,10102.0,AIR_CARGO,94.05,Peak,Carrier_B,18.0,136310.0
SHP04146C,Chennai,London,Sea,Chemicals,4146.0,29.62,10243.0,AIR_CARGO,78.82,Normal,Carrier_A,21.0,69443.0
SHP04147A,Mumbai,Colombo,Sea,Pharmaceuticals,4147.0,14.57,5245.0,LCL,104.06,Normal,Carrier_E,11.0,71183.0
SHP04148B,Bengaluru,Shanghai,Sea,General Merchandise,4148.0,15.99,10726.0,AIR_CARGO,85.26,Normal,Carrier_E,20.0,73503.0
SHP04149P,Pune,Dubai,Air,Automotive Parts,4149.0,11.46,8775.0,AIR_CARGO,90.53,Normal,Carrier_D,18.0,265210.0
SHP04150H,Hyderabad,London,Air,General Merchandise,4150.0,0.5,10148.0,LCL,103.12,Off_Peak,Carrier_B,22.0,273208.0
SHP04151H,Hyderabad,Dubai,Sea,Electronics,4151.0,0.5,11876.0,20FT,111.19,Peak,Carrier_A,24.0,134465.0
SHP04152M,Mumbai,Jebel Ali,Sea,Machinery,4152.0,4.77,1839.0,40FT,94.45,Peak,Carrier_C,8.0,53471.0
SHP04153M,Mumbai,Jebel Ali,Air,Furniture,4153.0,0.5,4762.0,40FT,113.46,Normal,Carrier_A,14.0,193045.0
SHP04154A,Mumbai,Singapore,Sea,Pharmaceuticals,4154.0,12.39,9775.0,LCL,95.8,Off_Peak,Carrier_B,23.0,84213.0
SHP04155C,Chennai,Rotterdam,Sea,Furniture,4155.0,3.04,1492.0,40FT_HC,79.9,Normal,Carrier_A,5.0,27266.0
SHP04156H,Hyderabad,New York,Sea,Electronics,4156.0,5.43,6719.0,LCL,95.74,Normal,Carrier_B,13.0,65939.0
SHP04157M,Mumbai,Hamburg,Sea,Electronics,4157.0,14.95,10372.0,LCL,109.43,Normal,Carrier_C,21.0,98444.0
SHP04158D,Delhi,Hamburg,Road,Automotive Parts,4158.0,11.85,718.0,LCL,96.52,Peak,Carrier_C,6.0,33720.0
SHP04159M,Mumbai,Singapore,Road,Electronics,4159.0,6.99,11304.0,LCL,104.91,Normal,Carrier_E,25.0,149098.0
SHP04160H,Hyderabad,Jebel Ali,Sea,Pharmaceuticals,4160.0,1.08,11749.0,AIR_CARGO,96.92,Normal,Carrier_D,18.0,107524.0
SHP04161K,Kolkata,Singapore,Sea,Pharmaceuticals,4161.0,0.5,4206.0,AIR_CARGO,96.84,Normal,Carrier_A,10.0,52764.0
SHP04162P,Pune,Los Angeles,Sea,Furniture,4162.0,15.15,9318.0,20FT,86.39,Normal,Carrier_D,14.0,76047.0
SHP04163H,Hyderabad,Shanghai,Sea,Furniture,4163.0,11.98,1963.0,LCL,83.05,Normal,Carrier_A,6.0,31189.0
SHP04164D,Delhi,Shanghai,Sea,Machinery,4164.0,7.75,9388.0,40FT,86.16,Normal,Carrier_E,18.0,71138.0
SHP04165C,Chennai,Colombo,Sea,Pharmaceuticals,4165.0,23.4,6037.0,40FT_HC,92.63,Normal,Carrier_E,11.0,74449.0
SHP04166D,Delhi,Jebel Ali,Sea,General Merchandise,4166.0,0.5,10393.0,AIR_CARGO,107.38,Normal,Carrier_C,23.0,100805.0
SHP04167K,Kolkata,Rotterdam,Sea,Machinery,4167.0,0.5,2945.0,40FT,108.16,Peak,Carrier_C,6.0,60238.0
SHP04168K,Kolkata,Los Angeles,Sea,Automotive Parts,4168.0,0.5,8236.0,AIR_CARGO,81.54,Peak,Carrier_C,17.0,67861.0
SHP04169M,Mumbai,Los Angeles,Sea,Machinery,4169.0,5.32,9540.0,20FT,97.11,Normal,Carrier_A,17.0,86468.0
SHP04170M,Mumbai,Jebel Ali,Sea,Textiles,4170.0,10.27,2829.0,40FT_HC,91.64,Normal,Carrier_D,7.0,50742.0
SHP04171H,Hyderabad,Shanghai,Sea,Furniture,4171.0,1.58,9910.0,AIR_CARGO,97.84,Normal,Carrier_D,22.0,93164.0
SHP04172B,Bengaluru,London,Road,General Merchandise,4172.0,1.86,11517.0,40FT_HC,100.9,Peak,Carrier_C,21.0,155223.0
SHP04173P,Pune,Shanghai,Sea,Furniture,4173.0,15.73,7585.0,40FT_HC,86.18,Off_Peak,Carrier_E,17.0,69144.0
SHP04174D,Delhi,Colombo,Sea,Textiles,4174.0,4.8,9526.0,40FT,111.77,Peak,Carrier_D,19.0,133614.0
SHP04175H,Hyderabad,Colombo,Road,Textiles,4175.0,2.39,6625.0,AIR_CARGO,112.42,Off_Peak,Carrier_E,14.0,103409.0
SHP04176B,Bengaluru,Jebel Ali,Road,Chemicals,4176.0,18.7,7378.0,40FT_HC,79.21,Normal,Carrier_C,15.0,89070.0
SHP04177H,Hyderabad,New York,Sea,Pharmaceuticals,4177.0,29.58,654.0,LCL,103.12,Peak,Carrier_A,5.0,74780.0
SHP04178P,Pune,New York,Air,Automotive Parts,4178.0,9.72,6529.0,40FT_HC,76.33,Normal,Carrier_B,15.0,183482.0
SHP04179P,Pune,Rotterdam,Sea,Electronics,4179.0,9.24,7119.0,40FT_HC,76.86,Peak,Carrier_D,15.0,72381.0
SHP04180K,Kolkata,New York,Sea,Textiles,4180.0,7.4,8206.0,AIR_CARGO,113.31,Normal,Carrier_C,17.0,93500.0
SHP04181M,Mumbai,Dubai,Sea,Machinery,4181.0,12.11,2448.0,LCL,102.79,Off_Peak,Carrier_C,8.0,47815.0
SHP04182M,Mumbai,Dubai,Air,Electronics,4182.0,19.31,3276.0,40FT_HC,87.98,Normal,Carrier_D,9.0,228798.0
SHP04183P,Pune,Hamburg,Air,Machinery,4183.0,9.34,9194.0,AIR_CARGO,101.8,Normal,Carrier_B,18.0,285226.0
SHP04184H,Hyderabad,Dubai,Sea,Furniture,4184.0,0.64,2428.0,AIR_CARGO,108.83,Off_Peak,Carrier_A,9.0,49267.0
SHP04185P,Pune,London,Sea,Machinery,4185.0,3.65,5284.0,40FT_HC,109.84,Normal,Carrier_D,13.0,86703.0
SHP04186M,Mumbai,London,Sea,Electronics,4186.0,10.22,3381.0,20FT,75.82,Normal,Carrier_A,12.0,42381.0
SHP04187C,Chennai,London,Sea,Electronics,4187.0,18.94,6770.0,20FT,107.73,Off_Peak,Carrier_C,11.0,79425.0
SHP04188H,Hyderabad,Dubai,Sea,Pharmaceuticals,4188.0,2.96,11849.0,40FT,109.13,Peak,Carrier_D,25.0,143088.0
SHP04189K,Kolkata,Rotterdam,Sea,Machinery,4189.0,8.53,10298.0,20FT,98.82,Normal,Carrier_A,23.0,318173.0
SHP04190A,Mumbai,Shanghai,Air,Automotive Parts,4190.0,12.44,3599.0,20FT,94.2,Normal,Carrier_E,11.0,172614.0
SHP04191H,Hyderabad,Jebel Ali,Air,Pharmaceuticals,4191.0,0.5,4739.0,AIR_CARGO,79.44,Peak,Carrier_E,10.0,150072.0
SHP04192H,Hyderabad,Singapore,Road,General Merchandise,4192.0,4.19,11064.0,AIR_CARGO,84.58,Normal,Carrier_E,19.0,108004.0
SHP04193M,Mumbai,Hamburg,Sea,Chemicals,4193.0,0.5,10830.0,40FT_HC,94.62,Normal,Carrier_A,25.0,90864.0
SHP04194K,Kolkata,Colombo,Air,General Merchandise,4194.0,0.64,2346.0,40FT_HC,109.6,Peak,Carrier_E,5.0,161312.0
SHP04195H,Hyderabad,Los Angeles,Sea,Automotive Parts,4195.0,4.28,10037.0,AIR_CARGO,107.13,Normal,Carrier_C,20.0,94310.0
SHP04196M,Mumbai,Colombo,Sea,Pharmaceuticals,4196.0,6.69,3922.0,40FT_HC,94.84,Off_Peak,Carrier_A,13.0,54609.0
SHP04197P,Pune,Hamburg,Sea,Chemicals,4197.0,0.5,6754.0,AIR_CARGO,106.43,Off_Peak,Carrier_C,12.0,67953.0
SHP04198D,Delhi,Colombo,Sea,Pharmaceuticals,4198.0,24.65,559.0,20FT,105.63,Normal,Carrier_B,5.0,51492.0
SHP04199K,Kolkata,Shanghai,Sea,Electronics,4199.0,5.21,11984.0,40FT_HC,98.16,Peak,Carrier_A,22.0,122822.0
SHP04200B,Bengaluru,Colombo,Sea,Chemicals,4200.0,16.6,9253.0,20FT,83.81,Normal,Carrier_E,17.0,70852.0
SHP04201C,Chennai,Colombo,Air,Furniture,4201.0,8.66,3280.0,40FT,88.92,Normal,Carrier_E,8.0,105525.0
SHP04202B,Bengaluru,Shanghai,Sea,Machinery,4202.0,0.5,8364.0,40FT_HC,81.56,Off_Peak,Carrier_B,19.0,61160.0
SHP04203A,Mumbai,Shanghai,Sea,General Merchandise,4203.0,8.0,3873.0,AIR_CARGO,75.29,Off_Peak,Carrier_D,11.0,35770.0
SHP04204P,Pune,Dubai,Road,Chemicals,4204.0,12.6,1529.0,AIR_CARGO,78.22,Normal,Carrier_B,7.0,38463.0
SHP04205K,Kolkata,Shanghai,Sea,Machinery,4205.0,0.5,5391.0,40FT,105.39,Normal,Carrier_E,10.0,70219.0
SHP04206H,Hyderabad,Singapore,Sea,Pharmaceuticals,4206.0,10.41,7558.0,AIR_CARGO,76.34,Peak,Carrier_E,13.0,57177.0
SHP04207M,Mumbai,New York,Sea,Automotive Parts,4207.0,11.81,1532.0,20FT,90.99,Peak,Carrier_D,4.0,54742.0
SHP04208A,Mumbai,Singapore,Sea,Chemicals,4208.0,2.49,6462.0,AIR_CARGO,114.43,Normal,Carrier_B,14.0,88794.0
SHP04209K,Kolkata,Colombo,Sea,Machinery,4209.0,0.5,6421.0,40FT,106.81,Normal,Carrier_C,13.0,75669.0
SHP04210C,Chennai,Singapore,Sea,Pharmaceuticals,4210.0,4.34,7729.0,LCL,105.02,Normal,Carrier_B,9.0,82422.0
SHP04211K,Kolkata,Hamburg,Sea,Pharmaceuticals,4211.0,2.12,3313.0,LCL,85.99,Normal,Carrier_C,4.0,40961.0
SHP04212A,Mumbai,Jebel Ali,Sea,Pharmaceuticals,4212.0,0.5,737.0,20FT,100.67,Peak,Carrier_E,3.0,45151.0
SHP04213M,Mumbai,New York,Sea,Automotive Parts,4213.0,8.94,4236.0,LCL,94.95,Normal,Carrier_E,11.0,56045.0
SHP04214B,Bengaluru,Jebel Ali,Sea,Electronics,4214.0,6.88,5084.0,AIR_CARGO,99.95,Off_Peak,Carrier_B,9.0,61344.0
SHP04215D,Delhi,Los Angeles,Sea,Automotive Parts,4215.0,3.91,7811.0,40FT,92.43,Normal,Carrier_E,18.0,80128.0
SHP04216B,Bengaluru,Singapore,Air,Automotive Parts,4216.0,8.59,11197.0,20FT,96.24,Peak,Carrier_D,19.0,423399.0
SHP04217M,Mumbai,Jebel Ali,Sea,Furniture,4217.0,0.64,2839.0,LCL,114.54,Off_Peak,Carrier_A,8.0,49400.0
SHP04218A,Mumbai,Shanghai,Sea,General Merchandise,4218.0,6.19,8404.0,AIR_CARGO,88.17,Normal,Carrier_C,18.0,71113.0
SHP04219M,Mumbai,Rotterdam,Sea,Pharmaceuticals,4219.0,0.5,1620.0,AIR_CARGO,83.66,Normal,Carrier_E,6.0,110910.0
SHP04220P,Pune,Rotterdam,Sea,Machinery,4220.0,9.91,2692.0,40FT_HC,92.94,Normal,Carrier_C,5.0,49034.0
SHP04221C,Chennai,Shanghai,Sea,Chemicals,4221.0,0.5,6355.0,40FT_HC,95.97,Normal,Carrier_B,10.0,73603.0
SHP04222K,Kolkata,Jebel Ali,Sea,General Merchandise,4222.0,16.68,8646.0,40FT,78.43,Normal,Carrier_D,19.0,69702.0
SHP04223P,Pune,Colombo,Road,Pharmaceuticals,4223.0,9.36,10374.0,20FT,107.24,Normal,Carrier_C,18.0,137976.0
SHP04224K,Kolkata,Shanghai,Air,Textiles,4224.0,12.67,9055.0,LCL,91.88,Normal,Carrier_E,17.0,254916.0
SHP04225B,Bengaluru,New York,Sea,Automotive Parts,4225.0,9.49,677.0,LCL,91.53,Peak,Carrier_A,6.0,28851.0
SHP04226A,Mumbai,London,Air,Textiles,4226.0,21.17,8365.0,AIR_CARGO,101.35,Normal,Carrier_D,18.0,420379.0
SHP04227D,Delhi,Hamburg,Sea,Pharmaceuticals,4227.0,4.58,9984.0,LCL,105.93,Normal,Carrier_B,21.0,101421.0
SHP04228D,Delhi,Colombo,Sea,General Merchandise,4228.0,11.68,6544.0,40FT,114.44,Normal,Carrier_E,15.0,95061.0
SHP04229C,Chennai,New York,Sea,Machinery,4229.0,16.45,11604.0,40FT_HC,81.94,Normal,Carrier_D,24.0,89125.0
SHP04230M,Mumbai,Jebel Ali,Sea,General Merchandise,4230.0,13.75,550.0,AIR_CARGO,88.82,Peak,Carrier_E,3.0,46303.0
SHP04231C,Chennai,Colombo,Air,Furniture,4231.0,6.59,9915.0,20FT,81.73,Peak,Carrier_B,18.0,247421.0
SHP04232K,Kolkata,Colombo,Sea,Machinery,4232.0,17.96,4350.0,AIR_CARGO,110.23,Normal,Carrier_B,15.0,90005.0
SHP04233H,Hyderabad,Jebel Ali,Sea,Machinery,4233.0,5.06,7980.0,LCL,96.94,Peak,Carrier_A,16.0,79844.0
SHP04234H,Hyderabad,Shanghai,Road,Pharmaceuticals,4234.0,10.18,8475.0,40FT,109.1,Normal,Carrier_D,18.0,147880.0
SHP04235H,Hyderabad,Jebel Ali,Sea,Electronics,4235.0,10.86,4022.0,20FT,114.41,Normal,Carrier_A,10.0,67740.0
SHP04236M,Mumbai,Singapore,Sea,Pharmaceuticals,4236.0,2.72,11947.0,AIR_CARGO,97.01,Normal,Carrier_A,23.0,101133.0
SHP04237C,Chennai,Singapore,Sea,Automotive Parts,4237.0,7.46,1687.0,LCL,79.73,Normal,Carrier_A,4.0,28728.0
SHP04238P,Pune,Hamburg,Air,General Merchandise,4238.0,18.17,2306.0,AIR_CARGO,89.45,Normal,Carrier_C,9.0,186818.0
SHP04239A,Mumbai,Rotterdam,Sea,Machinery,4239.0,7.58,10760.0,20FT,76.45,Peak,Carrier_B,20.0,247734.0
SHP04240B,Bengaluru,Dubai,Sea,Pharmaceuticals,4240.0,24.08,1871.0,LCL,108.97,Normal,Carrier_A,6.0,60631.0
SHP04241K,Kolkata,Hamburg,Air,Pharmaceuticals,4241.0,6.48,4885.0,40FT_HC,75.72,Peak,Carrier_C,13.0,131984.0
SHP04242H,Hyderabad,Hamburg,Sea,General Merchandise,4242.0,6.03,8931.0,20FT,98.69,Normal,Carrier_C,18.0,76779.0
SHP04243A,Mumbai,London,Air,General Merchandise,4243.0,6.97,9602.0,40FT_HC,79.25,Peak,Carrier_C,19.0,214000.0
SHP04244D,Delhi,Dubai,Sea,Furniture,4244.0,0.97,11479.0,40FT_HC,75.3,Normal,Carrier_A,25.0,71531.0
SHP04245P,Pune,Rotterdam,Sea,Machinery,4245.0,0.5,9580.0,LCL,85.25,Normal,Carrier_C,19.0,66056.0
SHP04246C,Chennai,Colombo,Road,Chemicals,4246.0,6.09,10212.0,AIR_CARGO,97.07,Peak,Carrier_A,16.0,134980.0
SHP04247K,Kolkata,Dubai,Sea,Furniture,4247.0,3.03,11418.0,AIR_CARGO,78.0,Peak,Carrier_D,26.0,79824.0
SHP04248K,Kolkata,London,Sea,Textiles,4248.0,2.96,6867.0,40FT,99.6,Normal,Carrier_B,13.0,67346.0
SHP04249D,Delhi,Los Angeles,Sea,Automotive Parts,4249.0,0.5,4449.0,20FT,101.88,Normal,Carrier_E,11.0,61158.0
SHP04250P,Pune,Hamburg,Road,Automotive Parts,4250.0,13.67,9259.0,20FT,113.79,Off_Peak,Carrier_A,16.0,136560.0
SHP04251D,Delhi,Jebel Ali,Sea,Chemicals,4251.0,9.43,2381.0,LCL,110.98,Peak,Carrier_B,5.0,61450.0
SHP04252D,Delhi,Hamburg,Sea,Electronics,4252.0,0.5,1285.0,LCL,97.67,Normal,Carrier_A,3.0,28087.0
SHP04253H,Hyderabad,Shanghai,Sea,Furniture,4253.0,1.27,9531.0,40FT,106.73,Normal,Carrier_D,20.0,99616.0
SHP04254P,Pune,London,Sea,Chemicals,4254.0,3.73,11433.0,40FT,89.55,Normal,Carrier_B,21.0,85898.0
SHP04255H,Hyderabad,Hamburg,Sea,Electronics,4255.0,7.23,5588.0,40FT_HC,98.43,Normal,Carrier_B,16.0,75981.0
SHP04256C,Chennai,Hamburg,Air,Electronics,4256.0,5.38,2353.0,40FT,91.13,Normal,Carrier_C,6.0,113436.0
SHP04257D,Delhi,Dubai,Road,Chemicals,4257.0,2.89,6216.0,AIR_CARGO,88.48,Normal,Carrier_A,15.0,69911.0
SHP04258B,Bengaluru,Dubai,Sea,Automotive Parts,4258.0,5.23,5023.0,40FT_HC,104.11,Normal,Carrier_A,11.0,67862.0
SHP04259K,Kolkata,Jebel Ali,Sea,Textiles,4259.0,0.74,4783.0,40FT,86.87,Peak,Carrier_E,13.0,51956.0
SHP04260P,Pune,New York,Sea,Automotive Parts,4260.0,8.27,7723.0,AIR_CARGO,90.22,Normal,Carrier_C,12.0,69657.0
SHP04261D,Delhi,Shanghai,Sea,Pharmaceuticals,4261.0,13.64,2509.0,AIR_CARGO,89.69,Normal,Carrier_C,5.0,42892.0
SHP04262P,Pune,Jebel Ali,Road,Automotive Parts,4262.0,6.71,4876.0,40FT_HC,109.82,Normal,Carrier_E,10.0,92402.0
SHP04263K,Kolkata,Los Angeles,Sea,Automotive Parts,4263.0,0.5,10490.0,40FT_HC,81.82,Peak,Carrier_C,20.0,78741.0
SHP04264M,Mumbai,Shanghai,Sea,Furniture,4264.0,9.21,8891.0,AIR_CARGO,90.26,Normal,Carrier_C,19.0,71799.0
SHP04265A,Mumbai,Dubai,Air,Chemicals,4265.0,0.5,1139.0,LCL,110.51,Normal,Carrier_D,5.0,103956.0
SHP04266M,Mumbai,Hamburg,Sea,Chemicals,4266.0,6.94,6410.0,40FT_HC,75.61,Peak,Carrier_B,14.0,52555.0
SHP04267D,Delhi,Colombo,Sea,Pharmaceuticals,4267.0,16.32,1550.0,20FT,112.91,Normal,Carrier_E,5.0,64106.0
SHP04268K,Kolkata,Hamburg,Sea,Pharmaceuticals,4268.0,8.79,11511.0,LCL,110.96,Normal,Carrier_D,28.0,117220.0
SHP04269A,Mumbai,Rotterdam,Sea,Furniture,4269.0,6.69,3313.0,20FT,91.71,Off_Peak,Carrier_D,9.0,139364.0
SHP04270M,Mumbai,Jebel Ali,Road,Chemicals,4270.0,0.5,11225.0,40FT,101.12,Normal,Carrier_D,18.0,148153.0
SHP04271D,Delhi,Shanghai,Sea,Automotive Parts,4271.0,2.74,10091.0,40FT_HC,114.64,Normal,Carrier_C,22.0,106410.0
SHP04272K,Kolkata,Colombo,Road,Textiles,4272.0,13.83,6841.0,40FT_HC,97.2,Normal,Carrier_E,16.0,111941.0
SHP04273D,Delhi,Rotterdam,Sea,Electronics,4273.0,3.66,4368.0,AIR_CARGO,78.88,Off_Peak,Carrier_C,12.0,41643.0
SHP04274H,Hyderabad,Los Angeles,Sea,General Merchandise,4274.0,15.23,10366.0,40FT_HC,109.15,Normal,Carrier_C,22.0,124800.0
SHP04275K,Kolkata,Hamburg,Sea,Electronics,4275.0,6.64,2257.0,20FT,80.37,Normal,Carrier_D,4.0,30524.0
SHP04276M,Mumbai,New York,Sea,Pharmaceuticals,4276.0,7.37,2570.0,LCL,85.29,Peak,Carrier_A,8.0,36831.0
SHP04277D,Delhi,London,Sea,Pharmaceuticals,4277.0,0.5,3084.0,40FT,109.94,Normal,Carrier_E,8.0,61865.0
SHP04278P,Pune,Rotterdam,Sea,Electronics,4278.0,13.26,7374.0,LCL,85.24,Peak,Carrier_E,17.0,76884.0
SHP04279M,Mumbai,Hamburg,Sea,General Merchandise,4279.0,0.5,4115.0,20FT,104.8,Normal,Carrier_D,13.0,66012.0
SHP04280D,Delhi,Hamburg,Sea,Automotive Parts,4280.0,8.43,11876.0,40FT,92.91,Normal,Carrier_D,23.0,90938.0
SHP04281P,Pune,Shanghai,Sea,Textiles,4281.0,7.72,2744.0,AIR_CARGO,105.39,Off_Peak,Carrier_B,9.0,49354.0
SHP04282P,Pune,Shanghai,Air,Textiles,4282.0,17.46,9765.0,40FT_HC,84.29,Off_Peak,Carrier_D,22.0,270955.0
SHP04283C,Chennai,New York,Sea,Electronics,4283.0,0.5,1602.0,40FT_HC,91.78,Normal,Carrier_C,5.0,38601.0
SHP04284P,Pune,Rotterdam,Sea,General Merchandise,4284.0,11.39,4565.0,AIR_CARGO,87.73,Normal,Carrier_D,14.0,54614.0
SHP04285M,Mumbai,Dubai,Sea,Furniture,4285.0,5.59,3303.0,20FT,84.96,Off_Peak,Carrier_E,10.0,36308.0
SHP04286M,Mumbai,Shanghai,Sea,Pharmaceuticals,4286.0,0.5,11734.0,AIR_CARGO,87.58,Off_Peak,Carrier_A,22.0,61807.0
SHP04287B,Bengaluru,London,Road,Machinery,4287.0,9.55,796.0,20FT,87.92,Off_Peak,Carrier_A,4.0,27246.0
SHP04288A,Mumbai,Hamburg,Sea,Automotive Parts,4288.0,2.49,8799.0,40FT,113.22,Normal,Carrier_C,20.0,95815.0
SHP04289H,Hyderabad,Hamburg,Sea,Furniture,4289.0,2.3,3349.0,LCL,96.33,Normal,Carrier_A,12.0,52313.0
SHP04290M,Mumbai,Los Angeles,Sea,Electronics,4290.0,2.5,9829.0,LCL,93.48,Peak,Carrier_D,21.0,319744.0
SHP04291K,Kolkata,Los Angeles,Sea,Textiles,4291.0,7.46,4079.0,AIR_CARGO,95.13,Off_Peak,Carrier_A,10.0,49705.0
SHP04292A,Mumbai,New York,Sea,Pharmaceuticals,4292.0,0.5,2654.0,40FT_HC,114.85,Peak,Carrier_D,9.0,77541.0
SHP04293P,Pune,Rotterdam,Sea,Furniture,4293.0,5.31,8470.0,AIR_CARGO,101.14,Normal,Carrier_B,17.0,85259.0
SHP04294D,Delhi,Singapore,Road,Furniture,4294.0,3.35,3462.0,40FT_HC,103.14,Normal,Carrier_E,6.0,65488.0
SHP04295C,Chennai,Colombo,Sea,Chemicals,4295.0,4.7,6084.0,AIR_CARGO,87.54,Peak,Carrier_C,14.0,68065.0
SHP04296K,Kolkata,Shanghai,Sea,Chemicals,4296.0,12.97,2013.0,AIR_CARGO,93.86,Off_Peak,Carrier_B,5.0,39164.0
SHP04297A,Mumbai,Rotterdam,Sea,General Merchandise,4297.0,9.28,8833.0,LCL,82.36,Normal,Carrier_A,23.0,57565.0
SHP04298K,Kolkata,Hamburg,Sea,General Merchandise,4298.0,6.66,5179.0,40FT_HC,102.41,Peak,Carrier_C,12.0,75449.0
SHP04299K,Kolkata,Jebel Ali,Sea,Electronics,4299.0,4.51,2117.0,LCL,88.78,Off_Peak,Carrier_D,7.0,29432.0
SHP04300K,Kolkata,Los Angeles,Sea,Furniture,4300.0,14.62,9028.0,40FT_HC,104.93,Normal,Carrier_B,17.0,106600.0
SHP04301A,Mumbai,Colombo,Sea,Machinery,4301.0,0.5,1689.0,40FT,83.53,Off_Peak,Carrier_E,8.0,28149.0
SHP04302C,Chennai,Shanghai,Road,Textiles,4302.0,3.94,7110.0,40FT,91.14,Normal,Carrier_E,15.0,84723.0
SHP04303P,Pune,Dubai,Air,Electronics,4303.0,11.31,7486.0,40FT,93.85,Normal,Carrier_B,15.0,275458.0
SHP04304B,Bengaluru,Dubai,Sea,Machinery,4304.0,1.76,11199.0,20FT,81.66,Normal,Carrier_B,22.0,74889.0
SHP04305H,Hyderabad,Los Angeles,Sea,Pharmaceuticals,4305.0,1.06,2236.0,LCL,77.78,Normal,Carrier_B,3.0,87718.0
SHP04306P,Pune,Rotterdam,Sea,General Merchandise,4306.0,13.05,8013.0,LCL,87.68,Normal,Carrier_A,16.0,61420.0
SHP04307M,Mumbai,Shanghai,Sea,Chemicals,4307.0,0.5,4879.0,40FT,96.8,Off_Peak,Carrier_E,12.0,56304.0
SHP04308A,Mumbai,Colombo,Sea,Automotive Parts,4308.0,3.75,5109.0,AIR_CARGO,101.11,Peak,Carrier_E,8.0,74813.0
SHP04309K,Kolkata,Hamburg,Air,Furniture,4309.0,0.5,6271.0,LCL,92.01,Normal,Carrier_A,15.0,179908.0
SHP04310P,Pune,Rotterdam,Sea,Pharmaceuticals,4310.0,12.26,3189.0,40FT_HC,95.01,Off_Peak,Carrier_C,7.0,109139.0
SHP04311M,Mumbai,Los Angeles,Sea,Chemicals,4311.0,12.69,5804.0,LCL,96.73,Normal,Carrier_E,13.0,69713.0
SHP04312A,Mumbai,New York,Road,Textiles,4312.0,6.54,8399.0,LCL,95.48,Normal,Carrier_C,13.0,102061.0
SHP04313M,Mumbai,Singapore,Sea,Textiles,4313.0,0.51,5757.0,40FT_HC,78.61,Normal,Carrier_C,13.0,47574.0
SHP04314K,Kolkata,Rotterdam,Sea,Chemicals,4314.0,11.32,989.0,40FT,91.2,Peak,Carrier_C,2.0,43519.0
SHP04315B,Bengaluru,London,Road,Pharmaceuticals,4315.0,0.5,3465.0,40FT,83.17,Peak,Carrier_E,8.0,53238.0
SHP04316A,Mumbai,Shanghai,Sea,Chemicals,4316.0,11.16,4542.0,40FT_HC,96.35,Off_Peak,Carrier_D,7.0,55949.0
SHP04317M,Mumbai,Dubai,Air,Machinery,4317.0,10.02,4579.0,LCL,105.32,Normal,Carrier_C,9.0,203369.0
SHP04318D,Delhi,London,Sea,Electronics,4318.0,6.95,1432.0,LCL,98.18,Normal,Carrier_D,4.0,39447.0
SHP04319M,Mumbai,Rotterdam,Sea,General Merchandise,4319.0,8.71,5670.0,40FT,83.87,Normal,Carrier_A,12.0,53443.0
SHP04320H,Hyderabad,Rotterdam,Sea,Machinery,4320.0,2.51,8457.0,20FT,83.31,Normal,Carrier_D,19.0,67079.0
SHP04321K,Kolkata,London,Sea,Automotive Parts,4321.0,13.57,1060.0,40FT,76.48,Normal,Carrier_D,1.0,40682.0
SHP04322C,Chennai,New York,Road,Chemicals,4322.0,4.17,9136.0,40FT_HC,92.06,Normal,Carrier_B,19.0,117860.0
SHP04323M,Mumbai,London,Air,Automotive Parts,4323.0,1.85,11484.0,20FT,92.31,Off_Peak,Carrier_C,23.0,255584.0
SHP04324B,Bengaluru,Hamburg,Sea,Automotive Parts,4324.0,0.5,607.0,20FT,84.46,Normal,Carrier_E,2.0,18760.0
SHP04325D,Delhi,Colombo,Air,Machinery,4325.0,7.72,2727.0,40FT_HC,105.57,Normal,Carrier_B,5.0,186765.0
SHP04326D,Delhi,London,Road,General Merchandise,4326.0,12.92,6750.0,AIR_CARGO,90.46,Normal,Carrier_D,16.0,98809.0
SHP04327C,Chennai,London,Sea,Pharmaceuticals,4327.0,11.09,3008.0,40FT,101.78,Normal,Carrier_A,12.0,53190.0
SHP04328P,Pune,Shanghai,Road,Textiles,4328.0,3.45,9293.0,LCL,100.6,Normal,Carrier_E,15.0,123796.0
SHP04329H,Hyderabad,Colombo,Sea,Electronics,4329.0,2.94,4090.0,40FT,99.19,Normal,Carrier_A,8.0,59615.0
SHP04330C,Chennai,Singapore,Air,Furniture,4330.0,8.13,3877.0,40FT_HC,111.32,Normal,Carrier_D,7.0,188525.0
SHP04331H,Hyderabad,London,Sea,Textiles,4331.0,7.98,511.0,LCL,75.64,Normal,Carrier_A,2.0,18073.0
SHP04332M,Mumbai,London,Sea,General Merchandise,4332.0,2.16,3606.0,AIR_CARGO,77.72,Normal,Carrier_B,11.0,42412.0
SHP04333K,Kolkata,Hamburg,Sea,Furniture,4333.0,0.5,3003.0,40FT_HC,103.89,Normal,Carrier_A,9.0,52696.0
SHP04334B,Bengaluru,Dubai,Sea,Textiles,4334.0,10.0,4447.0,40FT,89.14,Peak,Carrier_B,10.0,57725.0
SHP04335D,Delhi,Hamburg,Sea,Chemicals,4335.0,4.33,2198.0,20FT,114.46,Off_Peak,Carrier_C,6.0,39596.0
SHP04336C,Chennai,London,Sea,Chemicals,4336.0,7.98,7338.0,40FT_HC,83.66,Peak,Carrier_E,15.0,74910.0
SHP04337B,Bengaluru,Shanghai,Sea,Machinery,4337.0,9.32,3246.0,40FT_HC,82.34,Normal,Carrier_A,9.0,45073.0
SHP04338H,Hyderabad,Hamburg,Road,Automotive Parts,4338.0,14.65,10065.0,40FT,98.53,Normal,Carrier_B,22.0,145773.0
SHP04339K,Kolkata,Shanghai,Sea,Furniture,4339.0,12.22,3772.0,AIR_CARGO,86.18,Peak,Carrier_D,10.0,57973.0
SHP04340D,Delhi,Colombo,Sea,General Merchandise,4340.0,10.85,2925.0,40FT,88.62,Normal,Carrier_D,3.0,48749.0
SHP04341D,Delhi,Shanghai,Sea,General Merchandise,4341.0,0.55,1153.0,40FT,111.84,Normal,Carrier_B,4.0,47698.0
SHP04342H,Hyderabad,New York,Sea,Textiles,4342.0,3.15,9009.0,AIR_CARGO,76.05,Peak,Carrier_E,18.0,60069.0
SHP04343K,Kolkata,Jebel Ali,Air,Machinery,4343.0,3.87,6344.0,AIR_CARGO,96.25,Normal,Carrier_C,16.0,199440.0
SHP04344D,Delhi,Colombo,Air,Textiles,4344.0,13.83,1809.0,40FT_HC,88.4,Off_Peak,Carrier_C,6.0,92170.0
SHP04345K,Kolkata,Jebel Ali,Sea,Textiles,4345.0,4.29,3045.0,20FT,88.84,Peak,Carrier_E,9.0,45568.0
SHP04346D,Delhi,London,Sea,General Merchandise,4346.0,13.11,11985.0,40FT,84.91,Off_Peak,Carrier_A,23.0,78958.0
SHP04347M,Mumbai,London,Air,Textiles,4347.0,4.34,9769.0,20FT,80.39,Peak,Carrier_B,22.0,230463.0
SHP04348H,Hyderabad,New York,Sea,Automotive Parts,4348.0,19.88,4523.0,AIR_CARGO,76.38,Normal,Carrier_C,13.0,44325.0
SHP04349K,Kolkata,Rotterdam,Sea,Textiles,4349.0,4.96,6739.0,AIR_CARGO,114.51,Off_Peak,Carrier_E,11.0,231217.0
SHP04350B,Bengaluru,Jebel Ali,Sea,Furniture,4350.0,10.79,5284.0,40FT,101.41,Off_Peak,Carrier_C,9.0,56110.0
SHP04351P,Pune,Hamburg,Air,Automotive Parts,4351.0,5.42,918.0,40FT_HC,106.09,Peak,Carrier_C,5.0,95395.0
SHP04352M,Mumbai,New York,Sea,General Merchandise,4352.0,7.8,9455.0,40FT,77.6,Normal,Carrier_A,19.0,62192.0
SHP04353A,Mumbai,Colombo,Sea,Machinery,4353.0,0.5,8745.0,40FT_HC,75.59,Peak,Carrier_C,20.0,58812.0
SHP04354B,Bengaluru,Singapore,Road,Chemicals,4354.0,1.16,5201.0,LCL,99.01,Normal,Carrier_B,12.0,72143.0
SHP04355H,Hyderabad,Hamburg,Sea,Furniture,4355.0,4.34,10228.0,40FT_HC,103.95,Normal,Carrier_E,22.0,100379.0
SHP04356D,Delhi,Shanghai,Sea,Automotive Parts,4356.0,2.86,6649.0,40FT,90.79,Normal,Carrier_A,13.0,64689.0
SHP04357A,Mumbai,London,Sea,Machinery,4357.0,10.53,1250.0,40FT,90.51,Normal,Carrier_A,5.0,38685.0
SHP04358B,Bengaluru,Colombo,Sea,Machinery,4358.0,14.67,3483.0,40FT_HC,90.38,Peak,Carrier_E,9.0,54742.0
SHP04359M,Mumbai,New York,Sea,Automotive Parts,4359.0,9.84,5810.0,20FT,81.11,Peak,Carrier_B,11.0,56260.0
SHP04360A,Mumbai,Jebel Ali,Sea,General Merchandise,4360.0,3.23,1690.0,40FT_HC,105.16,Peak,Carrier_C,7.0,55661.0
SHP04361A,Mumbai,Jebel Ali,Sea,Electronics,4361.0,39.88,7067.0,LCL,83.61,Off_Peak,Carrier_C,11.0,65796.0
SHP04362K,Kolkata,Los Angeles,Sea,Machinery,4362.0,1.01,1887.0,LCL,87.98,Peak,Carrier_B,6.0,35456.0
SHP04363C,Chennai,London,Air,Machinery,4363.0,11.89,2806.0,20FT,101.85,Normal,Carrier_D,5.0,174372.0
SHP04364B,Bengaluru,Hamburg,Sea,General Merchandise,4364.0,1.47,10781.0,LCL,75.0,Normal,Carrier_E,20.0,56834.0
SHP04365C,Chennai,Shanghai,Sea,General Merchandise,4365.0,10.91,11998.0,40FT,105.65,Normal,Carrier_B,26.0,118007.0
SHP04366H,Hyderabad,Shanghai,Air,Textiles,4366.0,10.22,6828.0,20FT,110.96,Normal,Carrier_C,12.0,274908.0
SHP04367B,Bengaluru,London,Sea,General Merchandise,4367.0,5.07,7626.0,20FT,77.06,Normal,Carrier_E,14.0,47541.0
SHP04368B,Bengaluru,Los Angeles,Sea,Machinery,4368.0,1.74,9670.0,20FT,98.66,Normal,Carrier_E,21.0,86219.0
SHP04369K,Kolkata,Los Angeles,Sea,Automotive Parts,4369.0,2.97,8506.0,40FT_HC,91.34,Normal,Carrier_C,15.0,69157.0
SHP04370D,Delhi,Hamburg,Sea,Electronics,4370.0,8.69,2598.0,40FT_HC,78.14,Off_Peak,Carrier_B,9.0,38890.0
SHP04371M,Mumbai,Los Angeles,Sea,Pharmaceuticals,4371.0,7.69,5234.0,20FT,102.29,Off_Peak,Carrier_D,13.0,62650.0
SHP04372M,Mumbai,New York,Sea,Textiles,4372.0,6.67,6654.0,LCL,99.49,Normal,Carrier_E,13.0,68621.0
SHP04373M,Mumbai,Los Angeles,Sea,Pharmaceuticals,4373.0,1.41,4637.0,40FT,100.71,Peak,Carrier_E,12.0,74259.0
SHP04374P,Pune,Jebel Ali,Sea,Automotive Parts,4374.0,0.5,2525.0,40FT,107.54,Normal,Carrier_E,3.0,54106.0
SHP04375H,Hyderabad,Dubai,Sea,Electronics,4375.0,12.18,8965.0,40FT_HC,86.48,Normal,Carrier_B,19.0,80211.0
SHP04376A,Mumbai,Rotterdam,Sea,Electronics,4376.0,4.0,2787.0,AIR_CARGO,102.08,Normal,Carrier_E,5.0,43968.0
SHP04377D,Delhi,Jebel Ali,Sea,Electronics,4377.0,3.56,3496.0,20FT,104.73,Normal,Carrier_C,7.0,54288.0
SHP04378C,Chennai,Jebel Ali,Air,Chemicals,4378.0,0.5,3795.0,AIR_CARGO,81.75,Normal,Carrier_C,8.0,105730.0
SHP04379M,Mumbai,Singapore,Sea,Automotive Parts,4379.0,4.38,2360.0,40FT,113.28,Normal,Carrier_A,9.0,63117.0
SHP04380P,Pune,Singapore,Sea,Furniture,4380.0,0.5,10270.0,40FT_HC,88.6,Peak,Carrier_E,20.0,91697.0
SHP04381C,Chennai,London,Sea,Textiles,4381.0,28.16,7522.0,40FT_HC,103.55,Normal,Carrier_D,16.0,113756.0
SHP04382D,Delhi,Singapore,Sea,Textiles,4382.0,6.87,10100.0,40FT_HC,105.16,Normal,Carrier_A,19.0,94753.0
SHP04383H,Hyderabad,London,Sea,Electronics,4383.0,1.58,6178.0,40FT_HC,95.16,Normal,Carrier_E,11.0,71242.0
SHP04384D,Delhi,Jebel Ali,Sea,Automotive Parts,4384.0,8.9,6475.0,40FT_HC,80.15,Peak,Carrier_E,12.0,62542.0
SHP04385K,Kolkata,Rotterdam,Sea,Chemicals,4385.0,12.97,7586.0,20FT,86.03,Peak,Carrier_B,16.0,101799.0
SHP04386A,Mumbai,Hamburg,Sea,Electronics,4386.0,8.45,4766.0,AIR_CARGO,84.37,Peak,Carrier_B,11.0,49771.0
SHP04387M,Mumbai,Hamburg,Road,General Merchandise,4387.0,4.92,6211.0,40FT,95.75,Off_Peak,Carrier_C,15.0,71161.0
SHP04388H,Hyderabad,Dubai,Sea,Furniture,4388.0,5.59,6790.0,40FT,85.45,Normal,Carrier_A,14.0,60360.0
SHP04389K,Kolkata,Colombo,Sea,Pharmaceuticals,4389.0,19.22,11466.0,40FT_HC,96.87,Normal,Carrier_A,22.0,104882.0
SHP04390M,Mumbai,Hamburg,Sea,Textiles,4390.0,6.33,10653.0,40FT_HC,86.53,Normal,Carrier_A,23.0,78593.0
SHP04391D,Delhi,Colombo,Sea,Pharmaceuticals,4391.0,7.22,1986.0,40FT_HC,75.04,Normal,Carrier_C,5.0,31728.0
SHP04392D,Delhi,Los Angeles,Sea,Machinery,4392.0,9.04,975.0,LCL,89.53,Normal,Carrier_D,1.0,27483.0
SHP04393P,Pune,Shanghai,Sea,Electronics,4393.0,25.3,8324.0,40FT,99.27,Normal,Carrier_D,19.0,96444.0
SHP04394B,Bengaluru,Jebel Ali,Sea,General Merchandise,4394.0,2.51,1066.0,40FT_HC,105.95,Peak,Carrier_D,3.0,59325.0
SHP04395B,Bengaluru,Rotterdam,Sea,Textiles,4395.0,13.27,1194.0,AIR_CARGO,76.13,Normal,Carrier_A,4.0,34667.0
SHP04396D,Delhi,London,Air,Pharmaceuticals,4396.0,2.76,2332.0,LCL,85.33,Peak,Carrier_E,5.0,115291.0
SHP04397D,Delhi,Colombo,Sea,Furniture,4397.0,6.58,4545.0,20FT,114.42,Normal,Carrier_A,8.0,65572.0
SHP04398C,Chennai,Dubai,Sea,Chemicals,4398.0,20.44,5502.0,LCL,85.47,Normal,Carrier_E,8.0,52297.0
SHP04399P,Pune,Hamburg,Sea,Automotive Parts,4399.0,11.14,6473.0,LCL,106.09,Normal,Carrier_B,14.0,78857.0
SHP04400A,Mumbai,New York,Sea,Textiles,4400.0,8.5,11911.0,LCL,95.37,Normal,Carrier_C,17.0,97502.0
SHP04401C,Chennai,Hamburg,Sea,Furniture,4401.0,15.09,4930.0,AIR_CARGO,79.89,Peak,Carrier_D,14.0,70178.0
SHP04402A,Mumbai,Singapore,Sea,Pharmaceuticals,4402.0,5.13,3292.0,40FT,100.74,Off_Peak,Carrier_A,10.0,46971.0
SHP04403K,Kolkata,Jebel Ali,Sea,Automotive Parts,4403.0,12.28,7115.0,40FT_HC,113.65,Off_Peak,Carrier_A,13.0,87822.0
SHP04404B,Bengaluru,Singapore,Sea,Pharmaceuticals,4404.0,5.52,2974.0,AIR_CARGO,110.47,Peak,Carrier_B,11.0,74057.0
SHP04405B,Bengaluru,Hamburg,Road,Automotive Parts,4405.0,12.85,11316.0,AIR_CARGO,102.61,Normal,Carrier_E,27.0,145480.0
SHP04406P,Pune,New York,Air,Chemicals,4406.0,2.98,3481.0,40FT_HC,95.49,Normal,Carrier_D,8.0,144119.0
SHP04407D,Delhi,Singapore,Road,Chemicals,4407.0,10.73,11884.0,LCL,87.77,Normal,Carrier_C,24.0,116592.0
SHP04408D,Delhi,Rotterdam,Sea,Electronics,4408.0,2.34,5315.0,20FT,89.28,Peak,Carrier_E,12.0,54437.0
SHP04409K,Kolkata,Singapore,Sea,Electronics,4409.0,0.5,9846.0,LCL,88.85,Peak,Carrier_E,23.0,79145.0
SHP04410H,Hyderabad,New York,Sea,Textiles,4410.0,0.5,7955.0,LCL,111.88,Off_Peak,Carrier_D,14.0,80982.0
SHP04411H,Hyderabad,Singapore,Sea,Chemicals,4411.0,13.64,11235.0,40FT,83.45,Off_Peak,Carrier_C,22.0,71778.0
SHP04412P,Pune,Colombo,Sea,General Merchandise,4412.0,4.16,7692.0,LCL,90.12,Normal,Carrier_D,18.0,65163.0
SHP04413H,Hyderabad,Los Angeles,Sea,Pharmaceuticals,4413.0,6.61,7184.0,20FT,92.28,Off_Peak,Carrier_D,17.0,223117.0
SHP04414B,Bengaluru,London,Sea,Pharmaceuticals,4414.0,5.21,8008.0,AIR_CARGO,91.36,Normal,Carrier_A,16.0,66304.0
SHP04415C,Chennai,Hamburg,Sea,Pharmaceuticals,4415.0,8.38,9544.0,LCL,75.17,Peak,Carrier_C,22.0,58948.0
SHP04416H,Hyderabad,Colombo,Sea,Textiles,4416.0,5.25,10837.0,AIR_CARGO,85.84,Normal,Carrier_E,22.0,67990.0
SHP04417M,Mumbai,London,Sea,Pharmaceuticals,4417.0,7.63,3568.0,40FT,94.94,Peak,Carrier_D,9.0,57891.0
SHP04418P,Pune,Los Angeles,Sea,Machinery,4418.0,8.75,2810.0,20FT,105.42,Normal,Carrier_B,9.0,57377.0
SHP04419K,Kolkata,Colombo,Sea,Automotive Parts,4419.0,6.07,895.0,40FT_HC,97.78,Off_Peak,Carrier_C,4.0,36677.0
SHP04420H,Hyderabad,Dubai,Sea,Pharmaceuticals,4420.0,10.85,4756.0,40FT_HC,90.39,Normal,Carrier_B,11.0,52373.0
SHP04421M,Mumbai,Colombo,Sea,Furniture,4421.0,11.94,10231.0,40FT,101.61,Normal,Carrier_E,19.0,91692.0
SHP04422H,Hyderabad,Rotterdam,Sea,Automotive Parts,4422.0,0.5,1303.0,20FT,101.64,Normal,Carrier_C,10.0,36648.0
SHP04423C,Chennai,New York,Sea,Electronics,4423.0,8.15,6693.0,AIR_CARGO,84.92,Normal,Carrier_A,13.0,57657.0
SHP04424C,Chennai,Hamburg,Air,Pharmaceuticals,4424.0,14.35,8490.0,40FT,79.15,Normal,Carrier_C,19.0,221190.0
SHP04425H,Hyderabad,Jebel Ali,Sea,Furniture,4425.0,9.63,10124.0,LCL,107.13,Normal,Carrier_E,24.0,102758.0
SHP04426P,Pune,London,Sea,General Merchandise,4426.0,6.49,7209.0,AIR_CARGO,96.19,Normal,Carrier_A,12.0,69267.0
SHP04427P,Pune,Singapore,Sea,Furniture,4427.0,0.5,2643.0,LCL,82.06,Off_Peak,Carrier_E,8.0,23603.0
SHP04428M,Mumbai,Hamburg,Sea,Chemicals,4428.0,11.42,11592.0,LCL,85.48,Normal,Carrier_C,23.0,72576.0
SHP04429K,Kolkata,Jebel Ali,Sea,Chemicals,4429.0,5.4,1588.0,AIR_CARGO,105.66,Normal,Carrier_E,8.0,52703.0
SHP04430M,Mumbai,Los Angeles,Sea,Electronics,4430.0,0.5,9343.0,LCL,101.13,Normal,Carrier_C,17.0,246491.0
SHP04431K,Kolkata,Colombo,Air,Machinery,4431.0,10.52,1495.0,40FT_HC,112.81,Peak,Carrier_A,3.0,182526.0
SHP04432H,Hyderabad,Jebel Ali,Sea,Textiles,4432.0,11.64,2149.0,AIR_CARGO,93.6,Normal,Carrier_C,6.0,43128.0
SHP04433K,Kolkata,Dubai,Sea,Textiles,4433.0,0.5,10829.0,40FT,77.09,Peak,Carrier_E,21.0,71589.0
SHP04434D,Delhi,Hamburg,Road,General Merchandise,4434.0,0.5,9160.0,40FT_HC,103.02,Normal,Carrier_E,18.0,123796.0
SHP04435B,Bengaluru,Hamburg,Sea,Electronics,4435.0,6.02,4703.0,40FT,85.2,Normal,Carrier_E,15.0,56637.0
SHP04436A,Mumbai,Hamburg,Sea,Electronics,4436.0,5.35,7845.0,20FT,87.95,Normal,Carrier_B,17.0,68221.0
SHP04437B,Bengaluru,New York,Sea,Machinery,4437.0,5.11,5758.0,40FT,82.87,Normal,Carrier_B,11.0,51594.0
SHP04438C,Chennai,Los Angeles,Sea,Pharmaceuticals,4438.0,12.63,1265.0,AIR_CARGO,87.36,Normal,Carrier_B,4.0,131546.0
SHP04439D,Delhi,New York,Road,Textiles,4439.0,7.09,8793.0,40FT,108.18,Peak,Carrier_D,19.0,159294.0
SHP04440B,Bengaluru,Hamburg,Sea,Pharmaceuticals,4440.0,5.18,9277.0,20FT,98.07,Normal,Carrier_C,20.0,78733.0
SHP04441H,Hyderabad,Dubai,Road,Electronics,4441.0,0.5,10647.0,LCL,79.37,Off_Peak,Carrier_B,20.0,77575.0
SHP04442K,Kolkata,Singapore,Air,Pharmaceuticals,4442.0,7.32,6717.0,AIR_CARGO,98.46,Peak,Carrier_E,11.0,248313.0
SHP04443K,Kolkata,Dubai,Sea,Chemicals,4443.0,16.35,8241.0,40FT_HC,100.34,Normal,Carrier_E,17.0,88464.0
SHP04444M,Mumbai,London,Sea,General Merchandise,4444.0,14.79,5538.0,40FT_HC,110.39,Normal,Carrier_B,12.0,95421.0
SHP04445M,Mumbai,Los Angeles,Sea,Textiles,4445.0,4.0,4167.0,40FT,109.39,Normal,Carrier_B,8.0,68071.0
SHP04446P,Pune,Colombo,Road,Machinery,4446.0,2.55,5235.0,40FT_HC,77.52,Peak,Carrier_E,14.0,69833.0
SHP04447K,Kolkata,Hamburg,Sea,General Merchandise,4447.0,11.25,10985.0,20FT,109.67,Normal,Carrier_B,23.0,110401.0
SHP04448P,Pune,Jebel Ali,Air,Automotive Parts,4448.0,4.95,2388.0,40FT_HC,77.04,Normal,Carrier_D,7.0,88958.0
SHP04449H,Hyderabad,Singapore,Sea,Chemicals,4449.0,7.41,3358.0,40FT,81.16,Off_Peak,Carrier_D,7.0,44186.0
SHP04450K,Kolkata,Colombo,Air,Machinery,4450.0,23.17,7471.0,40FT_HC,79.46,Peak,Carrier_D,19.0,338253.0
SHP04451M,Mumbai,Shanghai,Sea,Furniture,4451.0,1.7,1837.0,LCL,82.27,Normal,Carrier_A,3.0,30446.0
SHP04452B,Bengaluru,Dubai,Sea,General Merchandise,4452.0,8.66,10756.0,LCL,107.13,Peak,Carrier_D,21.0,125425.0
SHP04453P,Pune,Singapore,Air,Electronics,4453.0,15.2,1043.0,40FT_HC,102.44,Normal,Carrier_E,3.0,170925.0
SHP04454P,Pune,Shanghai,Air,Automotive Parts,4454.0,13.29,9186.0,AIR_CARGO,102.48,Peak,Carrier_A,19.0,375899.0
SHP04455C,Chennai,New York,Road,Machinery,4455.0,9.58,4798.0,40FT_HC,111.89,Peak,Carrier_E,12.0,111250.0
SHP04456M,Mumbai,Shanghai,Sea,Electronics,4456.0,1.34,1088.0,LCL,90.67,Normal,Carrier_E,1.0,27656.0
SHP04457H,Hyderabad,Colombo,Air,Chemicals,4457.0,0.5,10194.0,LCL,75.13,Peak,Carrier_B,19.0,217067.0
SHP04458P,Pune,Los Angeles,Sea,Furniture,4458.0,1.11,7865.0,20FT,100.59,Normal,Carrier_C,17.0,75979.0
SHP04459B,Bengaluru,Dubai,Sea,Automotive Parts,4459.0,13.69,602.0,40FT,109.72,Off_Peak,Carrier_D,2.0,40161.0
SHP04460B,Bengaluru,Singapore,Sea,Textiles,4460.0,9.96,3577.0,20FT,114.05,Off_Peak,Carrier_C,8.0,50980.0
SHP04461B,Bengaluru,Shanghai,Sea,Furniture,4461.0,6.33,4549.0,AIR_CARGO,89.56,Peak,Carrier_C,11.0,61641.0
SHP04462D,Delhi,Dubai,Sea,Electronics,4462.0,0.54,4210.0,40FT,107.89,Normal,Carrier_B,8.0,66472.0
SHP04463D,Delhi,Singapore,Road,General Merchandise,4463.0,3.43,6231.0,40FT_HC,108.97,Normal,Carrier_C,14.0,97487.0
SHP04464A,Mumbai,Singapore,Sea,Pharmaceuticals,4464.0,14.61,6558.0,40FT_HC,80.78,Normal,Carrier_D,15.0,55652.0
SHP04465B,Bengaluru,Colombo,Air,Machinery,4465.0,9.97,5063.0,AIR_CARGO,100.26,Off_Peak,Carrier_A,11.0,198413.0
SHP04466P,Pune,Dubai,Sea,Automotive Parts,4466.0,6.41,4315.0,LCL,81.93,Normal,Carrier_E,13.0,47170.0
SHP04467H,Hyderabad,Colombo,Sea,Electronics,4467.0,9.97,6301.0,40FT_HC,92.87,Normal,Carrier_D,15.0,68549.0
SHP04468K,Kolkata,Shanghai,Sea,Textiles,4468.0,0.5,887.0,20FT,110.17,Normal,Carrier_B,4.0,41412.0
SHP04469H,Hyderabad,London,Road,Pharmaceuticals,4469.0,17.04,7920.0,LCL,106.58,Normal,Carrier_A,16.0,140954.0
SHP04470D,Delhi,Los Angeles,Sea,Machinery,4470.0,0.51,7469.0,40FT_HC,97.81,Normal,Carrier_B,19.0,106621.0
SHP04471M,Mumbai,London,Road,Machinery,4471.0,20.9,3711.0,LCL,107.35,Normal,Carrier_D,7.0,94742.0
SHP04472P,Pune,Rotterdam,Sea,Electronics,4472.0,0.5,2564.0,40FT,81.11,Peak,Carrier_E,6.0,39976.0
SHP04473A,Mumbai,Hamburg,Sea,Textiles,4473.0,0.5,1339.0,40FT_HC,82.8,Peak,Carrier_C,4.0,35006.0
SHP04474D,Delhi,London,Sea,Chemicals,4474.0,2.64,7254.0,40FT_HC,83.35,Peak,Carrier_C,16.0,67931.0
SHP04475K,Kolkata,New York,Air,Pharmaceuticals,4475.0,3.93,7042.0,LCL,106.04,Normal,Carrier_B,19.0,262834.0
SHP04476C,Chennai,Los Angeles,Sea,Chemicals,4476.0,2.58,6633.0,40FT,110.64,Normal,Carrier_A,15.0,82830.0
SHP04477A,Mumbai,Hamburg,Sea,Automotive Parts,4477.0,5.32,11835.0,20FT,97.51,Normal,Carrier_E,23.0,97474.0
SHP04478D,Delhi,Shanghai,Sea,Electronics,4478.0,11.6,6613.0,40FT,113.32,Normal,Carrier_B,14.0,96463.0
SHP04479H,Hyderabad,Colombo,Sea,Pharmaceuticals,4479.0,1.91,8801.0,20FT,104.12,Normal,Carrier_E,15.0,83372.0
SHP04480A,Mumbai,New York,Sea,Automotive Parts,4480.0,9.19,1799.0,AIR_CARGO,97.55,Normal,Carrier_B,5.0,45349.0
SHP04481P,Pune,Hamburg,Sea,Furniture,4481.0,12.56,3938.0,40FT,99.46,Off_Peak,Carrier_A,13.0,58421.0
SHP04482H,Hyderabad,Hamburg,Sea,Chemicals,4482.0,14.34,3668.0,20FT,108.98,Normal,Carrier_D,10.0,78888.0
SHP04483B,Bengaluru,Singapore,Sea,Furniture,4483.0,0.89,7124.0,LCL,78.61,Normal,Carrier_C,17.0,41248.0
SHP04484B,Bengaluru,Rotterdam,Sea,Furniture,4484.0,0.5,4304.0,20FT,81.72,Off_Peak,Carrier_E,12.0,30195.0
SHP04485B,Bengaluru,Colombo,Sea,Pharmaceuticals,4485.0,3.36,7872.0,AIR_CARGO,85.65,Peak,Carrier_E,15.0,71212.0
SHP04486A,Mumbai,Shanghai,Air,Machinery,4486.0,8.22,8436.0,20FT,110.79,Normal,Carrier_A,21.0,300350.0
SHP04487C,Chennai,Dubai,Sea,Automotive Parts,4487.0,4.5,887.0,40FT,112.8,Normal,Carrier_E,1.0,47331.0
SHP04488K,Kolkata,London,Sea,Furniture,4488.0,14.7,7857.0,20FT,89.25,Normal,Carrier_D,17.0,72154.0
SHP04489P,Pune,Los Angeles,Sea,Textiles,4489.0,10.87,1843.0,40FT,111.95,Peak,Carrier_D,1.0,213992.0
SHP04490A,Mumbai,Rotterdam,Sea,General Merchandise,4490.0,1.26,5849.0,AIR_CARGO,96.87,Normal,Carrier_A,9.0,60840.0
SHP04491M,Mumbai,Singapore,Sea,Chemicals,4491.0,8.71,8856.0,20FT,93.93,Peak,Carrier_B,20.0,89548.0
SHP04492P,Pune,Singapore,Air,Chemicals,4492.0,0.5,8588.0,20FT,108.31,Off_Peak,Carrier_B,16.0,249836.0
SHP04493H,Hyderabad,Hamburg,Sea,Textiles,4493.0,0.5,3948.0,AIR_CARGO,96.84,Normal,Carrier_E,12.0,52161.0
SHP04494H,Hyderabad,Jebel Ali,Air,Pharmaceuticals,4494.0,11.69,3632.0,20FT,93.18,Normal,Carrier_E,4.0,170036.0
SHP04495A,Mumbai,London,Air,Pharmaceuticals,4495.0,3.4,5563.0,40FT,75.64,Peak,Carrier_A,12.0,145051.0
SHP04496A,Mumbai,Rotterdam,Sea,Pharmaceuticals,4496.0,10.64,2670.0,40FT_HC,75.52,Normal,Carrier_D,4.0,38871.0
SHP04497K,Kolkata,Hamburg,Sea,Automotive Parts,4497.0,0.5,11709.0,40FT_HC,100.1,Normal,Carrier_A,23.0,99980.0
SHP04498C,Chennai,Rotterdam,Sea,Electronics,4498.0,7.13,4467.0,40FT,77.94,Normal,Carrier_B,13.0,43495.0
SHP04499A,Mumbai,New York,Sea,Furniture,4499.0,8.99,11114.0,20FT,104.48,Normal,Carrier_D,26.0,110379.0
SHP04500B,Bengaluru,Colombo,Sea,Machinery,4500.0,15.52,10945.0,40FT,99.89,Normal,Carrier_E,23.0,106031.0
SHP04501K,Kolkata,Los Angeles,Sea,General Merchandise,4501.0,0.5,4696.0,AIR_CARGO,93.31,Normal,Carrier_B,7.0,58317.0
SHP04502M,Mumbai,London,Sea,Electronics,4502.0,0.5,3422.0,40FT,103.39,Normal,Carrier_C,6.0,56694.0
SHP04503B,Bengaluru,Singapore,Sea,Electronics,4503.0,17.44,9365.0,40FT_HC,114.72,Peak,Carrier_B,19.0,142853.0
SHP04504M,Mumbai,Jebel Ali,Sea,Textiles,4504.0,3.81,3138.0,LCL,84.85,Normal,Carrier_D,6.0,47884.0
SHP04505D,Delhi,Shanghai,Sea,Automotive Parts,4505.0,4.45,6494.0,AIR_CARGO,97.28,Normal,Carrier_D,15.0,71841.0
SHP04506M,Mumbai,Dubai,Sea,Chemicals,4506.0,7.64,1773.0,20FT,108.71,Normal,Carrier_A,9.0,46833.0
SHP04507B,Bengaluru,Colombo,Air,Chemicals,4507.0,1.33,4938.0,40FT,75.67,Normal,Carrier_D,9.0,116837.0
SHP04508D,Delhi,London,Sea,Textiles,4508.0,7.61,1399.0,AIR_CARGO,83.14,Off_Peak,Carrier_C,3.0,34168.0
SHP04509B,Bengaluru,New York,Sea,Automotive Parts,4509.0,4.6,3760.0,40FT_HC,95.84,Normal,Carrier_C,6.0,48313.0
SHP04510H,Hyderabad,London,Road,Textiles,4510.0,9.56,8151.0,20FT,97.09,Normal,Carrier_D,16.0,114779.0
SHP04511B,Bengaluru,Shanghai,Sea,Chemicals,4511.0,3.88,11900.0,40FT,78.45,Normal,Carrier_E,24.0,70755.0
SHP04512D,Delhi,Los Angeles,Sea,Electronics,4512.0,8.27,3430.0,40FT,91.3,Normal,Carrier_D,8.0,52887.0
SHP04513M,Mumbai,Los Angeles,Sea,Machinery,4513.0,11.3,5943.0,20FT,95.79,Normal,Carrier_E,15.0,68703.0
SHP04514H,Hyderabad,Rotterdam,Sea,Furniture,4514.0,9.83,5653.0,LCL,91.92,Normal,Carrier_D,13.0,57950.0
SHP04515C,Chennai,Hamburg,Sea,Pharmaceuticals,4515.0,0.5,2618.0,LCL,103.02,Peak,Carrier_B,7.0,60034.0
SHP04516C,Chennai,Los Angeles,Sea,Automotive Parts,4516.0,2.51,7516.0,AIR_CARGO,105.85,Off_Peak,Carrier_D,16.0,85117.0
SHP04517P,Pune,Jebel Ali,Sea,Furniture,4517.0,17.86,8834.0,40FT,93.41,Normal,Carrier_B,18.0,80480.0
SHP04518C,Chennai,Dubai,Road,General Merchandise,4518.0,0.5,2193.0,AIR_CARGO,92.03,Normal,Carrier_E,6.0,48004.0
SHP04519C,Chennai,New York,Sea,General Merchandise,4519.0,9.53,9207.0,20FT,103.21,Normal,Carrier_D,17.0,93843.0
SHP04520K,Kolkata,Shanghai,Sea,Electronics,4520.0,11.53,8552.0,AIR_CARGO,97.21,Normal,Carrier_E,15.0,72022.0
SHP04521C,Chennai,Singapore,Road,Textiles,4521.0,8.3,2769.0,40FT,109.82,Normal,Carrier_C,7.0,65699.0
SHP04522D,Delhi,Los Angeles,Sea,Textiles,4522.0,0.5,7963.0,LCL,94.25,Peak,Carrier_A,15.0,69843.0
SHP04523A,Mumbai,Singapore,Road,Chemicals,4523.0,3.07,5027.0,LCL,97.97,Off_Peak,Carrier_E,12.0,67935.0
SHP04524C,Chennai,Los Angeles,Sea,Electronics,4524.0,13.98,8333.0,20FT,80.15,Peak,Carrier_B,17.0,70913.0
SHP04525B,Bengaluru,Jebel Ali,Air,Chemicals,4525.0,24.72,6205.0,40FT_HC,108.44,Normal,Carrier_A,13.0,437107.0
SHP04526A,Mumbai,Singapore,Sea,Chemicals,4526.0,9.95,1054.0,AIR_CARGO,91.89,Normal,Carrier_D,6.0,34699.0
SHP04527C,Chennai,Hamburg,Air,General Merchandise,4527.0,2.9,9550.0,20FT,103.76,Normal,Carrier_B,17.0,288551.0
SHP04528A,Mumbai,New York,Road,Chemicals,4528.0,2.89,6889.0,LCL,92.18,Peak,Carrier_A,18.0,96690.0
SHP04529M,Mumbai,Dubai,Sea,Furniture,4529.0,1.97,8835.0,40FT,75.04,Normal,Carrier_A,14.0,54232.0
SHP04530D,Delhi,Jebel Ali,Sea,Pharmaceuticals,4530.0,15.76,1950.0,40FT,91.02,Normal,Carrier_E,8.0,49848.0
SHP04531D,Delhi,Hamburg,Sea,Chemicals,4531.0,13.18,8795.0,40FT_HC,80.9,Normal,Carrier_D,18.0,74939.0
SHP04532P,Pune,Dubai,Sea,General Merchandise,4532.0,13.79,5257.0,40FT_HC,90.94,Normal,Carrier_D,11.0,73430.0
SHP04533A,Mumbai,Hamburg,Sea,Pharmaceuticals,4533.0,6.08,9692.0,LCL,87.85,Peak,Carrier_D,17.0,83406.0
SHP04534P,Pune,Hamburg,Sea,Textiles,4534.0,4.95,7390.0,40FT_HC,83.1,Normal,Carrier_E,14.0,62066.0
SHP04535H,Hyderabad,Hamburg,Sea,Automotive Parts,4535.0,0.5,4581.0,40FT_HC,79.95,Normal,Carrier_E,10.0,40213.0
SHP04536K,Kolkata,Rotterdam,Sea,Machinery,4536.0,8.23,2822.0,40FT,104.14,Off_Peak,Carrier_D,8.0,47230.0
SHP04537B,Bengaluru,Dubai,Sea,Chemicals,4537.0,3.33,9883.0,AIR_CARGO,105.19,Normal,Carrier_A,23.0,98475.0
SHP04538A,Mumbai,Hamburg,Sea,Furniture,4538.0,7.27,6942.0,40FT,85.6,Normal,Carrier_D,15.0,58396.0
SHP04539D,Delhi,Colombo,Sea,Pharmaceuticals,4539.0,1.0,11856.0,40FT,94.81,Normal,Carrier_E,24.0,90103.0
SHP04540P,Pune,Colombo,Sea,Automotive Parts,4540.0,3.31,4795.0,LCL,93.56,Off_Peak,Carrier_D,11.0,49458.0
SHP04541M,Mumbai,Los Angeles,Sea,General Merchandise,4541.0,13.36,8386.0,LCL,89.21,Off_Peak,Carrier_E,17.0,64140.0
SHP04542C,Chennai,New York,Sea,Automotive Parts,4542.0,5.83,7662.0,AIR_CARGO,86.11,Normal,Carrier_D,16.0,63106.0
SHP04543D,Delhi,Singapore,Sea,Machinery,4543.0,12.41,7832.0,20FT,82.44,Off_Peak,Carrier_A,16.0,60035.0
SHP04544M,Mumbai,Los Angeles,Sea,Furniture,4544.0,9.04,8975.0,40FT_HC,109.92,Normal,Carrier_A,20.0,102216.0
SHP04545C,Chennai,Rotterdam,Sea,Automotive Parts,4545.0,3.5,2100.0,40FT_HC,108.33,Off_Peak,Carrier_E,4.0,51740.0
SHP04546K,Kolkata,Colombo,Air,Furniture,4546.0,13.12,6821.0,40FT,91.69,Normal,Carrier_E,13.0,258887.0
SHP04547D,Delhi,Dubai,Sea,Pharmaceuticals,4547.0,1.65,6355.0,40FT,103.85,Off_Peak,Carrier_B,14.0,73412.0
SHP04548P,Pune,New York,Sea,Automotive Parts,4548.0,29.16,4439.0,AIR_CARGO,94.93,Off_Peak,Carrier_C,8.0,53661.0
SHP04549D,Delhi,New York,Air,Furniture,4549.0,0.5,5516.0,40FT_HC,78.42,Peak,Carrier_B,12.0,144867.0
SHP04550A,Mumbai,Singapore,Air,Automotive Parts,4550.0,24.87,6466.0,40FT,107.9,Off_Peak,Carrier_E,13.0,290700.0
SHP04551A,Mumbai,Dubai,Road,Automotive Parts,4551.0,5.88,4191.0,40FT,83.77,Normal,Carrier_E,11.0,49461.0
SHP04552M,Mumbai,Shanghai,Sea,Electronics,4552.0,14.9,3871.0,LCL,103.27,Normal,Carrier_D,12.0,62946.0
SHP04553P,Pune,Singapore,Sea,Chemicals,4553.0,1.04,8990.0,20FT,96.1,Normal,Carrier_B,17.0,79622.0
SHP04554H,Hyderabad,New York,Road,General Merchandise,4554.0,12.04,1270.0,AIR_CARGO,102.62,Normal,Carrier_C,6.0,59667.0
SHP04555A,Mumbai,Rotterdam,Sea,Machinery,4555.0,11.37,4099.0,20FT,93.85,Off_Peak,Carrier_B,10.0,52254.0
SHP04556B,Bengaluru,Jebel Ali,Sea,General Merchandise,4556.0,9.61,8018.0,20FT,103.1,Normal,Carrier_A,16.0,78494.0
SHP04557K,Kolkata,Jebel Ali,Air,Electronics,4557.0,14.09,2901.0,AIR_CARGO,76.31,Normal,Carrier_A,7.0,123068.0
SHP04558B,Bengaluru,Colombo,Air,Electronics,4558.0,12.53,7081.0,40FT_HC,76.63,Peak,Carrier_B,17.0,186453.0
SHP04559D,Delhi,New York,Road,Pharmaceuticals,4559.0,1.14,3975.0,40FT,110.85,Normal,Carrier_B,9.0,81538.0
SHP04560B,Bengaluru,Rotterdam,Sea,Electronics,4560.0,8.85,10198.0,AIR_CARGO,104.99,Normal,Carrier_E,23.0,154828.0
SHP04561C,Chennai,Singapore,Air,Chemicals,4561.0,2.68,4525.0,40FT,108.14,Normal,Carrier_D,10.0,195638.0
SHP04562K,Kolkata,Rotterdam,Sea,Electronics,4562.0,2.4,3139.0,LCL,93.26,Normal,Carrier_A,5.0,40792.0
SHP04563B,Bengaluru,London,Road,Automotive Parts,4563.0,0.5,6596.0,20FT,93.39,Normal,Carrier_C,14.0,79304.0
SHP04564C,Chennai,Singapore,Sea,General Merchandise,4564.0,10.49,2060.0,LCL,96.36,Normal,Carrier_D,3.0,49104.0
SHP04565M,Mumbai,Hamburg,Sea,Textiles,4565.0,4.5,9671.0,20FT,84.75,Peak,Carrier_B,19.0,77569.0
SHP04566B,Bengaluru,Singapore,Road,Machinery,4566.0,2.49,8320.0,40FT_HC,104.34,Normal,Carrier_A,16.0,118246.0
SHP04567K,Kolkata,Colombo,Sea,Electronics,4567.0,5.03,9361.0,AIR_CARGO,108.18,Normal,Carrier_B,23.0,100333.0
SHP04568C,Chennai,Jebel Ali,Sea,General Merchandise,4568.0,2.1,5087.0,40FT_HC,111.29,Peak,Carrier_A,14.0,86639.0
SHP04569B,Bengaluru,Singapore,Sea,Pharmaceuticals,4569.0,8.28,10103.0,20FT,95.68,Off_Peak,Carrier_C,21.0,74490.0
SHP04570M,Mumbai,Hamburg,Road,Electronics,4570.0,14.2,6176.0,LCL,91.58,Normal,Carrier_D,16.0,88176.0
SHP04571B,Bengaluru,London,Sea,Chemicals,4571.0,14.64,1589.0,20FT,108.24,Normal,Carrier_C,4.0,60159.0
SHP04572C,Chennai,Rotterdam,Sea,Electronics,4572.0,11.93,3076.0,40FT_HC,105.11,Normal,Carrier_C,5.0,153155.0
SHP04573B,Bengaluru,Dubai,Sea,Electronics,4573.0,1.29,8677.0,40FT_HC,109.69,Normal,Carrier_D,19.0,101101.0
SHP04574K,Kolkata,Jebel Ali,Air,Furniture,4574.0,1.43,10809.0,LCL,101.23,Normal,Carrier_D,22.0,342389.0
SHP04575D,Delhi,Rotterdam,Sea,Furniture,4575.0,3.34,1595.0,LCL,110.33,Normal,Carrier_C,3.0,143437.0
SHP04576P,Pune,London,Sea,Electronics,4576.0,9.73,10438.0,40FT_HC,78.56,Normal,Carrier_B,19.0,74324.0
SHP04577P,Pune,Dubai,Sea,Pharmaceuticals,4577.0,4.05,9689.0,20FT,102.18,Normal,Carrier_D,21.0,93232.0
SHP04578C,Chennai,New York,Sea,Furniture,4578.0,10.16,4600.0,20FT,78.55,Normal,Carrier_C,7.0,36074.0
SHP04579C,Chennai,Los Angeles,Sea,Electronics,4579.0,7.32,8427.0,AIR_CARGO,104.96,Off_Peak,Carrier_C,18.0,99791.0
SHP04580C,Chennai,Colombo,Sea,Machinery,4580.0,8.79,2650.0,40FT_HC,100.14,Off_Peak,Carrier_C,6.0,52794.0
SHP04581C,Chennai,Rotterdam,Sea,General Merchandise,4581.0,9.15,9854.0,AIR_CARGO,75.64,Normal,Carrier_B,21.0,82149.0
SHP04582B,Bengaluru,Shanghai,Sea,Furniture,4582.0,8.15,8059.0,40FT_HC,98.97,Peak,Carrier_E,19.0,93719.0
SHP04583K,Kolkata,Dubai,Air,Furniture,4583.0,10.11,5547.0,AIR_CARGO,80.85,Normal,Carrier_E,10.0,175918.0
SHP04584P,Pune,New York,Air,Chemicals,4584.0,1.53,10442.0,40FT,80.7,Normal,Carrier_D,19.0,216747.0
SHP04585M,Mumbai,Shanghai,Air,Electronics,4585.0,1.62,2101.0,20FT,81.02,Peak,Carrier_E,9.0,76155.0
SHP04586P,Pune,Los Angeles,Sea,Electronics,4586.0,3.62,10227.0,20FT,94.35,Normal,Carrier_A,20.0,126184.0
SHP04587K,Kolkata,Los Angeles,Sea,Electronics,4587.0,9.69,775.0,40FT,79.62,Off_Peak,Carrier_D,4.0,26725.0
SHP04588C,Chennai,Jebel Ali,Sea,Electronics,4588.0,0.5,9162.0,LCL,80.03,Off_Peak,Carrier_D,20.0,60735.0
SHP04589H,Hyderabad,Shanghai,Air,Furniture,4589.0,10.66,7094.0,40FT,85.25,Peak,Carrier_C,13.0,216393.0
SHP04590B,Bengaluru,Jebel Ali,Air,Automotive Parts,4590.0,11.01,8512.0,20FT,75.03,Off_Peak,Carrier_A,19.0,173524.0
SHP04591H,Hyderabad,Jebel Ali,Sea,Automotive Parts,4591.0,5.01,5242.0,40FT_HC,86.03,Normal,Carrier_E,13.0,57888.0
SHP04592B,Bengaluru,Jebel Ali,Sea,Textiles,4592.0,25.13,10441.0,AIR_CARGO,99.74,Peak,Carrier_D,24.0,135645.0
SHP04593C,Chennai,Jebel Ali,Sea,Electronics,4593.0,5.59,4101.0,20FT,99.06,Normal,Carrier_A,12.0,52508.0
SHP04594B,Bengaluru,New York,Sea,Textiles,4594.0,3.53,3662.0,40FT,113.78,Normal,Carrier_B,9.0,70048.0
SHP04595C,Chennai,Colombo,Sea,Machinery,4595.0,0.56,3970.0,40FT_HC,79.79,Off_Peak,Carrier_B,11.0,34382.0
SHP04596K,Kolkata,Singapore,Sea,Textiles,4596.0,8.53,9405.0,20FT,109.62,Peak,Carrier_C,19.0,100863.0
SHP04597A,Mumbai,New York,Air,General Merchandise,4597.0,24.04,6196.0,40FT,90.65,Peak,Carrier_A,14.0,336285.0
SHP04598D,Delhi,London,Sea,Automotive Parts,4598.0,5.88,6676.0,20FT,90.48,Normal,Carrier_D,12.0,60247.0
SHP04599B,Bengaluru,Jebel Ali,Sea,Automotive Parts,4599.0,21.23,10064.0,40FT,88.95,Off_Peak,Carrier_B,20.0,81800.0
SHP04600C,Chennai,Dubai,Sea,Electronics,4600.0,2.0,10084.0,40FT,79.99,Off_Peak,Carrier_B,17.0,57989.0
SHP04601H,Hyderabad,Dubai,Sea,Furniture,4601.0,0.5,2360.0,20FT,94.14,Normal,Carrier_E,6.0,39799.0
SHP04602C,Chennai,Shanghai,Air,Electronics,4602.0,0.5,6822.0,40FT_HC,106.5,Normal,Carrier_E,17.0,235287.0
SHP04603H,Hyderabad,Shanghai,Road,Machinery,4603.0,7.14,1949.0,20FT,110.02,Off_Peak,Carrier_A,7.0,46101.0
SHP04604P,Pune,London,Sea,Chemicals,4604.0,2.9,10488.0,20FT,113.51,Normal,Carrier_E,21.0,110224.0
SHP04605B,Bengaluru,New York,Air,Machinery,4605.0,0.5,10126.0,40FT_HC,106.41,Off_Peak,Carrier_A,20.0,300715.0
SHP04606M,Mumbai,Dubai,Road,General Merchandise,4606.0,0.5,10268.0,20FT,99.92,Off_Peak,Carrier_D,20.0,115287.0
SHP04607H,Hyderabad,Hamburg,Air,Electronics,4607.0,1.92,8606.0,AIR_CARGO,94.9,Normal,Carrier_D,16.0,297486.0
SHP04608C,Chennai,Hamburg,Sea,Electronics,4608.0,4.6,5869.0,AIR_CARGO,110.0,Normal,Carrier_D,14.0,86427.0
SHP04609B,Bengaluru,Singapore,Road,Machinery,4609.0,7.46,5154.0,AIR_CARGO,104.58,Peak,Carrier_E,8.0,95359.0
SHP04610C,Chennai,Hamburg,Sea,Machinery,4610.0,2.14,5045.0,40FT,81.45,Normal,Carrier_E,8.0,37857.0
SHP04611M,Mumbai,Rotterdam,Sea,Machinery,4611.0,0.5,1261.0,LCL,102.3,Normal,Carrier_C,6.0,31439.0
SHP04612D,Delhi,Jebel Ali,Sea,Automotive Parts,4612.0,9.51,11412.0,20FT,92.24,Off_Peak,Carrier_B,23.0,75365.0
SHP04613A,Mumbai,London,Sea,Textiles,4613.0,4.87,5678.0,LCL,98.83,Off_Peak,Carrier_D,12.0,59858.0
SHP04614A,Mumbai,Shanghai,Sea,Textiles,4614.0,5.7,11196.0,AIR_CARGO,110.93,Peak,Carrier_E,23.0,124470.0
SHP04615M,Mumbai,Rotterdam,Sea,Electronics,4615.0,0.5,10611.0,40FT_HC,101.1,Peak,Carrier_B,25.0,116690.0
SHP04616K,Kolkata,Colombo,Sea,Automotive Parts,4616.0,4.87,10029.0,AIR_CARGO,112.55,Normal,Carrier_D,20.0,120283.0
SHP04617B,Bengaluru,Jebel Ali,Air,Machinery,4617.0,2.38,7266.0,20FT,109.65,Off_Peak,Carrier_D,16.0,261356.0
SHP04618M,Mumbai,Dubai,Road,Electronics,4618.0,4.41,1668.0,LCL,80.16,Normal,Carrier_B,9.0,29606.0
SHP04619D,Delhi,Jebel Ali,Sea,Automotive Parts,4619.0,17.73,4225.0,LCL,75.47,Off_Peak,Carrier_B,10.0,33967.0
SHP04620C,Chennai,Shanghai,Road,General Merchandise,4620.0,5.79,7441.0,40FT,90.38,Normal,Carrier_E,19.0,91287.0
SHP04621B,Bengaluru,Los Angeles,Sea,Chemicals,4621.0,2.86,655.0,40FT_HC,109.61,Normal,Carrier_B,1.0,42145.0
SHP04622P,Pune,Los Angeles,Sea,Automotive Parts,4622.0,0.5,990.0,AIR_CARGO,84.21,Peak,Carrier_B,1.0,84588.0
SHP04623H,Hyderabad,Rotterdam,Sea,Pharmaceuticals,4623.0,12.45,8293.0,40FT_HC,102.66,Normal,Carrier_E,16.0,104975.0
SHP04624M,Mumbai,New York,Air,Electronics,4624.0,21.36,10714.0,20FT,94.04,Normal,Carrier_D,23.0,384287.0
SHP04625P,Pune,Dubai,Road,Furniture,4625.0,0.5,10334.0,40FT,104.84,Off_Peak,Carrier_B,24.0,128427.0
SHP04626P,Pune,Shanghai,Air,Textiles,4626.0,4.29,2434.0,AIR_CARGO,81.6,Normal,Carrier_C,5.0,95051.0
SHP04627D,Delhi,Shanghai,Sea,Pharmaceuticals,4627.0,8.95,10979.0,20FT,84.56,Off_Peak,Carrier_A,24.0,61921.0
SHP04628P,Pune,Shanghai,Sea,Machinery,4628.0,0.5,8507.0,40FT_HC,84.7,Normal,Carrier_B,22.0,66852.0
SHP04629M,Mumbai,Hamburg,Sea,Chemicals,4629.0,2.86,8738.0,40FT,96.94,Normal,Carrier_B,21.0,80940.0
SHP04630K,Kolkata,Shanghai,Sea,Furniture,4630.0,0.5,3996.0,AIR_CARGO,86.58,Normal,Carrier_A,8.0,44569.0
SHP04631A,Mumbai,Los Angeles,Sea,General Merchandise,4631.0,9.29,8734.0,40FT_HC,107.47,Normal,Carrier_C,20.0,92560.0
SHP04632A,Mumbai,Colombo,Sea,Furniture,4632.0,7.84,8662.0,AIR_CARGO,88.87,Off_Peak,Carrier_D,18.0,72046.0
SHP04633B,Bengaluru,London,Air,Chemicals,4633.0,6.12,7339.0,40FT,101.43,Normal,Carrier_C,14.0,225843.0
SHP04634C,Chennai,Jebel Ali,Road,Furniture,4634.0,0.5,4609.0,40FT,112.94,Normal,Carrier_A,11.0,86450.0
SHP04635D,Delhi,London,Sea,Chemicals,4635.0,12.15,9827.0,40FT_HC,99.28,Normal,Carrier_B,19.0,97416.0
SHP04636M,Mumbai,Los Angeles,Sea,Automotive Parts,4636.0,8.98,11281.0,AIR_CARGO,84.69,Off_Peak,Carrier_D,23.0,110329.0
SHP04637B,Bengaluru,Los Angeles,Sea,Electronics,4637.0,2.79,10504.0,LCL,108.22,Normal,Carrier_C,18.0,99085.0
SHP04638M,Mumbai,Colombo,Air,Furniture,4638.0,10.42,3294.0,20FT,75.5,Normal,Carrier_C,4.0,104922.0
SHP04639B,Bengaluru,Singapore,Air,Furniture,4639.0,17.09,5625.0,40FT,85.26,Normal,Carrier_D,12.0,219031.0
SHP04640A,Mumbai,Rotterdam,Sea,Electronics,4640.0,5.58,4438.0,AIR_CARGO,90.5,Peak,Carrier_C,11.0,166947.0
SHP04641P,Pune,Hamburg,Road,Chemicals,4641.0,5.52,8636.0,40FT_HC,82.84,Peak,Carrier_A,15.0,101774.0
SHP04642K,Kolkata,New York,Sea,Machinery,4642.0,4.66,10062.0,40FT_HC,99.16,Off_Peak,Carrier_D,21.0,87380.0
SHP04643M,Mumbai,Shanghai,Road,Electronics,4643.0,8.71,2982.0,40FT,97.32,Peak,Carrier_A,8.0,72980.0
SHP04644K,Kolkata,Shanghai,Sea,Chemicals,4644.0,2.52,11394.0,40FT,91.26,Normal,Carrier_D,24.0,84550.0
SHP04645H,Hyderabad,Colombo,Air,Electronics,4645.0,10.63,8289.0,LCL,86.78,Normal,Carrier_A,19.0,229878.0
SHP04646H,Hyderabad,Singapore,Air,Machinery,4646.0,3.07,3012.0,40FT_HC,92.36,Off_Peak,Carrier_B,10.0,135269.0
SHP04647P,Pune,Shanghai,Air,General Merchandise,4647.0,0.6,4768.0,AIR_CARGO,86.65,Peak,Carrier_B,12.0,159957.0
SHP04648A,Mumbai,Hamburg,Sea,Pharmaceuticals,4648.0,23.45,1703.0,20FT,83.85,Normal,Carrier_C,5.0,41691.0
SHP04649D,Delhi,Rotterdam,Sea,Chemicals,4649.0,4.34,7366.0,20FT,89.05,Normal,Carrier_D,16.0,88090.0
SHP04650K,Kolkata,Hamburg,Sea,Textiles,4650.0,1.26,2446.0,LCL,99.09,Normal,Carrier_D,11.0,56830.0
SHP04651B,Bengaluru,Singapore,Sea,Textiles,4651.0,3.81,8471.0,AIR_CARGO,100.94,Normal,Carrier_A,19.0,82602.0
SHP04652D,Delhi,Los Angeles,Sea,Chemicals,4652.0,11.79,8978.0,20FT,86.89,Normal,Carrier_C,18.0,237821.0
SHP04653M,Mumbai,Hamburg,Sea,Automotive Parts,4653.0,22.03,6012.0,20FT,112.9,Peak,Carrier_C,13.0,107865.0
SHP04654M,Mumbai,London,Air,General Merchandise,4654.0,10.16,1579.0,AIR_CARGO,85.48,Normal,Carrier_D,4.0,118498.0
SHP04655B,Bengaluru,Hamburg,Sea,Automotive Parts,4655.0,4.31,7525.0,AIR_CARGO,103.49,Peak,Carrier_B,13.0,95510.0
SHP04656C,Chennai,Los Angeles,Sea,Pharmaceuticals,4656.0,11.13,4780.0,40FT,78.26,Off_Peak,Carrier_D,14.0,47545.0
SHP04657P,Pune,Shanghai,Air,Textiles,4657.0,2.29,11421.0,20FT,101.59,Normal,Carrier_D,24.0,348118.0
SHP04658C,Chennai,Jebel Ali,Sea,Machinery,4658.0,7.51,6402.0,20FT,93.4,Off_Peak,Carrier_E,11.0,56712.0
SHP04659P,Pune,Jebel Ali,Sea,Chemicals,4659.0,4.54,1331.0,LCL,97.76,Peak,Carrier_A,4.0,41307.0
SHP04660M,Mumbai,Jebel Ali,Air,Pharmaceuticals,4660.0,1.98,7815.0,40FT,82.36,Normal,Carrier_A,19.0,173068.0
SHP04661P,Pune,Shanghai,Sea,Furniture,4661.0,16.8,9463.0,40FT,92.34,Normal,Carrier_E,18.0,88919.0
SHP04662A,Mumbai,Colombo,Sea,Furniture,4662.0,8.63,2346.0,20FT,105.65,Peak,Carrier_C,5.0,63300.0
SHP04663A,Mumbai,Rotterdam,Sea,Electronics,4663.0,0.5,5664.0,40FT_HC,105.68,Normal,Carrier_A,13.0,74946.0
SHP04664B,Bengaluru,Rotterdam,Sea,Textiles,4664.0,11.91,9047.0,40FT_HC,84.5,Normal,Carrier_C,20.0,246108.0
SHP04665C,Chennai,Shanghai,Air,General Merchandise,4665.0,5.18,736.0,AIR_CARGO,89.1,Off_Peak,Carrier_B,2.0,61583.0
SHP04666K,Kolkata,Hamburg,Air,Textiles,4666.0,14.26,833.0,40FT,75.15,Normal,Carrier_C,2.0,68097.0
SHP04667M,Mumbai,New York,Sea,General Merchandise,4667.0,10.53,8284.0,20FT,78.6,Peak,Carrier_A,18.0,70518.0
SHP04668H,Hyderabad,Rotterdam,Sea,General Merchandise,4668.0,21.34,8839.0,20FT,80.07,Normal,Carrier_C,16.0,239208.0
SHP04669K,Kolkata,London,Air,Chemicals,4669.0,8.3,10227.0,20FT,86.75,Normal,Carrier_B,20.0,260728.0
SHP04670B,Bengaluru,London,Air,General Merchandise,4670.0,2.66,5095.0,LCL,105.36,Peak,Carrier_E,11.0,209626.0
SHP04671H,Hyderabad,Dubai,Sea,Automotive Parts,4671.0,8.39,4982.0,40FT_HC,95.41,Normal,Carrier_A,13.0,76870.0
SHP04672K,Kolkata,London,Road,Furniture,4672.0,0.86,6852.0,LCL,106.7,Normal,Carrier_B,14.0,104907.0
SHP04673C,Chennai,Rotterdam,Sea,Pharmaceuticals,4673.0,5.1,9209.0,20FT,105.2,Off_Peak,Carrier_D,20.0,282370.0
SHP04674P,Pune,New York,Sea,Machinery,4674.0,2.73,7871.0,20FT,98.49,Normal,Carrier_E,19.0,71923.0
SHP04675A,Mumbai,Los Angeles,Sea,Textiles,4675.0,3.74,4264.0,40FT,94.99,Normal,Carrier_E,9.0,49242.0
SHP04676C,Chennai,Jebel Ali,Road,Machinery,4676.0,9.12,4485.0,40FT,112.25,Peak,Carrier_A,17.0,133751.0
SHP04677H,Hyderabad,Hamburg,Sea,Pharmaceuticals,4677.0,11.91,9275.0,40FT_HC,97.77,Peak,Carrier_B,22.0,109981.0
SHP04678P,Pune,Los Angeles,Sea,Electronics,4678.0,0.5,6648.0,AIR_CARGO,94.31,Normal,Carrier_D,15.0,84265.0
SHP04679P,Pune,New York,Air,Pharmaceuticals,4679.0,0.5,1627.0,20FT,109.76,Off_Peak,Carrier_B,5.0,109240.0
SHP04680P,Pune,Colombo,Sea,Textiles,4680.0,5.43,2259.0,40FT,77.86,Normal,Carrier_C,5.0,25429.0
SHP04681D,Delhi,Jebel Ali,Sea,Furniture,4681.0,15.02,10289.0,40FT_HC,101.24,Normal,Carrier_A,24.0,99769.0
SHP04682A,Mumbai,Dubai,Sea,Machinery,4682.0,5.36,11986.0,LCL,79.52,Normal,Carrier_C,24.0,70355.0
SHP04683M,Mumbai,Colombo,Road,Machinery,4683.0,0.5,4360.0,20FT,107.79,Off_Peak,Carrier_C,7.0,62002.0
SHP04684H,Hyderabad,Rotterdam,Sea,Chemicals,4684.0,19.41,4947.0,AIR_CARGO,106.71,Normal,Carrier_E,8.0,83124.0
SHP04685B,Bengaluru,New York,Air,Chemicals,4685.0,5.19,2277.0,40FT_HC,95.14,Normal,Carrier_E,6.0,141669.0
SHP04686M,Mumbai,Jebel Ali,Sea,Pharmaceuticals,4686.0,6.08,3211.0,AIR_CARGO,101.44,Normal,Carrier_C,8.0,56725.0
SHP04687K,Kolkata,Dubai,Sea,Pharmaceuticals,4687.0,11.91,5383.0,20FT,105.9,Normal,Carrier_B,10.0,78656.0
SHP04688A,Mumbai,Hamburg,Sea,Electronics,4688.0,3.96,3770.0,40FT_HC,94.33,Normal,Carrier_A,6.0,48096.0
SHP04689B,Bengaluru,Hamburg,Sea,General Merchandise,4689.0,8.38,8566.0,40FT,111.24,Normal,Carrier_A,14.0,107654.0
SHP04690B,Bengaluru,Shanghai,Road,Textiles,4690.0,3.43,6685.0,AIR_CARGO,92.48,Normal,Carrier_B,13.0,85786.0
SHP04691C,Chennai,Rotterdam,Sea,Chemicals,4691.0,10.66,9956.0,LCL,110.68,Peak,Carrier_C,19.0,112812.0
SHP04692K,Kolkata,London,Sea,Textiles,4692.0,10.08,8832.0,LCL,98.31,Normal,Carrier_A,19.0,80376.0
SHP04693C,Chennai,New York,Sea,Electronics,4693.0,1.22,1973.0,AIR_CARGO,92.05,Normal,Carrier_E,5.0,39335.0
SHP04694C,Chennai,Dubai,Sea,Chemicals,4694.0,10.3,1919.0,20FT,75.16,Off_Peak,Carrier_D,8.0,32611.0
SHP04695P,Pune,Dubai,Sea,Chemicals,4695.0,15.67,10800.0,20FT,86.82,Normal,Carrier_E,23.0,90412.0
SHP04696A,Mumbai,London,Road,General Merchandise,4696.0,1.68,9924.0,20FT,109.72,Peak,Carrier_B,21.0,165521.0
SHP04697D,Delhi,London,Sea,Textiles,4697.0,7.35,5881.0,LCL,92.15,Normal,Carrier_D,15.0,55813.0
SHP04698C,Chennai,Colombo,Sea,Furniture,4698.0,11.89,1999.0,LCL,91.86,Peak,Carrier_A,3.0,47817.0
SHP04699M,Mumbai,Jebel Ali,Sea,Textiles,4699.0,19.15,10834.0,40FT,94.58,Normal,Carrier_A,21.0,91402.0
SHP04700B,Bengaluru,Colombo,Road,Textiles,4700.0,5.25,3153.0,20FT,86.45,Peak,Carrier_D,13.0,63852.0
SHP04701A,Mumbai,Singapore,Sea,General Merchandise,4701.0,4.18,909.0,LCL,94.66,Normal,Carrier_A,1.0,29023.0
SHP04702C,Chennai,Singapore,Sea,Chemicals,4702.0,4.69,11129.0,LCL,90.03,Peak,Carrier_D,22.0,97660.0
SHP04703H,Hyderabad,Rotterdam,Sea,Electronics,4703.0,3.84,9803.0,20FT,111.38,Peak,Carrier_C,21.0,350437.0
SHP04704M,Mumbai,Shanghai,Sea,Textiles,4704.0,24.1,8475.0,20FT,97.56,Off_Peak,Carrier_B,14.0,77665.0
SHP04705K,Kolkata,New York,Sea,Machinery,4705.0,9.62,891.0,LCL,108.37,Off_Peak,Carrier_E,2.0,39349.0
SHP04706B,Bengaluru,Dubai,Sea,Furniture,4706.0,12.02,6577.0,AIR_CARGO,102.47,Normal,Carrier_D,18.0,86200.0
SHP04707A,Mumbai,Jebel Ali,Air,Furniture,4707.0,4.93,8017.0,LCL,83.5,Normal,Carrier_D,17.0,219540.0
SHP04708H,Hyderabad,Hamburg,Sea,General Merchandise,4708.0,21.43,9232.0,40FT,109.71,Off_Peak,Carrier_C,18.0,88708.0
SHP04709A,Mumbai,Hamburg,Air,Automotive Parts,4709.0,0.5,5917.0,40FT_HC,78.49,Off_Peak,Carrier_E,13.0,131386.0
SHP04710A,Mumbai,Los Angeles,Sea,Electronics,4710.0,2.22,11464.0,20FT,92.95,Off_Peak,Carrier_C,22.0,73644.0
SHP04711H,Hyderabad,London,Sea,Machinery,4711.0,9.66,3315.0,40FT,84.57,Normal,Carrier_C,11.0,46981.0
SHP04712K,Kolkata,Rotterdam,Sea,Textiles,4712.0,0.5,1302.0,AIR_CARGO,96.5,Peak,Carrier_B,2.0,40786.0
SHP04713H,Hyderabad,Los Angeles,Sea,Automotive Parts,4713.0,16.8,4327.0,40FT_HC,87.0,Peak,Carrier_A,9.0,63661.0
SHP04714M,Mumbai,Los Angeles,Sea,Electronics,4714.0,21.38,8111.0,LCL,103.91,Off_Peak,Carrier_E,14.0,334715.0
SHP04715P,Pune,Shanghai,Sea,General Merchandise,4715.0,4.13,8977.0,20FT,112.48,Off_Peak,Carrier_C,18.0,83979.0
SHP04716A,Mumbai,New York,Sea,Automotive Parts,4716.0,5.09,8993.0,LCL,103.36,Normal,Carrier_A,18.0,82106.0
SHP04717K,Kolkata,Dubai,Sea,Chemicals,4717.0,13.71,1773.0,40FT,89.21,Normal,Carrier_A,8.0,44849.0
SHP04718A,Mumbai,Jebel Ali,Road,Pharmaceuticals,4718.0,0.5,10679.0,20FT,99.0,Normal,Carrier_A,19.0,135264.0
SHP04719H,Hyderabad,Hamburg,Sea,Automotive Parts,4719.0,7.23,3730.0,LCL,110.54,Normal,Carrier_A,10.0,60531.0
SHP04720K,Kolkata,Hamburg,Road,Pharmaceuticals,4720.0,8.35,2914.0,20FT,85.8,Normal,Carrier_B,7.0,51606.0
SHP04721K,Kolkata,Hamburg,Sea,Furniture,4721.0,0.5,7566.0,40FT,79.73,Normal,Carrier_B,12.0,51428.0
SHP04722C,Chennai,Singapore,Sea,Machinery,4722.0,2.68,2936.0,LCL,80.23,Normal,Carrier_C,6.0,39334.0
SHP04723C,Chennai,New York,Sea,Electronics,4723.0,0.5,6342.0,40FT_HC,94.79,Normal,Carrier_A,12.0,61960.0
SHP04724P,Pune,Rotterdam,Sea,Machinery,4724.0,0.68,5181.0,AIR_CARGO,104.29,Normal,Carrier_C,15.0,62446.0
SHP04725C,Chennai,Hamburg,Sea,Machinery,4725.0,4.54,3168.0,LCL,101.29,Normal,Carrier_D,9.0,57167.0
SHP04726H,Hyderabad,Shanghai,Sea,Textiles,4726.0,13.95,3859.0,20FT,93.16,Peak,Carrier_B,9.0,60567.0
SHP04727B,Bengaluru,Hamburg,Road,General Merchandise,4727.0,5.97,5415.0,LCL,104.17,Peak,Carrier_B,3.0,97659.0
SHP04728M,Mumbai,Rotterdam,Sea,Automotive Parts,4728.0,5.61,4481.0,20FT,100.36,Normal,Carrier_E,6.0,166577.0
SHP04729H,Hyderabad,Singapore,Air,Electronics,4729.0,14.1,4888.0,40FT,100.13,Normal,Carrier_D,12.0,233501.0
SHP04730A,Mumbai,Shanghai,Sea,Furniture,4730.0,8.46,8957.0,AIR_CARGO,83.1,Normal,Carrier_B,20.0,71137.0
SHP04731C,Chennai,Los Angeles,Sea,Chemicals,4731.0,5.25,2436.0,20FT,87.5,Normal,Carrier_A,5.0,38319.0
SHP04732K,Kolkata,Rotterdam,Sea,General Merchandise,4732.0,2.36,7718.0,LCL,88.78,Normal,Carrier_A,16.0,65881.0
SHP04733H,Hyderabad,Los Angeles,Sea,General Merchandise,4733.0,10.61,8299.0,40FT,107.33,Normal,Carrier_A,17.0,304120.0
SHP04734K,Kolkata,London,Road,Electronics,4734.0,7.71,9724.0,40FT_HC,106.0,Normal,Carrier_C,20.0,130873.0
SHP04735P,Pune,Colombo,Sea,General Merchandise,4735.0,4.23,10244.0,LCL,85.11,Normal,Carrier_B,20.0,72339.0
SHP04736A,Mumbai,Hamburg,Sea,Textiles,4736.0,3.47,2325.0,AIR_CARGO,77.21,Peak,Carrier_C,8.0,37511.0
SHP04737K,Kolkata,Rotterdam,Sea,General Merchandise,4737.0,7.23,2090.0,40FT,105.71,Normal,Carrier_B,8.0,57654.0
SHP04738K,Kolkata,Colombo,Sea,Furniture,4738.0,3.58,7570.0,LCL,91.39,Normal,Carrier_E,14.0,76883.0
SHP04739P,Pune,Jebel Ali,Sea,Furniture,4739.0,9.74,9205.0,20FT,83.79,Normal,Carrier_C,16.0,63156.0
SHP04740D,Delhi,Shanghai,Sea,Textiles,4740.0,10.96,3632.0,20FT,79.68,Peak,Carrier_B,7.0,39967.0
SHP04741B,Bengaluru,New York,Air,Automotive Parts,4741.0,4.97,6547.0,20FT,75.51,Peak,Carrier_E,14.0,172864.0
SHP04742M,Mumbai,London,Sea,Automotive Parts,4742.0,5.63,9381.0,LCL,92.11,Normal,Carrier_B,20.0,71562.0
SHP04743M,Mumbai,Jebel Ali,Sea,Machinery,4743.0,5.55,9326.0,AIR_CARGO,88.59,Peak,Carrier_D,21.0,89769.0
SHP04744C,Chennai,Jebel Ali,Road,Furniture,4744.0,9.44,8019.0,20FT,102.86,Normal,Carrier_C,19.0,108325.0
SHP04745D,Delhi,London,Sea,Textiles,4745.0,2.31,1406.0,LCL,114.07,Normal,Carrier_A,5.0,42580.0
SHP04746H,Hyderabad,Los Angeles,Sea,Chemicals,4746.0,4.69,1082.0,LCL,83.27,Normal,Carrier_E,4.0,28456.0
SHP04747P,Pune,Rotterdam,Sea,Automotive Parts,4747.0,1.24,4967.0,AIR_CARGO,84.72,Off_Peak,Carrier_E,14.0,41143.0
SHP04748H,Hyderabad,Dubai,Sea,General Merchandise,4748.0,29.86,807.0,40FT,88.49,Normal,Carrier_A,3.0,47079.0
SHP04749M,Mumbai,Hamburg,Sea,Electronics,4749.0,7.64,10898.0,40FT,93.64,Off_Peak,Carrier_E,23.0,87065.0
SHP04750B,Bengaluru,Shanghai,Air,Electronics,4750.0,0.5,732.0,LCL,102.91,Peak,Carrier_A,4.0,90013.0
SHP04751K,Kolkata,Singapore,Sea,Pharmaceuticals,4751.0,0.5,841.0,40FT,89.08,Peak,Carrier_A,3.0,35804.0
SHP04752A,Mumbai,Rotterdam,Sea,Furniture,4752.0,0.6,2401.0,40FT_HC,79.17,Normal,Carrier_B,6.0,34264.0
SHP04753C,Chennai,Hamburg,Air,Textiles,4753.0,1.91,7711.0,AIR_CARGO,104.21,Normal,Carrier_C,19.0,241588.0
SHP04754B,Bengaluru,Rotterdam,Sea,Chemicals,4754.0,4.24,6728.0,LCL,106.79,Peak,Carrier_D,14.0,96325.0
SHP04755M,Mumbai,Jebel Ali,Road,Machinery,4755.0,4.66,8084.0,40FT,84.91,Normal,Carrier_E,16.0,83053.0
SHP04756D,Delhi,Dubai,Road,General Merchandise,4756.0,4.33,10776.0,40FT,80.47,Normal,Carrier_B,20.0,101095.0
SHP04757C,Chennai,Singapore,Sea,Textiles,4757.0,14.16,5732.0,AIR_CARGO,96.11,Off_Peak,Carrier_D,13.0,59263.0
SHP04758P,Pune,Rotterdam,Sea,Pharmaceuticals,4758.0,2.76,1005.0,20FT,83.33,Normal,Carrier_D,3.0,71925.0
SHP04759M,Mumbai,Hamburg,Sea,Electronics,4759.0,2.55,9280.0,40FT,89.97,Normal,Carrier_E,20.0,76798.0
SHP04760H,Hyderabad,Singapore,Road,Textiles,4760.0,9.58,9838.0,AIR_CARGO,106.09,Off_Peak,Carrier_E,20.0,120272.0
SHP04761C,Chennai,Singapore,Sea,General Merchandise,4761.0,8.48,1074.0,20FT,83.78,Normal,Carrier_B,3.0,27536.0
SHP04762P,Pune,New York,Road,Chemicals,4762.0,0.77,3293.0,LCL,107.25,Normal,Carrier_E,5.0,61890.0
SHP04763M,Mumbai,Shanghai,Air,Furniture,4763.0,12.75,9362.0,20FT,101.96,Normal,Carrier_D,17.0,327805.0
SHP04764H,Hyderabad,Jebel Ali,Sea,Chemicals,4764.0,0.5,4826.0,40FT,83.79,Normal,Carrier_E,9.0,50445.0
SHP04765A,Mumbai,New York,Sea,Automotive Parts,4765.0,15.58,5935.0,LCL,96.06,Normal,Carrier_B,11.0,60800.0
SHP04766H,Hyderabad,Hamburg,Road,General Merchandise,4766.0,12.54,9967.0,LCL,99.56,Peak,Carrier_B,21.0,143852.0
SHP04767K,Kolkata,Hamburg,Road,Pharmaceuticals,4767.0,7.46,1588.0,20FT,83.01,Normal,Carrier_B,9.0,32824.0
SHP04768P,Pune,Los Angeles,Sea,Automotive Parts,4768.0,13.14,8289.0,LCL,80.8,Normal,Carrier_E,16.0,64939.0
SHP04769P,Pune,Rotterdam,Sea,Automotive Parts,4769.0,12.74,2972.0,20FT,96.25,Normal,Carrier_C,7.0,165055.0
SHP04770D,Delhi,Rotterdam,Sea,Automotive Parts,4770.0,4.24,1220.0,20FT,102.75,Peak,Carrier_B,3.0,42990.0
SHP04771P,Pune,Los Angeles,Sea,Textiles,4771.0,17.85,8119.0,20FT,93.6,Normal,Carrier_C,18.0,75876.0
SHP04772K,Kolkata,Colombo,Sea,Pharmaceuticals,4772.0,10.11,1896.0,AIR_CARGO,77.8,Normal,Carrier_A,6.0,27369.0
SHP04773M,Mumbai,London,Sea,Electronics,4773.0,7.37,9091.0,40FT,112.01,Normal,Carrier_B,18.0,113336.0
SHP04774A,Mumbai,Rotterdam,Sea,Chemicals,4774.0,3.87,2831.0,LCL,102.8,Normal,Carrier_C,5.0,131835.0
SHP04775B,Bengaluru,London,Sea,Furniture,4775.0,2.28,1058.0,40FT_HC,99.85,Normal,Carrier_C,2.0,46292.0
SHP04776A,Mumbai,Rotterdam,Sea,Textiles,4776.0,8.86,1642.0,40FT,100.75,Off_Peak,Carrier_D,5.0,137902.0
SHP04777A,Mumbai,Shanghai,Sea,Electronics,4777.0,5.1,10175.0,40FT_HC,90.94,Normal,Carrier_C,21.0,80584.0
SHP04778P,Pune,Colombo,Sea,Chemicals,4778.0,8.19,4766.0,20FT,114.38,Normal,Carrier_D,11.0,75093.0
SHP04779A,Mumbai,Dubai,Sea,Furniture,4779.0,8.41,3976.0,LCL,80.31,Off_Peak,Carrier_C,11.0,35539.0
SHP04780P,Pune,Colombo,Sea,Pharmaceuticals,4780.0,4.29,6149.0,40FT,104.57,Off_Peak,Carrier_C,11.0,64053.0
SHP04781K,Kolkata,Hamburg,Sea,Furniture,4781.0,8.06,7779.0,40FT_HC,91.84,Normal,Carrier_A,17.0,72118.0
SHP04782B,Bengaluru,Los Angeles,Sea,Pharmaceuticals,4782.0,8.74,927.0,40FT_HC,110.24,Off_Peak,Carrier_C,4.0,49765.0
SHP04783H,Hyderabad,Hamburg,Sea,General Merchandise,4783.0,8.79,10829.0,40FT_HC,103.69,Normal,Carrier_E,20.0,112236.0
SHP04784P,Pune,Dubai,Sea,Furniture,4784.0,7.08,11523.0,40FT,97.49,Normal,Carrier_E,22.0,96384.0
SHP04785M,Mumbai,New York,Sea,Chemicals,4785.0,3.72,5299.0,AIR_CARGO,112.51,Normal,Carrier_E,13.0,90568.0
SHP04786D,Delhi,Hamburg,Sea,Chemicals,4786.0,1.64,5245.0,20FT,111.5,Normal,Carrier_A,9.0,68411.0
SHP04787B,Bengaluru,Hamburg,Road,Pharmaceuticals,4787.0,1.7,10603.0,LCL,77.09,Normal,Carrier_C,26.0,79776.0
SHP04788M,Mumbai,Hamburg,Road,Chemicals,4788.0,0.5,5437.0,40FT_HC,82.7,Normal,Carrier_A,13.0,61873.0
SHP04789P,Pune,Singapore,Sea,Machinery,4789.0,8.08,10346.0,40FT,102.04,Off_Peak,Carrier_C,21.0,89761.0
SHP04790B,Bengaluru,London,Sea,General Merchandise,4790.0,4.02,826.0,40FT_HC,111.87,Normal,Carrier_D,3.0,59729.0
SHP04791P,Pune,Colombo,Sea,Textiles,4791.0,12.22,6131.0,40FT,92.21,Normal,Carrier_A,15.0,65877.0
SHP04792K,Kolkata,New York,Road,Furniture,4792.0,7.81,11453.0,AIR_CARGO,76.53,Peak,Carrier_E,22.0,111282.0
SHP04793M,Mumbai,Colombo,Sea,Textiles,4793.0,10.23,3407.0,40FT_HC,100.73,Off_Peak,Carrier_E,7.0,53308.0
SHP04794K,Kolkata,Shanghai,Sea,Electronics,4794.0,27.33,3561.0,40FT_HC,82.79,Normal,Carrier_E,11.0,64157.0
SHP04795C,Chennai,London,Sea,Textiles,4795.0,10.52,7746.0,LCL,97.09,Normal,Carrier_C,15.0,68889.0
SHP04796M,Mumbai,New York,Sea,Automotive Parts,4796.0,2.32,11151.0,40FT,90.39,Normal,Carrier_C,23.0,83189.0
SHP04797B,Bengaluru,Shanghai,Sea,Chemicals,4797.0,0.5,2786.0,40FT,97.32,Normal,Carrier_A,6.0,53065.0
SHP04798C,Chennai,Jebel Ali,Air,Textiles,4798.0,11.7,11099.0,AIR_CARGO,112.3,Off_Peak,Carrier_B,23.0,364963.0
SHP04799K,Kolkata,Singapore,Sea,Electronics,4799.0,10.7,8125.0,40FT_HC,94.43,Normal,Carrier_C,18.0,74702.0
SHP04800K,Kolkata,Hamburg,Sea,Electronics,4800.0,3.92,11920.0,LCL,76.38,Normal,Carrier_B,27.0,71987.0
SHP04801B,Bengaluru,Singapore,Sea,Automotive Parts,4801.0,4.81,8969.0,20FT,98.24,Peak,Carrier_B,16.0,90586.0
SHP04802C,Chennai,Colombo,Sea,Electronics,4802.0,8.76,8180.0,LCL,88.03,Off_Peak,Carrier_C,14.0,56447.0
SHP04803A,Mumbai,New York,Road,Pharmaceuticals,4803.0,8.17,9871.0,LCL,106.13,Off_Peak,Carrier_A,19.0,116961.0
SHP04804H,Hyderabad,Shanghai,Sea,Machinery,4804.0,2.77,2514.0,LCL,93.8,Normal,Carrier_B,5.0,36969.0
SHP04805D,Delhi,Dubai,Air,Pharmaceuticals,4805.0,1.16,11379.0,LCL,104.65,Normal,Carrier_A,23.0,344083.0
SHP04806B,Bengaluru,Shanghai,Sea,Chemicals,4806.0,0.5,2404.0,40FT_HC,111.35,Normal,Carrier_A,7.0,58114.0
SHP04807K,Kolkata,Singapore,Sea,Chemicals,4807.0,7.95,795.0,LCL,89.49,Normal,Carrier_C,8.0,34063.0
SHP04808M,Mumbai,Hamburg,Road,Chemicals,4808.0,0.5,8525.0,40FT,114.58,Normal,Carrier_B,17.0,142566.0
SHP04809C,Chennai,Dubai,Sea,General Merchandise,4809.0,1.84,2623.0,40FT,80.99,Normal,Carrier_A,2.0,38339.0
SHP04810P,Pune,Colombo,Road,Textiles,4810.0,18.09,9226.0,LCL,100.76,Peak,Carrier_B,18.0,152909.0
SHP04811H,Hyderabad,Dubai,Sea,Machinery,4811.0,6.44,9643.0,40FT,76.39,Off_Peak,Carrier_A,20.0,63337.0
SHP04812D,Delhi,London,Road,Textiles,4812.0,16.9,3222.0,40FT_HC,83.52,Normal,Carrier_C,6.0,62947.0
SHP04813M,Mumbai,Jebel Ali,Sea,Machinery,4813.0,0.5,1497.0,20FT,100.35,Off_Peak,Carrier_A,5.0,34964.0
SHP04814C,Chennai,Hamburg,Sea,Textiles,4814.0,6.84,6259.0,LCL,76.85,Normal,Carrier_C,14.0,47059.0
SHP04815H,Hyderabad,Singapore,Air,Automotive Parts,4815.0,13.64,10738.0,40FT,79.07,Normal,Carrier_C,22.0,239767.0
SHP04816B,Bengaluru,New York,Road,Furniture,4816.0,10.7,10244.0,40FT,86.64,Normal,Carrier_B,22.0,113043.0
SHP04817P,Pune,Los Angeles,Sea,Pharmaceuticals,4817.0,5.32,1846.0,40FT_HC,98.03,Off_Peak,Carrier_B,5.0,50609.0
SHP04818H,Hyderabad,Dubai,Air,Electronics,4818.0,7.25,11595.0,40FT_HC,75.64,Normal,Carrier_B,24.0,223139.0
SHP04819B,Bengaluru,Rotterdam,Sea,Electronics,4819.0,5.48,3535.0,20FT,94.29,Normal,Carrier_D,5.0,63723.0
SHP04820P,Pune,Los Angeles,Sea,Pharmaceuticals,4820.0,13.63,4518.0,AIR_CARGO,100.03,Peak,Carrier_B,8.0,72344.0
SHP04821P,Pune,Colombo,Sea,Automotive Parts,4821.0,1.98,2214.0,AIR_CARGO,91.1,Normal,Carrier_B,5.0,39579.0
SHP04822A,Mumbai,Rotterdam,Sea,Machinery,4822.0,13.53,4845.0,AIR_CARGO,77.71,Normal,Carrier_A,9.0,41030.0
SHP04823C,Chennai,Rotterdam,Sea,Pharmaceuticals,4823.0,2.5,7810.0,20FT,99.43,Normal,Carrier_D,16.0,75109.0
SHP04824P,Pune,Rotterdam,Sea,General Merchandise,4824.0,2.21,6320.0,LCL,99.23,Normal,Carrier_D,13.0,69169.0
SHP04825H,Hyderabad,Shanghai,Sea,Machinery,4825.0,6.44,10017.0,AIR_CARGO,95.24,Normal,Carrier_A,19.0,87552.0
SHP04826P,Pune,Los Angeles,Sea,Electronics,4826.0,11.47,7875.0,AIR_CARGO,102.73,Normal,Carrier_B,18.0,88520.0
SHP04827D,Delhi,Colombo,Air,General Merchandise,4827.0,13.42,3531.0,40FT,83.31,Off_Peak,Carrier_E,9.0,151890.0
SHP04828H,Hyderabad,Singapore,Sea,Textiles,4828.0,14.99,6911.0,40FT,102.14,Normal,Carrier_C,12.0,78618.0
SHP04829C,Chennai,Jebel Ali,Sea,General Merchandise,4829.0,11.13,1238.0,LCL,81.46,Off_Peak,Carrier_D,3.0,23283.0
SHP04830M,Mumbai,Colombo,Sea,Machinery,4830.0,7.73,7179.0,40FT_HC,90.71,Peak,Carrier_A,17.0,74297.0
SHP04831M,Mumbai,Singapore,Air,Automotive Parts,4831.0,3.91,4981.0,20FT,77.7,Normal,Carrier_E,11.0,124161.0
SHP04832H,Hyderabad,Singapore,Air,Textiles,4832.0,10.47,1632.0,AIR_CARGO,107.77,Peak,Carrier_C,7.0,140471.0
SHP04833H,Hyderabad,Rotterdam,Sea,Machinery,4833.0,9.66,4036.0,20FT,96.53,Normal,Carrier_E,11.0,56573.0
SHP04834B,Bengaluru,Hamburg,Sea,Textiles,4834.0,0.87,10828.0,40FT,113.84,Off_Peak,Carrier_B,21.0,107372.0
SHP04835C,Chennai,Los Angeles,Sea,General Merchandise,4835.0,9.1,7239.0,20FT,112.69,Off_Peak,Carrier_A,18.0,78315.0
SHP04836B,Bengaluru,Singapore,Sea,Electronics,4836.0,14.5,10888.0,40FT,114.94,Normal,Carrier_C,25.0,120567.0
SHP04837D,Delhi,Los Angeles,Sea,Machinery,4837.0,9.06,5224.0,20FT,79.05,Normal,Carrier_C,8.0,44692.0
SHP04838A,Mumbai,London,Sea,Furniture,4838.0,10.72,11757.0,40FT,99.26,Normal,Carrier_B,23.0,110344.0
SHP04839M,Mumbai,Shanghai,Sea,Automotive Parts,4839.0,8.71,4640.0,20FT,91.3,Normal,Carrier_B,9.0,50003.0
SHP04840P,Pune,Jebel Ali,Sea,Furniture,4840.0,3.75,9203.0,AIR_CARGO,96.31,Peak,Carrier_B,18.0,96839.0
SHP04841P,Pune,London,Road,Furniture,4841.0,1.51,4012.0,AIR_CARGO,87.35,Normal,Carrier_A,8.0,57625.0
SHP04842K,Kolkata,Singapore,Road,Pharmaceuticals,4842.0,7.4,1719.0,LCL,76.92,Normal,Carrier_D,3.0,30681.0
SHP04843K,Kolkata,Colombo,Sea,General Merchandise,4843.0,11.4,10080.0,20FT,103.31,Normal,Carrier_E,22.0,91848.0
SHP04844C,Chennai,Los Angeles,Sea,Machinery,4844.0,5.32,9270.0,40FT_HC,113.63,Normal,Carrier_A,17.0,105328.0
SHP04845P,Pune,London,Sea,Automotive Parts,4845.0,8.98,9937.0,LCL,96.3,Normal,Carrier_A,20.0,80419.0
SHP04846C,Chennai,Los Angeles,Sea,Machinery,4846.0,23.56,3946.0,20FT,88.18,Normal,Carrier_E,6.0,55062.0
SHP04847K,Kolkata,Shanghai,Road,General Merchandise,4847.0,9.88,8592.0,40FT_HC,112.53,Peak,Carrier_C,20.0,160842.0
SHP04848C,Chennai,Colombo,Sea,Machinery,4848.0,0.5,3029.0,AIR_CARGO,89.59,Normal,Carrier_E,8.0,41180.0
SHP04849M,Mumbai,London,Air,Textiles,4849.0,9.67,630.0,AIR_CARGO,111.58,Normal,Carrier_B,5.0,132054.0
SHP04850D,Delhi,Los Angeles,Sea,General Merchandise,4850.0,7.77,10465.0,AIR_CARGO,109.23,Normal,Carrier_C,21.0,95275.0
SHP04851D,Delhi,Colombo,Road,Machinery,4851.0,0.5,6521.0,40FT_HC,96.15,Normal,Carrier_A,13.0,86957.0
SHP04852P,Pune,Rotterdam,Sea,Pharmaceuticals,4852.0,3.4,11812.0,40FT,102.07,Normal,Carrier_E,24.0,102705.0
SHP04853B,Bengaluru,Dubai,Air,Electronics,4853.0,0.5,4928.0,20FT,103.01,Normal,Carrier_A,14.0,196871.0
SHP04854M,Mumbai,Rotterdam,Sea,Machinery,4854.0,35.86,11504.0,LCL,100.64,Off_Peak,Carrier_A,21.0,104849.0
SHP04855A,Mumbai,Jebel Ali,Sea,Textiles,4855.0,1.83,7573.0,LCL,81.43,Normal,Carrier_E,11.0,57485.0
SHP04856C,Chennai,Singapore,Sea,Automotive Parts,4856.0,6.55,6390.0,AIR_CARGO,102.71,Off_Peak,Carrier_A,12.0,66911.0
SHP04857C,Chennai,Hamburg,Sea,Pharmaceuticals,4857.0,20.1,3982.0,40FT,75.13,Normal,Carrier_D,7.0,43878.0
SHP04858P,Pune,Dubai,Road,Automotive Parts,4858.0,7.37,9991.0,20FT,103.4,Normal,Carrier_D,22.0,140495.0
SHP04859A,Mumbai,Singapore,Road,Furniture,4859.0,5.05,10031.0,20FT,97.19,Normal,Carrier_A,20.0,114835.0
SHP04860B,Bengaluru,London,Road,Pharmaceuticals,4860.0,0.5,5295.0,LCL,85.39,Normal,Carrier_C,13.0,62246.0
SHP04861B,Bengaluru,Jebel Ali,Sea,Automotive Parts,4861.0,6.14,8864.0,LCL,107.15,Peak,Carrier_C,18.0,93174.0
SHP04862C,Chennai,Shanghai,Air,Electronics,4862.0,5.15,5643.0,LCL,91.21,Peak,Carrier_C,12.0,214501.0
SHP04863C,Chennai,Jebel Ali,Sea,Textiles,4863.0,5.99,9006.0,20FT,94.43,Normal,Carrier_C,19.0,84264.0
SHP04864A,Mumbai,Los Angeles,Sea,Furniture,4864.0,10.23,11933.0,LCL,76.11,Normal,Carrier_D,27.0,72053.0
SHP04865P,Pune,Jebel Ali,Sea,General Merchandise,4865.0,9.9,3519.0,20FT,91.05,Normal,Carrier_C,9.0,53353.0
SHP04866M,Mumbai,London,Sea,Automotive Parts,4866.0,10.03,7792.0,AIR_CARGO,81.69,Off_Peak,Carrier_E,18.0,60162.0
SHP04867A,Mumbai,Shanghai,Sea,Pharmaceuticals,4867.0,5.93,4869.0,40FT,86.05,Normal,Carrier_C,13.0,56180.0
SHP04868B,Bengaluru,Shanghai,Sea,Textiles,4868.0,2.46,6806.0,LCL,85.09,Normal,Carrier_E,14.0,47979.0
SHP04869A,Mumbai,New York,Sea,Machinery,4869.0,2.25,10553.0,20FT,76.84,Normal,Carrier_D,21.0,69578.0
SHP04870A,Mumbai,Jebel Ali,Air,Electronics,4870.0,7.23,4497.0,AIR_CARGO,93.42,Normal,Carrier_E,9.0,152301.0
SHP04871A,Mumbai,Rotterdam,Sea,Textiles,4871.0,15.31,1332.0,40FT_HC,95.9,Off_Peak,Carrier_E,7.0,48366.0
SHP04872M,Mumbai,New York,Sea,Textiles,4872.0,9.71,9688.0,AIR_CARGO,97.84,Peak,Carrier_A,18.0,93573.0
SHP04873H,Hyderabad,New York,Sea,General Merchandise,4873.0,1.82,6883.0,40FT,93.49,Off_Peak,Carrier_E,13.0,61160.0
SHP04874C,Chennai,London,Sea,Textiles,4874.0,6.93,5668.0,AIR_CARGO,109.78,Normal,Carrier_A,12.0,72269.0
SHP04875K,Kolkata,Dubai,Sea,General Merchandise,4875.0,21.55,2608.0,LCL,76.51,Normal,Carrier_C,4.0,30152.0
SHP04876P,Pune,Rotterdam,Sea,Electronics,4876.0,8.11,1568.0,LCL,99.55,Normal,Carrier_E,4.0,43690.0
SHP04877A,Mumbai,Shanghai,Sea,Electronics,4877.0,3.78,3705.0,40FT_HC,109.65,Normal,Carrier_E,11.0,73828.0
SHP04878P,Pune,Jebel Ali,Air,Machinery,4878.0,4.68,8767.0,20FT,76.64,Off_Peak,Carrier_B,19.0,151290.0
SHP04879K,Kolkata,New York,Sea,General Merchandise,4879.0,18.53,5235.0,AIR_CARGO,94.85,Normal,Carrier_C,11.0,53914.0
SHP04880H,Hyderabad,Singapore,Air,General Merchandise,4880.0,6.89,7058.0,40FT_HC,98.56,Normal,Carrier_E,16.0,209939.0
SHP04881C,Chennai,Singapore,Sea,Automotive Parts,4881.0,17.4,1444.0,LCL,82.64,Normal,Carrier_E,9.0,35421.0
SHP04882B,Bengaluru,New York,Sea,Automotive Parts,4882.0,5.73,1917.0,20FT,85.1,Normal,Carrier_B,6.0,32105.0
SHP04883K,Kolkata,Los Angeles,Sea,Machinery,4883.0,4.17,630.0,20FT,106.42,Off_Peak,Carrier_A,6.0,84417.0
SHP04884P,Pune,Jebel Ali,Sea,Electronics,4884.0,3.97,8243.0,40FT,97.7,Off_Peak,Carrier_C,19.0,68763.0
SHP04885P,Pune,London,Sea,Chemicals,4885.0,7.63,3541.0,LCL,87.63,Normal,Carrier_B,8.0,44945.0
SHP04886P,Pune,Shanghai,Road,Automotive Parts,4886.0,0.5,11620.0,20FT,105.59,Normal,Carrier_C,24.0,142654.0
SHP04887B,Bengaluru,New York,Sea,Textiles,4887.0,10.87,4047.0,40FT,104.87,Off_Peak,Carrier_C,10.0,56714.0
SHP04888K,Kolkata,Rotterdam,Sea,Electronics,4888.0,5.93,4682.0,40FT,88.82,Normal,Carrier_A,9.0,164757.0
SHP04889P,Pune,New York,Sea,Chemicals,4889.0,10.3,5899.0,LCL,94.55,Normal,Carrier_A,8.0,54034.0
SHP04890B,Bengaluru,Colombo,Air,Furniture,4890.0,7.91,4170.0,20FT,101.58,Normal,Carrier_D,8.0,188194.0
SHP04891A,Mumbai,Shanghai,Sea,Textiles,4891.0,0.5,9901.0,20FT,88.73,Normal,Carrier_B,16.0,74099.0
SHP04892P,Pune,Dubai,Sea,Pharmaceuticals,4892.0,9.1,10576.0,AIR_CARGO,100.16,Normal,Carrier_B,20.0,97335.0
SHP04893K,Kolkata,Shanghai,Sea,General Merchandise,4893.0,0.5,627.0,20FT,85.04,Normal,Carrier_C,1.0,29879.0
SHP04894B,Bengaluru,Rotterdam,Sea,Electronics,4894.0,31.31,8029.0,40FT,86.68,Normal,Carrier_D,18.0,84111.0
SHP04895H,Hyderabad,Colombo,Sea,Pharmaceuticals,4895.0,14.14,8390.0,40FT_HC,87.43,Peak,Carrier_D,15.0,93545.0
SHP04896M,Mumbai,Dubai,Sea,Machinery,4896.0,6.45,11556.0,LCL,112.44,Peak,Carrier_C,24.0,127315.0
SHP04897B,Bengaluru,Hamburg,Sea,General Merchandise,4897.0,4.11,4760.0,40FT_HC,108.35,Peak,Carrier_A,12.0,87544.0
SHP04898M,Mumbai,Rotterdam,Sea,General Merchandise,4898.0,4.25,2746.0,20FT,97.61,Peak,Carrier_D,8.0,59956.0
SHP04899M,Mumbai,Singapore,Sea,Textiles,4899.0,12.71,6487.0,40FT,97.55,Normal,Carrier_B,10.0,76686.0
SHP04900C,Chennai,Los Angeles,Sea,Pharmaceuticals,4900.0,3.74,5647.0,40FT_HC,77.25,Normal,Carrier_A,15.0,61357.0
SHP04901A,Mumbai,Shanghai,Sea,General Merchandise,4901.0,6.27,9605.0,LCL,100.98,Peak,Carrier_E,20.0,101296.0
SHP04902H,Hyderabad,Hamburg,Sea,Automotive Parts,4902.0,0.5,10896.0,AIR_CARGO,88.12,Normal,Carrier_D,23.0,79385.0
SHP04903M,Mumbai,Colombo,Sea,Electronics,4903.0,2.8,1497.0,40FT_HC,99.49,Normal,Carrier_C,8.0,48329.0
SHP04904D,Delhi,Hamburg,Sea,Automotive Parts,4904.0,11.24,10236.0,AIR_CARGO,108.61,Peak,Carrier_B,22.0,125653.0
SHP04905A,Mumbai,London,Road,Textiles,4905.0,0.5,10953.0,20FT,76.82,Normal,Carrier_D,20.0,90023.0
SHP04906M,Mumbai,Jebel Ali,Sea,Chemicals,4906.0,8.34,11128.0,20FT,99.28,Normal,Carrier_C,24.0,91834.0
SHP04907B,Bengaluru,Shanghai,Road,Furniture,4907.0,0.5,9290.0,LCL,97.57,Peak,Carrier_B,16.0,127151.0
SHP04908M,Mumbai,Jebel Ali,Sea,Textiles,4908.0,12.86,9034.0,AIR_CARGO,83.27,Peak,Carrier_D,18.0,88720.0
SHP04909B,Bengaluru,Singapore,Air,Electronics,4909.0,17.75,671.0,AIR_CARGO,100.86,Off_Peak,Carrier_B,2.0,144837.0
SHP04910P,Pune,Hamburg,Sea,General Merchandise,4910.0,37.37,11082.0,LCL,97.19,Normal,Carrier_E,22.0,113513.0
SHP04911B,Bengaluru,Colombo,Road,Pharmaceuticals,4911.0,9.48,4542.0,40FT_HC,105.69,Normal,Carrier_B,7.0,94980.0
SHP04912D,Delhi,Singapore,Sea,Pharmaceuticals,4912.0,9.26,973.0,LCL,79.42,Normal,Carrier_C,1.0,28434.0
SHP04913M,Mumbai,Jebel Ali,Sea,Machinery,4913.0,0.5,5249.0,20FT,92.74,Normal,Carrier_D,11.0,61828.0
SHP04914M,Mumbai,Hamburg,Sea,Textiles,4914.0,1.48,8928.0,AIR_CARGO,114.92,Normal,Carrier_C,18.0,93436.0
SHP04915K,Kolkata,Singapore,Sea,Electronics,4915.0,7.58,5582.0,40FT,102.57,Normal,Carrier_E,11.0,74236.0
SHP04916A,Mumbai,Rotterdam,Sea,Machinery,4916.0,7.16,9217.0,40FT,102.37,Normal,Carrier_A,22.0,127920.0
SHP04917K,Kolkata,New York,Sea,General Merchandise,4917.0,5.73,6358.0,20FT,87.71,Normal,Carrier_B,14.0,60758.0
SHP04918C,Chennai,Los Angeles,Sea,Chemicals,4918.0,8.77,3943.0,AIR_CARGO,78.76,Peak,Carrier_C,10.0,46499.0
SHP04919B,Bengaluru,Dubai,Air,Textiles,4919.0,16.0,2833.0,AIR_CARGO,112.98,Off_Peak,Carrier_D,6.0,171342.0
SHP04920D,Delhi,Rotterdam,Sea,Chemicals,4920.0,9.35,5343.0,LCL,79.22,Normal,Carrier_D,9.0,46528.0
SHP04921K,Kolkata,Singapore,Road,Electronics,4921.0,13.48,912.0,40FT_HC,114.71,Normal,Carrier_A,4.0,48438.0
SHP04922M,Mumbai,Colombo,Air,Chemicals,4922.0,6.23,5359.0,LCL,80.03,Off_Peak,Carrier_D,15.0,162865.0
SHP04923C,Chennai,London,Sea,Chemicals,4923.0,2.33,1289.0,40FT,81.84,Peak,Carrier_E,5.0,38031.0
SHP04924D,Delhi,New York,Road,Electronics,4924.0,9.58,10586.0,AIR_CARGO,87.33,Peak,Carrier_A,23.0,135279.0
SHP04925H,Hyderabad,Dubai,Sea,Electronics,4925.0,2.84,7118.0,40FT_HC,95.5,Normal,Carrier_E,17.0,70680.0
SHP04926M,Mumbai,Rotterdam,Sea,Textiles,4926.0,16.76,7929.0,LCL,106.62,Normal,Carrier_B,18.0,82953.0
SHP04927M,Mumbai,London,Sea,Chemicals,4927.0,4.35,3822.0,40FT_HC,113.84,Normal,Carrier_E,9.0,73632.0
SHP04928P,Pune,London,Sea,Machinery,4928.0,6.96,3097.0,40FT,89.35,Peak,Carrier_B,6.0,54586.0
SHP04929H,Hyderabad,London,Air,Furniture,4929.0,0.5,8641.0,40FT_HC,75.82,Normal,Carrier_E,17.0,176995.0
SHP04930B,Bengaluru,New York,Road,Electronics,4930.0,8.21,8223.0,AIR_CARGO,99.67,Normal,Carrier_A,16.0,114796.0
SHP04931B,Bengaluru,Hamburg,Sea,General Merchandise,4931.0,14.12,1911.0,40FT_HC,103.43,Normal,Carrier_B,6.0,56823.0
SHP04932K,Kolkata,Rotterdam,Sea,Chemicals,4932.0,11.21,3244.0,40FT_HC,90.9,Normal,Carrier_E,5.0,52475.0
SHP04933K,Kolkata,Hamburg,Road,Electronics,4933.0,12.16,11386.0,LCL,82.34,Normal,Carrier_E,22.0,108070.0
SHP04934M,Mumbai,Shanghai,Sea,Machinery,4934.0,0.5,3998.0,40FT_HC,87.24,Normal,Carrier_D,10.0,60487.0
SHP04935A,Mumbai,New York,Sea,Pharmaceuticals,4935.0,3.77,797.0,40FT_HC,101.23,Off_Peak,Carrier_E,2.0,38392.0
SHP04936M,Mumbai,London,Sea,Textiles,4936.0,0.5,1233.0,40FT,94.77,Normal,Carrier_D,2.0,40356.0
SHP04937K,Kolkata,London,Road,Chemicals,4937.0,0.5,9418.0,40FT_HC,104.74,Normal,Carrier_E,18.0,123593.0
SHP04938H,Hyderabad,New York,Sea,Pharmaceuticals,4938.0,7.19,9207.0,LCL,83.73,Normal,Carrier_C,18.0,66872.0
SHP04939K,Kolkata,Shanghai,Air,Electronics,4939.0,0.5,4891.0,LCL,108.68,Normal,Carrier_D,6.0,190988.0
SHP04940M,Mumbai,Los Angeles,Sea,Electronics,4940.0,1.98,2262.0,AIR_CARGO,81.24,Off_Peak,Carrier_A,5.0,86235.0
SHP04941D,Delhi,Colombo,Sea,General Merchandise,4941.0,13.4,6228.0,40FT,88.2,Off_Peak,Carrier_A,15.0,63069.0
SHP04942M,Mumbai,Los Angeles,Sea,General Merchandise,4942.0,9.23,4317.0,20FT,98.65,Off_Peak,Carrier_B,10.0,55663.0
SHP04943D,Delhi,Hamburg,Air,Chemicals,4943.0,2.68,4801.0,AIR_CARGO,104.47,Normal,Carrier_A,12.0,207858.0
SHP04944D,Delhi,New York,Sea,Pharmaceuticals,4944.0,2.01,3501.0,40FT_HC,85.65,Peak,Carrier_B,5.0,52610.0
SHP04945M,Mumbai,Colombo,Air,Furniture,4945.0,4.0,1223.0,40FT,112.92,Normal,Carrier_A,3.0,135586.0
SHP04946A,Mumbai,Los Angeles,Sea,Pharmaceuticals,4946.0,5.71,9598.0,AIR_CARGO,103.24,Normal,Carrier_D,19.0,137695.0
SHP04947A,Mumbai,Hamburg,Sea,Electronics,4947.0,0.5,7610.0,LCL,83.71,Off_Peak,Carrier_C,17.0,46588.0
SHP04948C,Chennai,Singapore,Air,Furniture,4948.0,4.23,10098.0,40FT,104.03,Off_Peak,Carrier_B,23.0,310807.0
SHP04949K,Kolkata,Jebel Ali,Air,Chemicals,4949.0,10.81,6287.0,40FT,102.85,Normal,Carrier_C,15.0,235419.0
SHP04950A,Mumbai,Colombo,Air,Electronics,4950.0,2.19,11827.0,40FT_HC,105.11,Normal,Carrier_E,22.0,368723.0
SHP04951B,Bengaluru,Dubai,Sea,General Merchandise,4951.0,0.5,11569.0,40FT,111.64,Peak,Carrier_E,22.0,130124.0
SHP04952M,Mumbai,Colombo,Sea,Machinery,4952.0,16.11,3626.0,40FT,103.47,Normal,Carrier_C,11.0,67523.0
SHP04953D,Delhi,Hamburg,Sea,Automotive Parts,4953.0,7.62,4950.0,20FT,89.08,Normal,Carrier_D,10.0,61833.0
SHP04954M,Mumbai,London,Air,Furniture,4954.0,0.5,9156.0,40FT_HC,106.62,Off_Peak,Carrier_C,16.0,267405.0
SHP04955K,Kolkata,Hamburg,Sea,Automotive Parts,4955.0,11.97,9431.0,40FT,102.83,Off_Peak,Carrier_C,19.0,86454.0
SHP04956H,Hyderabad,Rotterdam,Sea,Electronics,4956.0,8.2,10973.0,40FT,97.97,Normal,Carrier_C,25.0,302346.0
SHP04957A,Mumbai,London,Sea,Pharmaceuticals,4957.0,7.23,8005.0,20FT,89.15,Peak,Carrier_B,15.0,78964.0
SHP04958A,Mumbai,Hamburg,Sea,General Merchandise,4958.0,5.88,5964.0,20FT,111.84,Normal,Carrier_B,12.0,69078.0
SHP04959A,Mumbai,Los Angeles,Sea,Textiles,4959.0,9.61,4843.0,LCL,95.51,Normal,Carrier_C,9.0,51384.0
SHP04960D,Delhi,Jebel Ali,Air,Textiles,4960.0,1.54,5321.0,40FT_HC,100.12,Peak,Carrier_D,14.0,246546.0
SHP04961B,Bengaluru,Hamburg,Sea,Automotive Parts,4961.0,15.06,10280.0,20FT,91.61,Normal,Carrier_E,21.0,84674.0
SHP04962P,Pune,Los Angeles,Sea,Machinery,4962.0,19.37,11770.0,40FT,106.23,Off_Peak,Carrier_E,25.0,105675.0
SHP04963B,Bengaluru,Dubai,Sea,Automotive Parts,4963.0,7.59,1097.0,20FT,88.64,Peak,Carrier_E,7.0,39550.0
SHP04964A,Mumbai,Rotterdam,Sea,Electronics,4964.0,0.5,7173.0,AIR_CARGO,107.43,Peak,Carrier_A,12.0,293977.0
SHP04965B,Bengaluru,Singapore,Sea,Machinery,4965.0,0.5,6481.0,LCL,79.32,Normal,Carrier_D,12.0,51362.0
SHP04966H,Hyderabad,Rotterdam,Sea,Textiles,4966.0,0.5,4826.0,LCL,103.36,Off_Peak,Carrier_B,10.0,56251.0
SHP04967A,Mumbai,London,Road,Pharmaceuticals,4967.0,11.42,10293.0,40FT_HC,94.08,Normal,Carrier_E,21.0,134023.0
SHP04968C,Chennai,Jebel Ali,Air,General Merchandise,4968.0,15.27,7121.0,LCL,102.95,Off_Peak,Carrier_B,16.0,246914.0
SHP04969D,Delhi,Rotterdam,Sea,Furniture,4969.0,7.37,4101.0,40FT_HC,96.26,Normal,Carrier_B,8.0,74000.0
SHP04970H,Hyderabad,Colombo,Sea,General Merchandise,4970.0,11.19,5607.0,AIR_CARGO,80.37,Normal,Carrier_B,11.0,48515.0
SHP04971P,Pune,Singapore,Sea,Electronics,4971.0,14.76,4603.0,40FT,94.08,Off_Peak,Carrier_B,12.0,55339.0
SHP04972D,Delhi,London,Road,Automotive Parts,4972.0,11.75,5446.0,AIR_CARGO,113.58,Normal,Carrier_C,13.0,96952.0
SHP04973P,Pune,Colombo,Sea,Electronics,4973.0,2.9,1320.0,40FT_HC,105.19,Normal,Carrier_B,5.0,56722.0
SHP04974A,Mumbai,London,Air,Furniture,4974.0,30.95,1787.0,40FT_HC,87.01,Normal,Carrier_A,1.0,199599.0
SHP04975H,Hyderabad,Colombo,Sea,General Merchandise,4975.0,1.97,7672.0,40FT_HC,112.76,Normal,Carrier_B,18.0,101829.0
SHP04976A,Mumbai,Shanghai,Sea,Furniture,4976.0,14.17,8367.0,40FT,106.16,Off_Peak,Carrier_E,18.0,83252.0
SHP04977P,Pune,Jebel Ali,Sea,Textiles,4977.0,2.03,7821.0,40FT_HC,89.58,Normal,Carrier_B,16.0,74767.0
SHP04978P,Pune,Los Angeles,Sea,General Merchandise,4978.0,15.88,9275.0,AIR_CARGO,99.14,Normal,Carrier_E,17.0,93216.0
SHP04979H,Hyderabad,Rotterdam,Sea,Machinery,4979.0,0.5,11351.0,40FT,92.07,Off_Peak,Carrier_B,21.0,82244.0
SHP04980A,Mumbai,Dubai,Sea,Pharmaceuticals,4980.0,11.27,10397.0,AIR_CARGO,78.87,Peak,Carrier_D,19.0,82607.0
SHP04981C,Chennai,Colombo,Road,Furniture,4981.0,6.4,5313.0,40FT,107.24,Normal,Carrier_C,8.0,82804.0
SHP04982D,Delhi,Shanghai,Sea,Pharmaceuticals,4982.0,0.5,3002.0,40FT_HC,82.64,Normal,Carrier_E,6.0,37152.0
SHP04983H,Hyderabad,Jebel Ali,Air,Chemicals,4983.0,19.93,4086.0,40FT,93.32,Normal,Carrier_A,6.0,207240.0
SHP04984C,Chennai,Dubai,Air,General Merchandise,4984.0,0.58,7259.0,20FT,103.11,Normal,Carrier_B,15.0,249578.0
SHP04985M,Mumbai,Rotterdam,Sea,General Merchandise,4985.0,8.01,10346.0,AIR_CARGO,112.29,Normal,Carrier_E,19.0,106865.0
SHP04986A,Mumbai,Shanghai,Sea,Pharmaceuticals,4986.0,4.67,8570.0,20FT,77.51,Normal,Carrier_C,19.0,56203.0
SHP04987K,Kolkata,Dubai,Air,Chemicals,4987.0,14.5,6745.0,20FT,90.73,Off_Peak,Carrier_B,11.0,260283.0
SHP04988H,Hyderabad,Singapore,Sea,Machinery,4988.0,9.9,7422.0,40FT_HC,99.59,Normal,Carrier_C,18.0,86781.0
SHP04989B,Bengaluru,New York,Air,Automotive Parts,4989.0,20.78,6575.0,40FT_HC,106.17,Normal,Carrier_A,16.0,245326.0
SHP04990C,Chennai,London,Air,Furniture,4990.0,19.65,11674.0,20FT,111.84,Normal,Carrier_E,21.0,441311.0
SHP04991C,Chennai,London,Road,Furniture,4991.0,2.12,9885.0,40FT,75.02,Normal,Carrier_A,20.0,85004.0
SHP04992H,Hyderabad,Hamburg,Sea,General Merchandise,4992.0,10.06,9485.0,40FT_HC,100.11,Normal,Carrier_C,18.0,85641.0
SHP04993P,Pune,Singapore,Sea,Pharmaceuticals,4993.0,9.31,6449.0,AIR_CARGO,75.28,Normal,Carrier_D,15.0,42315.0
SHP04994C,Chennai,New York,Sea,Electronics,4994.0,2.73,4316.0,20FT,106.49,Peak,Carrier_D,13.0,82109.0
SHP04995M,Mumbai,Hamburg,Sea,General Merchandise,4995.0,5.2,724.0,AIR_CARGO,80.99,Normal,Carrier_E,6.0,24153.0
SHP04996C,Chennai,Dubai,Road,Electronics,4996.0,7.99,999.0,AIR_CARGO,110.78,Off_Peak,Carrier_B,2.0,36281.0
SHP04997K,Kolkata,Hamburg,Sea,Machinery,4997.0,8.15,848.0,AIR_CARGO,81.2,Normal,Carrier_A,4.0,30911.0
SHP04998K,Kolkata,Colombo,Sea,General Merchandise,4998.0,12.22,11775.0,20FT,105.57,Normal,Carrier_D,26.0,112337.0
SHP04999P,Pune,Singapore,Air,Furniture,4999.0,2.91,1817.0,LCL,86.57,Normal,Carrier_D,6.0,86252.0
SHP05000A,Mumbai,Shanghai,Sea,Pharmaceuticals,2134.0,7.59,1329.0,40FT_HC,97.29,Normal,Carrier_B,8.0,48903.0
